2025-06-28 09:28:34,424 [INFO] Activator:176 - 


2025-06-28 09:28:34,424 [INFO] Activator:177 - !SESSION log4j initialized
2025-06-28 09:28:39,821 [INFO] LogOutputStream:77 - [STDOUT_REDIRECT] 
2025-06-28 09:28:40,962 [INFO] ApplicationProperties:184 - Using Application install path: C:\Softwares\ST\STM32CubeIDE_1.18.0\STM32CubeIDE\plugins\com.st.stm32cube.common.mx_6.14.0.202502271554
2025-06-28 09:28:40,980 [INFO] DbMcusXml:78 - Set database path to: C:\Softwares\ST\STM32CubeIDE_1.18.0\STM32CubeIDE\plugins\com.st.stm32cube.common.mx_6.14.0.202502271554\\db\/mcu/
2025-06-28 09:28:40,980 [INFO] ApiDb:274 - Set plugin database path to: C:\Softwares\ST\STM32CubeIDE_1.18.0\STM32CubeIDE\plugins\com.st.stm32cube.common.mx_6.14.0.202502271554\\db\/plugins/boardmanager/
2025-06-28 09:28:40,981 [WARN] ApiDb:259 - Overriding images path with different value:  => C:\Softwares\ST\STM32CubeIDE_1.18.0\STM32CubeIDE\plugins\com.st.stm32cube.common.mx_6.14.0.202502271554\\db\/plugins/mcufinder/images/
2025-06-28 09:28:40,987 [INFO] ApiDb:250 - Set database path to: C:\Users\aravi\.stmcufinder\plugins\mcufinder//mcu/
2025-06-28 09:28:40,988 [INFO] DbMcusAds:125 - Set database path to: C:\Users\aravi\.stmcufinder\plugins\mcufinder//mcu/
2025-06-28 09:28:40,990 [INFO] CrossReferenceDbSqlite:203 - Set database path to: C:\Users\aravi\.stmcufinder\plugins\mcufinder//mcu/cs/
2025-06-28 09:28:41,105 [INFO] RulesReader:64 - Compatibility file has been processed (301 Rules)
2025-06-28 09:28:41,177 [INFO] DbMcusXml:78 - Set database path to: C:\Softwares\ST\STM32CubeIDE_1.18.0\STM32CubeIDE\plugins\com.st.stm32cube.common.mx_6.14.0.202502271554\\db\/mcu/
2025-06-28 09:28:41,177 [INFO] ApiDb:274 - Set plugin database path to: C:\Softwares\ST\STM32CubeIDE_1.18.0\STM32CubeIDE\plugins\com.st.stm32cube.common.mx_6.14.0.202502271554\\db\/plugins/boardmanager/
2025-06-28 09:28:41,177 [INFO] ApiDb:261 - Set plugin images path to: C:\Softwares\ST\STM32CubeIDE_1.18.0\STM32CubeIDE\plugins\com.st.stm32cube.common.mx_6.14.0.202502271554\\db\/plugins/mcufinder/images/
2025-06-28 09:28:41,177 [WARN] DbFile:41 - Overriding database path with different value: C:\Users\aravi\.stmcufinder\plugins\mcufinder/ => C:\Users\aravi\.stmcufinder\plugins\mcufinder
2025-06-28 09:28:41,177 [INFO] ApiDb:250 - Set database path to: C:\Users\aravi\.stmcufinder\plugins\mcufinder//mcu/
2025-06-28 09:28:41,177 [WARN] DbFile:41 - Overriding database path with different value: C:\Users\aravi\.stmcufinder\plugins\mcufinder/ => C:\Users\aravi\.stmcufinder\plugins\mcufinder
2025-06-28 09:28:41,178 [INFO] DbMcusAds:125 - Set database path to: C:\Users\aravi\.stmcufinder\plugins\mcufinder//mcu/
2025-06-28 09:28:41,178 [WARN] DbFile:41 - Overriding database path with different value: C:\Users\aravi\.stmcufinder\plugins\mcufinder/ => C:\Users\aravi\.stmcufinder\plugins\mcufinder
2025-06-28 09:28:41,178 [WARN] DbFile:41 - Overriding database path with different value: C:\Users\aravi\.stmcufinder\plugins\mcufinder/ => C:\Users\aravi\.stmcufinder\plugins\mcufinder
2025-06-28 09:28:41,178 [INFO] CrossReferenceDbSqlite:203 - Set database path to: C:\Users\aravi\.stmcufinder\plugins\mcufinder//mcu/cs/
2025-06-28 09:28:41,253 [INFO] MainPanel:272 - HeapMemory: 268435456
2025-06-28 09:28:41,361 [INFO] DbMcusXml:78 - Set database path to: C:\Softwares\ST\STM32CubeIDE_1.18.0\STM32CubeIDE\plugins\com.st.stm32cube.common.mx_6.14.0.202502271554\\db\/mcu/
2025-06-28 09:28:41,361 [INFO] ApiDb:274 - Set plugin database path to: C:\Softwares\ST\STM32CubeIDE_1.18.0\STM32CubeIDE\plugins\com.st.stm32cube.common.mx_6.14.0.202502271554\\db\/plugins/boardmanager/
2025-06-28 09:28:41,361 [INFO] ApiDb:261 - Set plugin images path to: C:\Softwares\ST\STM32CubeIDE_1.18.0\STM32CubeIDE\plugins\com.st.stm32cube.common.mx_6.14.0.202502271554\\db\/plugins/mcufinder/images/
2025-06-28 09:28:41,362 [WARN] DbFile:41 - Overriding database path with different value: C:\Users\aravi\.stmcufinder\plugins\mcufinder/ => C:\Users\aravi\.stmcufinder\plugins\mcufinder
2025-06-28 09:28:41,362 [INFO] ApiDb:250 - Set database path to: C:\Users\aravi\.stmcufinder\plugins\mcufinder//mcu/
2025-06-28 09:28:41,362 [WARN] DbFile:41 - Overriding database path with different value: C:\Users\aravi\.stmcufinder\plugins\mcufinder/ => C:\Users\aravi\.stmcufinder\plugins\mcufinder
2025-06-28 09:28:41,362 [INFO] DbMcusAds:125 - Set database path to: C:\Users\aravi\.stmcufinder\plugins\mcufinder//mcu/
2025-06-28 09:28:41,362 [WARN] DbFile:41 - Overriding database path with different value: C:\Users\aravi\.stmcufinder\plugins\mcufinder/ => C:\Users\aravi\.stmcufinder\plugins\mcufinder
2025-06-28 09:28:41,362 [WARN] DbFile:41 - Overriding database path with different value: C:\Users\aravi\.stmcufinder\plugins\mcufinder/ => C:\Users\aravi\.stmcufinder\plugins\mcufinder
2025-06-28 09:28:41,362 [INFO] CrossReferenceDbSqlite:203 - Set database path to: C:\Users\aravi\.stmcufinder\plugins\mcufinder//mcu/cs/
2025-06-28 09:28:41,379 [INFO] ApplicationProperties:184 - Using Application install path: C:\Softwares\ST\STM32CubeIDE_1.18.0\STM32CubeIDE\plugins\com.st.stm32cube.common.mx_6.14.0.202502271554
2025-06-28 09:28:41,381 [INFO] PluginManage:196 - Search for loadable plugins [exclusion list=, ]
2025-06-28 09:28:41,383 [INFO] PluginManage:310 - Check plugin analytics
2025-06-28 09:28:41,590 [INFO] AnalyticsPlugin:253 - Accepted Software Licenses: 
2025-06-28 09:28:41,590 [INFO] AnalyticsPlugin:255 - Accepted CMSIS Pack Licenses: 
2025-06-28 09:28:41,590 [INFO] AnalyticsPlugin:257 - Accepted Firmware Licenses: 
2025-06-28 09:28:41,593 [INFO] PluginManage:359 - Loaded plugin analytics (category:tool,tabindex:-1)
2025-06-28 09:28:41,593 [INFO] PluginManage:310 - Check plugin cadmodel
2025-06-28 09:28:41,599 [INFO] CADModel:105 - Init CAD model plugin
2025-06-28 09:28:41,599 [INFO] PluginManage:359 - Loaded plugin cadmodel (category:power,tabindex:5)
2025-06-28 09:28:41,599 [INFO] PluginManage:310 - Check plugin clock
2025-06-28 09:28:41,612 [INFO] PluginManage:359 - Loaded plugin clock (category:base,tabindex:2)
2025-06-28 09:28:41,612 [INFO] PluginManage:310 - Check plugin ddr
2025-06-28 09:28:41,615 [INFO] PluginManage:359 - Loaded plugin ddr (category:tool,tabindex:6)
2025-06-28 09:28:41,615 [INFO] PluginManage:310 - Check plugin filemanager
2025-06-28 09:28:41,765 [INFO] PluginManage:359 - Loaded plugin filemanager (category:base,tabindex:10)
2025-06-28 09:28:41,766 [INFO] PluginManage:310 - Check plugin ipmanager
2025-06-28 09:28:41,773 [INFO] PluginManage:359 - Loaded plugin ipmanager (category:base,tabindex:5)
2025-06-28 09:28:41,773 [INFO] PluginManage:310 - Check plugin lpbam
2025-06-28 09:28:41,782 [INFO] PluginManage:359 - Loaded plugin lpbam (category:base,tabindex:0)
2025-06-28 09:28:41,783 [INFO] PluginManage:310 - Check plugin memorymap
2025-06-28 09:28:41,797 [INFO] PluginManage:359 - Loaded plugin memorymap (category:base,tabindex:4)
2025-06-28 09:28:41,798 [INFO] PluginManage:310 - Check plugin pinoutandconfiguration
2025-06-28 09:28:41,807 [INFO] PluginManage:359 - Loaded plugin pinoutandconfiguration (category:base,tabindex:1)
2025-06-28 09:28:41,807 [INFO] PluginManage:310 - Check plugin pinoutconfig
2025-06-28 09:28:41,912 [WARN] SupportedApi:132 - Cannot load RTOS API schema: s4s-elt-must-match.1: The content of 'definitions' must match (annotation?, (simpleType | complexType)?, (unique | key | keyref)*)). A problem was found starting at: attribute.
2025-06-28 09:28:42,068 [INFO] PluginManage:359 - Loaded plugin pinoutconfig (category:base,tabindex:0)
2025-06-28 09:28:42,069 [INFO] PluginManage:310 - Check plugin power
2025-06-28 09:28:42,081 [INFO] PluginManage:359 - Loaded plugin power (category:power,tabindex:4)
2025-06-28 09:28:42,081 [INFO] PluginManage:310 - Check plugin projectmanager
2025-06-28 09:28:42,099 [INFO] PluginManage:359 - Loaded plugin projectmanager (category:projectmanager,tabindex:4)
2025-06-28 09:28:42,100 [INFO] PluginManage:310 - Check plugin rif
2025-06-28 09:28:42,112 [INFO] PluginManage:359 - Loaded plugin rif (category:base,tabindex:3)
2025-06-28 09:28:42,112 [INFO] PluginManage:310 - Check plugin thirdparty
2025-06-28 09:28:42,259 [INFO] PluginManage:359 - Loaded plugin thirdparty (category:base,tabindex:-1)
2025-06-28 09:28:42,259 [INFO] PluginManage:310 - Check plugin tools
2025-06-28 09:28:42,259 [WARN] IntegrityCheckThread:84 - waiting for thirdparty lock release [integrity check]
2025-06-28 09:28:42,259 [INFO] IntegrityCheckThread:86 - entering critical section [integrity check]
2025-06-28 09:28:42,260 [INFO] ThirdPartyUpdaterWithRetryManager:70 - Updater plugin not ready yet. [1/15]
2025-06-28 09:28:42,262 [INFO] PluginManage:359 - Loaded plugin tools (category:base,tabindex:7)
2025-06-28 09:28:42,262 [INFO] PluginManage:310 - Check plugin tutovideos
2025-06-28 09:28:42,446 [INFO] PluginManage:359 - Loaded plugin tutovideos (category:base,tabindex:-1)
2025-06-28 09:28:42,446 [INFO] PluginManage:310 - Check plugin updater
2025-06-28 09:28:42,466 [INFO] PluginManage:359 - Loaded plugin updater (category:base,tabindex:12)
2025-06-28 09:28:42,466 [INFO] PluginManage:310 - Check plugin userauth
2025-06-28 09:28:42,470 [INFO] UserAuth:118 - Init User Auth plugin
2025-06-28 09:28:42,471 [INFO] PluginManage:359 - Loaded plugin userauth (category:base,tabindex:14)
2025-06-28 09:28:42,472 [INFO] PluginManage:283 - PluginManage : Loaded plugins [18]
2025-06-28 09:28:42,674 [INFO] PinOutPanel:1589 - setPackage(No Configuration,No Configuration)
2025-06-28 09:28:42,756 [INFO] CADModel:165 - CPN selected for project level
2025-06-28 09:28:42,756 [INFO] CADModel:114 - Register for checkConnection events
2025-06-28 09:28:42,779 [INFO] IPUIPlugin:80 - create IPUIPlugin
2025-06-28 09:28:42,779 [INFO] PluginManager:220 - loadIPPluginJar : add adc
2025-06-28 09:28:42,782 [INFO] IPUIPlugin:80 - create IPUIPlugin
2025-06-28 09:28:42,782 [INFO] PluginManager:220 - loadIPPluginJar : add aes
2025-06-28 09:28:42,784 [INFO] IPUIPlugin:80 - create IPUIPlugin
2025-06-28 09:28:42,785 [INFO] PluginManager:220 - loadIPPluginJar : add can
2025-06-28 09:28:42,786 [INFO] IPUIPlugin:80 - create IPUIPlugin
2025-06-28 09:28:42,786 [INFO] PluginManager:220 - loadIPPluginJar : add comp
2025-06-28 09:28:42,790 [INFO] IPUIPlugin:80 - create IPUIPlugin
2025-06-28 09:28:42,790 [INFO] PluginManager:220 - loadIPPluginJar : add cryp
2025-06-28 09:28:42,794 [INFO] IPUIPlugin:80 - create IPUIPlugin
2025-06-28 09:28:42,794 [INFO] PluginManager:220 - loadIPPluginJar : add ddr_ctrl_phy
2025-06-28 09:28:42,796 [INFO] IPUIPlugin:80 - create IPUIPlugin
2025-06-28 09:28:42,796 [INFO] PluginManager:220 - loadIPPluginJar : add dfsdm
2025-06-28 09:28:42,804 [INFO] IPUIPlugin:80 - create IPUIPlugin
2025-06-28 09:28:42,804 [INFO] PluginManager:220 - loadIPPluginJar : add dma
2025-06-28 09:28:42,809 [INFO] IPUIPlugin:80 - create IPUIPlugin
2025-06-28 09:28:42,809 [INFO] PluginManager:220 - loadIPPluginJar : add dma3
2025-06-28 09:28:42,812 [INFO] IPUIPlugin:80 - create IPUIPlugin
2025-06-28 09:28:42,812 [INFO] PluginManager:220 - loadIPPluginJar : add extmemmanager
2025-06-28 09:28:42,814 [INFO] IPUIPlugin:80 - create IPUIPlugin
2025-06-28 09:28:42,814 [INFO] PluginManager:220 - loadIPPluginJar : add fatfs
2025-06-28 09:28:42,819 [INFO] IPUIPlugin:80 - create IPUIPlugin
2025-06-28 09:28:42,819 [INFO] PluginManager:220 - loadIPPluginJar : add fmc
2025-06-28 09:28:42,825 [INFO] IPUIPlugin:80 - create IPUIPlugin
2025-06-28 09:28:42,825 [INFO] PluginManager:220 - loadIPPluginJar : add freertos
2025-06-28 09:28:42,827 [INFO] IPUIPlugin:80 - create IPUIPlugin
2025-06-28 09:28:42,827 [INFO] PluginManager:220 - loadIPPluginJar : add genericplugin
2025-06-28 09:28:42,830 [INFO] IPUIPlugin:80 - create IPUIPlugin
2025-06-28 09:28:42,830 [INFO] PluginManager:220 - loadIPPluginJar : add gfxmmu
2025-06-28 09:28:42,836 [INFO] IPUIPlugin:80 - create IPUIPlugin
2025-06-28 09:28:42,836 [INFO] PluginManager:220 - loadIPPluginJar : add gic
2025-06-28 09:28:42,841 [INFO] IPUIPlugin:80 - create IPUIPlugin
2025-06-28 09:28:42,841 [INFO] PluginManager:220 - loadIPPluginJar : add gpio
2025-06-28 09:28:42,844 [INFO] IPUIPlugin:80 - create IPUIPlugin
2025-06-28 09:28:42,844 [INFO] PluginManager:220 - loadIPPluginJar : add gtzc
2025-06-28 09:28:42,847 [INFO] IPUIPlugin:80 - create IPUIPlugin
2025-06-28 09:28:42,847 [INFO] PluginManager:220 - loadIPPluginJar : add hash
2025-06-28 09:28:42,850 [INFO] IPUIPlugin:80 - create IPUIPlugin
2025-06-28 09:28:42,850 [INFO] PluginManager:220 - loadIPPluginJar : add i2c
2025-06-28 09:28:42,853 [INFO] IPUIPlugin:80 - create IPUIPlugin
2025-06-28 09:28:42,853 [INFO] PluginManager:220 - loadIPPluginJar : add i2s
2025-06-28 09:28:42,856 [INFO] IPUIPlugin:80 - create IPUIPlugin
2025-06-28 09:28:42,857 [INFO] PluginManager:220 - loadIPPluginJar : add i3c
2025-06-28 09:28:42,860 [INFO] IPUIPlugin:80 - create IPUIPlugin
2025-06-28 09:28:42,860 [INFO] PluginManager:220 - loadIPPluginJar : add ipddr
2025-06-28 09:28:42,869 [INFO] IPUIPlugin:80 - create IPUIPlugin
2025-06-28 09:28:42,869 [INFO] PluginManager:220 - loadIPPluginJar : add linkedlist
2025-06-28 09:28:42,873 [INFO] IPUIPlugin:80 - create IPUIPlugin
2025-06-28 09:28:42,873 [INFO] PluginManager:220 - loadIPPluginJar : add lorawan
2025-06-28 09:28:42,875 [INFO] IPUIPlugin:80 - create IPUIPlugin
2025-06-28 09:28:42,875 [INFO] PluginManager:220 - loadIPPluginJar : add ltdc
2025-06-28 09:28:42,881 [INFO] IPUIPlugin:80 - create IPUIPlugin
2025-06-28 09:28:42,881 [INFO] PluginManager:220 - loadIPPluginJar : add mdma
2025-06-28 09:28:42,885 [INFO] IPUIPlugin:80 - create IPUIPlugin
2025-06-28 09:28:42,885 [INFO] PluginManager:220 - loadIPPluginJar : add nvic
2025-06-28 09:28:42,888 [INFO] IPUIPlugin:80 - create IPUIPlugin
2025-06-28 09:28:42,888 [INFO] PluginManager:220 - loadIPPluginJar : add opamp
2025-06-28 09:28:42,891 [INFO] IPUIPlugin:80 - create IPUIPlugin
2025-06-28 09:28:42,891 [INFO] PluginManager:220 - loadIPPluginJar : add openamp
2025-06-28 09:28:42,896 [INFO] IPUIPlugin:80 - create IPUIPlugin
2025-06-28 09:28:42,896 [INFO] PluginManager:220 - loadIPPluginJar : add pdm2pcm
2025-06-28 09:28:42,903 [INFO] IPUIPlugin:80 - create IPUIPlugin
2025-06-28 09:28:42,905 [INFO] PluginManager:220 - loadIPPluginJar : add plateformsettings
2025-06-28 09:28:42,907 [INFO] IPUIPlugin:80 - create IPUIPlugin
2025-06-28 09:28:42,908 [INFO] PluginManager:220 - loadIPPluginJar : add quadspi
2025-06-28 09:28:42,910 [INFO] IPUIPlugin:80 - create IPUIPlugin
2025-06-28 09:28:42,911 [INFO] PluginManager:220 - loadIPPluginJar : add radio
2025-06-28 09:28:42,915 [INFO] IPUIPlugin:80 - create IPUIPlugin
2025-06-28 09:28:42,915 [INFO] PluginManager:220 - loadIPPluginJar : add resmgrutility
2025-06-28 09:28:42,920 [INFO] IPUIPlugin:80 - create IPUIPlugin
2025-06-28 09:28:42,920 [INFO] PluginManager:220 - loadIPPluginJar : add sai
2025-06-28 09:28:42,923 [INFO] IPUIPlugin:80 - create IPUIPlugin
2025-06-28 09:28:42,923 [INFO] PluginManager:220 - loadIPPluginJar : add spi
2025-06-28 09:28:42,929 [INFO] IPUIPlugin:80 - create IPUIPlugin
2025-06-28 09:28:42,929 [INFO] PluginManager:220 - loadIPPluginJar : add stm32_wpan
2025-06-28 09:28:42,932 [INFO] IPUIPlugin:80 - create IPUIPlugin
2025-06-28 09:28:42,932 [INFO] PluginManager:220 - loadIPPluginJar : add tim
2025-06-28 09:28:42,935 [INFO] IPUIPlugin:80 - create IPUIPlugin
2025-06-28 09:28:42,935 [INFO] PluginManager:220 - loadIPPluginJar : add touchsensing
2025-06-28 09:28:42,938 [INFO] IPUIPlugin:80 - create IPUIPlugin
2025-06-28 09:28:42,938 [INFO] PluginManager:220 - loadIPPluginJar : add tracer_emb
2025-06-28 09:28:42,940 [INFO] IPUIPlugin:80 - create IPUIPlugin
2025-06-28 09:28:42,940 [INFO] PluginManager:220 - loadIPPluginJar : add ts
2025-06-28 09:28:42,941 [INFO] IPUIPlugin:80 - create IPUIPlugin
2025-06-28 09:28:42,941 [INFO] PluginManager:220 - loadIPPluginJar : add tsc
2025-06-28 09:28:42,943 [INFO] IPUIPlugin:80 - create IPUIPlugin
2025-06-28 09:28:42,943 [INFO] PluginManager:220 - loadIPPluginJar : add ucpd
2025-06-28 09:28:42,945 [INFO] IPUIPlugin:80 - create IPUIPlugin
2025-06-28 09:28:42,946 [INFO] PluginManager:220 - loadIPPluginJar : add usart
2025-06-28 09:28:42,948 [INFO] IPUIPlugin:80 - create IPUIPlugin
2025-06-28 09:28:42,949 [INFO] PluginManager:220 - loadIPPluginJar : add usbx
2025-06-28 09:28:43,069 [FATAL] Updater:351 - Updater called before beeing initialized
2025-06-28 09:28:43,110 [INFO] RulesReader:64 - Compatibility file has been processed (301 Rules)
2025-06-28 09:28:43,119 [INFO] RulesReader:64 - Compatibility file has been processed (301 Rules)
2025-06-28 09:28:43,129 [INFO] CADModel:165 - CPN selected for project level
2025-06-28 09:28:43,129 [INFO] CADModel:114 - Register for checkConnection events
2025-06-28 09:28:43,129 [FATAL] Updater:351 - Updater called before beeing initialized
2025-06-28 09:28:43,129 [ERROR] CADModel:125 - Updater not yet initialized, retry later 
2025-06-28 09:28:43,267 [FATAL] Updater:351 - Updater called before beeing initialized
2025-06-28 09:28:43,269 [INFO] CADModel:165 - CPN selected for project level
2025-06-28 09:28:43,269 [INFO] CADModel:114 - Register for checkConnection events
2025-06-28 09:28:43,269 [FATAL] Updater:351 - Updater called before beeing initialized
2025-06-28 09:28:43,269 [ERROR] CADModel:125 - Updater not yet initialized, retry later 
2025-06-28 09:28:43,272 [FATAL] Updater:351 - Updater called before beeing initialized
2025-06-28 09:28:43,363 [FATAL] Updater:351 - Updater called before beeing initialized
2025-06-28 09:28:43,370 [INFO] DbMcusAds:53 - JSON generation date=Thu Jun 19 14:02:34 IST 2025 (1750321954415)
2025-06-28 09:28:43,370 [FATAL] Updater:351 - Updater called before beeing initialized
2025-06-28 09:28:43,405 [WARN] DetailPanel:346 - Failed to get advertising image, set to default
2025-06-28 09:28:43,618 [FATAL] Updater:351 - Updater called before beeing initialized
2025-06-28 09:28:43,620 [FATAL] Updater:351 - Updater called before beeing initialized
2025-06-28 09:28:43,620 [FATAL] Updater:351 - Updater called before beeing initialized
2025-06-28 09:28:43,620 [WARN] DetailPanel:346 - Failed to get advertising image, set to default
2025-06-28 09:28:43,621 [FATAL] Updater:351 - Updater called before beeing initialized
2025-06-28 09:28:43,660 [ERROR] Updater:1198 - MainUpdater not yet initialized. External WinMGr cannot be set.
2025-06-28 09:28:43,661 [INFO] Updater:1134 - Updater Version found : 6.14.0
2025-06-28 09:28:43,682 [INFO] ApplicationProperties:184 - Using Application install path: C:\Softwares\ST\STM32CubeIDE_1.18.0\STM32CubeIDE\plugins\com.st.stm32cube.common.mx_6.14.0.202502271554
2025-06-28 09:28:45,261 [INFO] ThirdPartyUpdaterWithRetryManager:70 - Updater plugin not ready yet. [2/15]
2025-06-28 09:28:45,261 [ERROR] LogOutputStream:75 - [STDERR_REDIRECT] Jun 28, 2025 9:28:45 AM java.util.prefs.WindowsPreferences <init>
2025-06-28 09:28:45,263 [ERROR] LogOutputStream:75 - [STDERR_REDIRECT] WARNING: Could not open/create prefs root node Software\JavaSoft\Prefs at root 0xffffffff80000002. Windows RegCreateKeyEx(...) returned error code 5.
2025-06-28 09:28:45,263 [ERROR] LogOutputStream:75 - [STDERR_REDIRECT] 
2025-06-28 09:28:45,737 [INFO] MainUpdater:2872 - connection check result : 10
2025-06-28 09:28:45,738 [INFO] MainUpdater:289 - Updater Check For Update Now.
2025-06-28 09:28:45,738 [INFO] MicroXplorer:498 - Change Database Version : DB.6.0.140
2025-06-28 09:28:45,758 [INFO] McuFinderGlobals:63 - Set McuFinder mode to 2 (CubeIDE integrated)
2025-06-28 09:28:45,764 [INFO] UserAuth:486 - Internet connection configuration mode: 1
2025-06-28 09:28:45,808 [INFO] JxBrowserEngine:152 - Initiate JxBrowser Engine with user profile folder
2025-06-28 09:28:45,934 [INFO] CheckServerUpdateThread:120 - End of CheckServer Thread
2025-06-28 09:28:46,757 [INFO] WebApp:169 - Instantiating new browser for Auth
2025-06-28 09:28:47,503 [INFO] WebApp:463 - Apply proxy settings
2025-06-28 09:28:47,504 [INFO] WebApp:548 - Chromium requires no authentication
2025-06-28 09:28:47,515 [INFO] WebApp:491 - Direct internet connection detected
2025-06-28 09:28:47,554 [INFO] WebApp:894 - Register for checkConnection events
2025-06-28 09:28:47,555 [INFO] WebApp:463 - Apply proxy settings
2025-06-28 09:28:47,555 [INFO] WebApp:548 - Chromium requires no authentication
2025-06-28 09:28:47,556 [INFO] WebApp:491 - Direct internet connection detected
2025-06-28 09:28:47,770 [INFO] WebApp:225 - Starting web application
2025-06-28 09:28:47,771 [INFO] WebApp:593 - Web application path used C:\Softwares\ST\STM32CubeIDE_1.18.0\STM32CubeIDE\plugins\com.st.stm32cube.common.mx_6.14.0.202502271554\db\plugins\mcufinder\reactClient1\index.html
2025-06-28 09:28:47,860 [INFO] UserAuth:486 - Internet connection configuration mode: 1
2025-06-28 09:28:47,960 [ERROR] LogOutputStream:75 - [STDERR_REDIRECT] [Fatal Error] :1:1: Premature end of file.
2025-06-28 09:28:47,960 [ERROR] LogOutputStream:75 - [STDERR_REDIRECT] 
2025-06-28 09:28:48,403 [INFO] WebApp:191 - Connection restablished
2025-06-28 09:28:48,571 [WARN] PackLoader:240 - Cannot read IP mode file for STMicroelectronics.FP-SNS-MOTENVWB1.1.4.0
2025-06-28 09:28:48,580 [WARN] PackLoader:240 - Cannot read IP mode file for STMicroelectronics.FP-ATR-ASTRA1.2.0.2
2025-06-28 09:28:48,588 [WARN] PackLoader:240 - Cannot read IP mode file for STMicroelectronics.X-CUBE-SMBUS.2.1.0
2025-06-28 09:28:48,596 [WARN] PackLoader:240 - Cannot read IP mode file for STMicroelectronics.X-CUBE-WB05N.1.1.0
2025-06-28 09:28:48,603 [WARN] PackLoader:240 - Cannot read IP mode file for STMicroelectronics.X-CUBE-ST60.1.0.0
2025-06-28 09:28:48,625 [WARN] PackLoader:240 - Cannot read IP mode file for STMicroelectronics.X-CUBE-AZRTOS-F7.1.1.0
2025-06-28 09:28:48,650 [WARN] PackLoader:240 - Cannot read IP mode file for Infineon.AIROC-Wi-Fi-Bluetooth-STM32.1.7.0
2025-06-28 09:28:48,661 [WARN] PackLoader:240 - Cannot read IP mode file for STMicroelectronics.X-CUBE-DISPLAY.3.0.0
2025-06-28 09:28:48,670 [WARN] PackLoader:240 - Cannot read IP mode file for STMicroelectronics.X-CUBE-NFC10.1.0.0
2025-06-28 09:28:48,680 [WARN] PackLoader:240 - Cannot read IP mode file for STMicroelectronics.X-CUBE-BLEMGR.4.0.0
2025-06-28 09:28:48,688 [WARN] PackLoader:240 - Cannot read IP mode file for emotas.I-CUBE-CANOPEN.1.3.0
2025-06-28 09:28:48,693 [WARN] ConditionMgr:438 - getConditionDescription Invalid condition id : Cortex-A Device cause : null
2025-06-28 09:28:48,707 [WARN] ConditionMgr:1044 - genDependencies : Invalid condition id : Cortex-A Device cause : null
2025-06-28 09:28:48,707 [WARN] ConditionMgr:1044 - genDependencies : Invalid condition id : Cortex-A Device cause : null
2025-06-28 09:28:48,707 [WARN] ConditionMgr:1044 - genDependencies : Invalid condition id : Cortex-A Device cause : null
2025-06-28 09:28:48,711 [WARN] PackLoader:240 - Cannot read IP mode file for STMicroelectronics.X-CUBE-AI.10.0.0
2025-06-28 09:28:48,716 [WARN] PackLoader:240 - Cannot read IP mode file for STMicroelectronics.FP-SNS-SMARTAG2.1.2.0
2025-06-28 09:28:48,720 [WARN] PackLoader:240 - Cannot read IP mode file for STMicroelectronics.FP-SNS-FLIGHT1.5.1.0
2025-06-28 09:28:48,759 [WARN] PackLoader:240 - Cannot read IP mode file for STMicroelectronics.X-CUBE-MEMS1.11.1.0
2025-06-28 09:28:48,856 [INFO] LogOutputStream:77 - [STDOUT_REDIRECT] 1 : Invalid condition id : UX_CORESTACK_Condition cause : null
2025-06-28 09:28:48,857 [INFO] LogOutputStream:77 - [STDOUT_REDIRECT] 1 : Invalid condition id : UX_CORESTACK_Condition cause : null
2025-06-28 09:28:48,858 [INFO] LogOutputStream:77 - [STDOUT_REDIRECT] 1 : Invalid condition id : UX_CORESTACK_Condition cause : null
2025-06-28 09:28:48,859 [INFO] LogOutputStream:77 - [STDOUT_REDIRECT] 1 : Invalid condition id : UX_CORESTACK_Condition cause : null
2025-06-28 09:28:48,860 [INFO] LogOutputStream:77 - [STDOUT_REDIRECT] 1 : Invalid condition id : UX_CORESTACK_Condition cause : null
2025-06-28 09:28:48,862 [WARN] PackLoader:240 - Cannot read IP mode file for STMicroelectronics.X-CUBE-AZRTOS-WL.2.0.0
2025-06-28 09:28:48,867 [WARN] PackLoader:240 - Cannot read IP mode file for STMicroelectronics.FP-SNS-MOTENV1.5.0.0
2025-06-28 09:28:48,875 [WARN] PackLoader:240 - Cannot read IP mode file for WES.I-CUBE-Cesium.1.3.0
2025-06-28 09:28:48,880 [WARN] PackLoader:240 - Cannot read IP mode file for STMicroelectronics.X-CUBE-BLE2.3.3.0
2025-06-28 09:28:48,886 [WARN] PackLoader:240 - Cannot read IP mode file for STMicroelectronics.X-CUBE-NFC9.1.0.0
2025-06-28 09:28:48,892 [WARN] PackLoader:240 - Cannot read IP mode file for STMicroelectronics.X-CUBE-BLE1.7.1.0
2025-06-28 09:28:48,896 [WARN] PackLoader:240 - Cannot read IP mode file for wolfSSL.I-CUBE-wolfMQTT.1.19.2
2025-06-28 09:28:48,899 [WARN] PackLoader:240 - Cannot read IP mode file for STMicroelectronics.X-CUBE-AI.10.1.0
2025-06-28 09:28:48,933 [WARN] PackLoader:240 - Cannot read IP mode file for STMicroelectronics.X-CUBE-MEMS1.11.2.0
2025-06-28 09:28:48,958 [ERROR] LogOutputStream:75 - [STDERR_REDIRECT] [Fatal Error] :1:1: Premature end of file.
2025-06-28 09:28:48,959 [ERROR] LogOutputStream:75 - [STDERR_REDIRECT] 
2025-06-28 09:28:49,013 [WARN] PackLoader:240 - Cannot read IP mode file for STMicroelectronics.X-CUBE-AZRTOS-G0.1.1.0
2025-06-28 09:28:49,025 [WARN] PackLoader:240 - Cannot read IP mode file for STMicroelectronics.X-CUBE-SAFEA1.1.2.2
2025-06-28 09:28:49,032 [WARN] PackLoader:240 - Cannot read IP mode file for STMicroelectronics.X-CUBE-NFC4.3.0.0
2025-06-28 09:28:49,041 [WARN] PackLoader:240 - Cannot read IP mode file for EmbeddedOffice.I-CUBE-FS-RTOS.1.0.1
2025-06-28 09:28:49,047 [WARN] PackLoader:240 - Cannot read IP mode file for STMicroelectronics.X-CUBE-WB05N.2.0.0
2025-06-28 09:28:49,052 [WARN] PackLoader:240 - Cannot read IP mode file for wolfSSL.I-CUBE-wolfTPM.3.8.0
2025-06-28 09:28:49,057 [WARN] PackLoader:240 - Cannot read IP mode file for STMicroelectronics.X-CUBE-TCPP.4.2.0
2025-06-28 09:28:49,082 [WARN] PackLoader:240 - Cannot read IP mode file for RealThread.X-CUBE-RT-Thread_Nano.4.1.1
2025-06-28 09:28:49,087 [WARN] PackLoader:240 - Cannot read IP mode file for STMicroelectronics.FP-ATR-SIGFOX1.3.2.0
2025-06-28 09:28:49,093 [WARN] PackLoader:240 - Cannot read IP mode file for STMicroelectronics.X-CUBE-EEPRMA1.5.1.0
2025-06-28 09:28:49,100 [WARN] PackLoader:240 - Cannot read IP mode file for wolfSSL.I-CUBE-wolfSSL.5.7.6
2025-06-28 09:28:49,108 [WARN] PackLoader:240 - Cannot read IP mode file for ITTIA_DB.I-CUBE-ITTIADB.8.9.0
2025-06-28 09:28:49,115 [WARN] PackLoader:240 - Cannot read IP mode file for STMicroelectronics.X-CUBE-ST67W61.1.0.0
2025-06-28 09:28:49,133 [WARN] PackLoader:240 - Cannot read IP mode file for SEGGER.I-CUBE-embOS.1.3.1
2025-06-28 09:28:49,157 [WARN] PackLoader:240 - Cannot read IP mode file for STMicroelectronics.X-CUBE-ALGOBUILD.1.4.0
2025-06-28 09:28:49,184 [WARN] PackLoader:240 - Cannot read IP mode file for STMicroelectronics.X-CUBE-MEMS1.11.3.0
2025-06-28 09:28:49,270 [WARN] PackLoader:240 - Cannot read IP mode file for STMicroelectronics.X-CUBE-PM33A1.1.0.0
2025-06-28 09:28:49,281 [WARN] PackLoader:240 - Cannot read IP mode file for STMicroelectronics.X-CUBE-AZRTOS-F4.1.1.0
2025-06-28 09:28:49,286 [WARN] PackLoader:240 - Cannot read IP mode file for Avnet-IotConnect.X-CUBE-IoTC-DA16k-PMOD.1.0.0
2025-06-28 09:28:49,289 [WARN] PackLoader:240 - Cannot read IP mode file for STMicroelectronics.X-CUBE-ISPU.2.1.0
2025-06-28 09:28:49,300 [WARN] PackLoader:240 - Cannot read IP mode file for STMicroelectronics.X-CUBE-AZRTOS-L5.2.0.0
2025-06-28 09:28:49,307 [WARN] PackLoader:240 - Cannot read IP mode file for STMicroelectronics.X-CUBE-NFC6.3.1.0
2025-06-28 09:28:49,313 [WARN] PackLoader:240 - Cannot read IP mode file for STMicroelectronics.X-CUBE-DPower.1.2.0
2025-06-28 09:28:49,318 [WARN] PackLoader:240 - Cannot read IP mode file for STMicroelectronics.X-CUBE-FREERTOS.1.3.1
2025-06-28 09:28:49,321 [WARN] PackLoader:240 - Cannot read IP mode file for STMicroelectronics.X-CUBE-FREERTOS.1.3.0
2025-06-28 09:28:49,324 [WARN] PackLoader:240 - Cannot read IP mode file for STMicroelectronics.X-CUBE-NFC7.1.0.1
2025-06-28 09:28:49,334 [WARN] PackLoader:240 - Cannot read IP mode file for STMicroelectronics.FP-SNS-STAIOTCFT.1.0.0
2025-06-28 09:28:49,338 [WARN] PackLoader:240 - Cannot read IP mode file for STMicroelectronics.X-CUBE-DPower.1.3.0
2025-06-28 09:28:49,348 [WARN] ConditionMgr:438 - getConditionDescription Invalid condition id : LAN8742 Phy interface Condition cause : null
2025-06-28 09:28:49,348 [WARN] PackLoader:240 - Cannot read IP mode file for STMicroelectronics.X-CUBE-AZRTOS-L4.2.0.0
2025-06-28 09:28:49,349 [WARN] ConditionMgr:1044 - genDependencies : Invalid condition id : LAN8742 Phy interface Condition cause : null
2025-06-28 09:28:49,349 [WARN] ConditionMgr:1044 - genDependencies : Invalid condition id : LAN8742 Phy interface Condition cause : null
2025-06-28 09:28:49,349 [WARN] ConditionMgr:1044 - genDependencies : Invalid condition id : LAN8742 Phy interface Condition cause : null
2025-06-28 09:28:49,354 [WARN] PackLoader:240 - Cannot read IP mode file for STMicroelectronics.X-CUBE-SFXS2LP1.4.0.0
2025-06-28 09:28:49,367 [WARN] PackLoader:240 - Cannot read IP mode file for STMicroelectronics.X-CUBE-AZRTOS-H7.3.3.0
2025-06-28 09:28:49,376 [WARN] ConditionMgr:438 - getConditionDescription Invalid condition id : UX DEVICE CLASS RTOS Condition cause : null
2025-06-28 09:28:49,377 [WARN] ConditionMgr:438 - getConditionDescription Invalid condition id : UX DEVICE CLASS RTOS Condition cause : null
2025-06-28 09:28:49,378 [WARN] PackLoader:240 - Cannot read IP mode file for STMicroelectronics.X-CUBE-AZRTOS-WB.2.0.0
2025-06-28 09:28:49,379 [WARN] ConditionMgr:1044 - genDependencies : Invalid condition id : UX DEVICE CLASS RTOS Condition cause : null
2025-06-28 09:28:49,379 [WARN] ConditionMgr:1044 - genDependencies : Invalid condition id : UX DEVICE CLASS RTOS Condition cause : null
2025-06-28 09:28:49,379 [WARN] ConditionMgr:1044 - genDependencies : Invalid condition id : UX DEVICE CLASS RTOS Condition cause : null
2025-06-28 09:28:49,379 [WARN] ConditionMgr:1044 - genDependencies : Invalid condition id : UX DEVICE CLASS RTOS Condition cause : null
2025-06-28 09:28:49,379 [WARN] ConditionMgr:1044 - genDependencies : Invalid condition id : UX DEVICE CLASS RTOS Condition cause : null
2025-06-28 09:28:49,383 [WARN] PackLoader:240 - Cannot read IP mode file for STMicroelectronics.X-CUBE-GNSS1.7.0.1
2025-06-28 09:28:49,389 [WARN] PackLoader:240 - Cannot read IP mode file for STMicroelectronics.X-CUBE-TOUCHGFX.4.25.0
2025-06-28 09:28:49,393 [WARN] PackLoader:240 - Cannot read IP mode file for STMicroelectronics.FP-SNS-STBOX1.2.0.0
2025-06-28 09:28:49,401 [WARN] PackLoader:240 - Cannot read IP mode file for STMicroelectronics.X-CUBE-SUBG2.5.0.0
2025-06-28 09:28:49,414 [WARN] PackLoader:240 - Cannot read IP mode file for STMicroelectronics.X-CUBE-AZRTOS-H7RS.1.1.0
2025-06-28 09:28:49,418 [WARN] PackLoader:240 - Cannot read IP mode file for Cesanta.I-CUBE-Mongoose.7.13.0
2025-06-28 09:28:49,427 [WARN] PackLoader:240 - Cannot read IP mode file for STMicroelectronics.X-CUBE-AZRTOS-G4.2.0.0
2025-06-28 09:28:49,434 [WARN] PackLoader:240 - Cannot read IP mode file for wolfSSL.I-CUBE-wolfSSH.1.4.20
2025-06-28 09:28:49,437 [WARN] PackLoader:240 - Cannot read IP mode file for STMicroelectronics.X-CUBE-NFC7.2.0.0
2025-06-28 09:28:49,445 [WARN] PackLoader:240 - Cannot read IP mode file for STMicroelectronics.X-CUBE-IPS.3.1.0
2025-06-28 09:28:49,451 [WARN] PackLoader:240 - Cannot read IP mode file for STMicroelectronics.X-CUBE-ALS.1.0.2
2025-06-28 09:28:49,458 [WARN] PackLoader:240 - Cannot read IP mode file for portGmbH.I-Cube-SoM-uGOAL.1.1.0
2025-06-28 09:28:49,467 [WARN] PackLoader:240 - Cannot read IP mode file for STMicroelectronics.X-CUBE-TOF1.3.4.2
2025-06-28 09:28:49,483 [WARN] PackLoader:240 - Cannot read IP mode file for STMicroelectronics.X-CUBE-TOF1.3.4.3
2025-06-28 09:28:49,491 [INFO] ThirdParty:978 - Integrity check success = true
2025-06-28 09:28:49,491 [INFO] IntegrityCheckThread:100 - exiting critical section [integrity check]
2025-06-28 09:28:49,491 [INFO] IntegrityCheckThread:103 - End integrity checks thread
2025-06-28 09:28:49,976 [ERROR] LogOutputStream:75 - [STDERR_REDIRECT] [Fatal Error] :1:1: Premature end of file.
2025-06-28 09:28:49,976 [ERROR] LogOutputStream:75 - [STDERR_REDIRECT] 
2025-06-28 09:28:50,966 [ERROR] LogOutputStream:75 - [STDERR_REDIRECT] [Fatal Error] :1:1: Premature end of file.
2025-06-28 09:28:50,966 [ERROR] LogOutputStream:75 - [STDERR_REDIRECT] 
2025-06-28 09:28:51,966 [ERROR] LogOutputStream:75 - [STDERR_REDIRECT] [Fatal Error] :1:1: Premature end of file.
2025-06-28 09:28:51,966 [ERROR] LogOutputStream:75 - [STDERR_REDIRECT] 
2025-06-28 09:28:52,973 [ERROR] LogOutputStream:75 - [STDERR_REDIRECT] [Fatal Error] :1:1: Premature end of file.
2025-06-28 09:28:52,973 [ERROR] LogOutputStream:75 - [STDERR_REDIRECT] 
2025-06-28 09:28:53,975 [ERROR] LogOutputStream:75 - [STDERR_REDIRECT] [Fatal Error] :1:1: Premature end of file.
2025-06-28 09:28:53,976 [ERROR] LogOutputStream:75 - [STDERR_REDIRECT] 
2025-06-28 09:28:54,981 [ERROR] LogOutputStream:75 - [STDERR_REDIRECT] [Fatal Error] :1:1: Premature end of file.
2025-06-28 09:28:54,982 [ERROR] LogOutputStream:75 - [STDERR_REDIRECT] 
2025-06-28 09:28:55,988 [ERROR] LogOutputStream:75 - [STDERR_REDIRECT] [Fatal Error] :1:1: Premature end of file.
2025-06-28 09:28:55,988 [ERROR] LogOutputStream:75 - [STDERR_REDIRECT] 
2025-06-28 09:28:56,982 [ERROR] LogOutputStream:75 - [STDERR_REDIRECT] [Fatal Error] :1:1: Premature end of file.
2025-06-28 09:28:56,983 [ERROR] LogOutputStream:75 - [STDERR_REDIRECT] 
2025-06-28 09:28:57,986 [ERROR] LogOutputStream:75 - [STDERR_REDIRECT] [Fatal Error] :1:1: Premature end of file.
2025-06-28 09:28:57,986 [ERROR] LogOutputStream:75 - [STDERR_REDIRECT] 
2025-06-28 09:28:58,879 [INFO] McuFinderGlobals:63 - Set McuFinder mode to 2 (CubeIDE integrated)
2025-06-28 09:28:58,887 [INFO] MainUpdater:2872 - connection check result : 10
2025-06-28 09:28:58,889 [INFO] MainUpdater:2872 - connection check result : 10
2025-06-28 09:28:58,934 [INFO] MicroXplorer:468 - Change Database Path : 
2025-06-28 09:28:58,934 [INFO] MicroXplorer:498 - Change Database Version : DB.6.0.140
2025-06-28 09:28:58,951 [WARN] ThirdParty:871 - waiting for thirdparty lock release [close project]
2025-06-28 09:28:58,951 [INFO] ThirdParty:873 - entering critical section [close project]
2025-06-28 09:28:58,952 [INFO] ThirdParty:883 - exiting critical section [close project]
2025-06-28 09:28:58,955 [INFO] PinOutPanel:1589 - setPackage(No Configuration,No Configuration)
2025-06-28 09:28:58,957 [ERROR] LogOutputStream:75 - [STDERR_REDIRECT] [Fatal Error] :1:1: Premature end of file.
2025-06-28 09:28:58,957 [ERROR] LogOutputStream:75 - [STDERR_REDIRECT] 
2025-06-28 09:28:58,961 [INFO] UtilMem:75 - Begin LoadConfig() Used Memory: 161761936 Bytes (268435456)
2025-06-28 09:28:58,963 [INFO] MicroXplorer:468 - Change Database Path : 
2025-06-28 09:28:58,963 [INFO] MicroXplorer:498 - Change Database Version : DB.6.0.140
2025-06-28 09:28:58,963 [INFO] OpenFileManager:354 - Change cursor
2025-06-28 09:28:58,983 [INFO] Mcu:2011 - Initializing MCU STM32F103C(8-B)Tx STM32F103C8Tx STM32F103C8T6
2025-06-28 09:28:59,719 [INFO] Context:756 - Trying to add GPIOservice into a context  which must be forbidden
2025-06-28 09:28:59,950 [INFO] ImportTextPane:218 - (OptionalMessage_ERROR) Pin7 (VP_RIF_VS_RIF1) cannot be retrieved for this MCU
2025-06-28 09:28:59,952 [ERROR] LogOutputStream:75 - [STDERR_REDIRECT] [Fatal Error] :1:1: Premature end of file.
2025-06-28 09:28:59,952 [ERROR] LogOutputStream:75 - [STDERR_REDIRECT] 
2025-06-28 09:29:00,074 [INFO] RtosManager:558 - Registered RTOS mode: class=CMSIS, group=RTOS, mode=CMSIS_V1, owner=FREERTOS
2025-06-28 09:29:00,074 [INFO] RtosManager:558 - Registered RTOS mode: class=CMSIS, group=RTOS2, mode=CMSIS_V2, owner=FREERTOS
2025-06-28 09:29:00,074 [INFO] RtosManager:558 - Registered RTOS mode: class=RTOS, group=Core, mode=CMSIS_V1, owner=FREERTOS
2025-06-28 09:29:00,074 [INFO] RtosManager:558 - Registered RTOS mode: class=RTOS, group=Core, mode=CMSIS_V2, owner=FREERTOS
2025-06-28 09:29:00,074 [WARN] ModelIntegratedComponent:184 - Missing modes for component STMicroelectronics:FreeRTOS:0.0.1:STMicroelectronics:RTOS:FreeRTOS:Core:::10.2.0:
2025-06-28 09:29:00,094 [WARN] ModelIntegratedComponent:63 - No mode defined for component null
2025-06-28 09:29:00,094 [WARN] ModelIntegratedComponent:63 - No mode defined for component null
2025-06-28 09:29:00,094 [WARN] ModelIntegratedComponent:63 - No mode defined for component null
2025-06-28 09:29:00,094 [WARN] ModelIntegratedComponent:63 - No mode defined for component null
2025-06-28 09:29:00,094 [WARN] ModelIntegratedComponent:63 - No mode defined for component null
2025-06-28 09:29:00,094 [WARN] ModelIntegratedComponent:63 - No mode defined for component null
2025-06-28 09:29:00,094 [WARN] ModelIntegratedComponent:63 - No mode defined for component null
2025-06-28 09:29:00,094 [WARN] ModelIntegratedComponent:63 - No mode defined for component null
2025-06-28 09:29:00,095 [WARN] ModelIntegratedComponent:63 - No mode defined for component null
2025-06-28 09:29:00,095 [WARN] ModelIntegratedComponent:63 - No mode defined for component null
2025-06-28 09:29:00,095 [WARN] ModelIntegratedComponent:63 - No mode defined for component null
2025-06-28 09:29:00,095 [WARN] ModelIntegratedComponent:63 - No mode defined for component null
2025-06-28 09:29:00,095 [WARN] ModelIntegratedComponent:63 - No mode defined for component null
2025-06-28 09:29:00,095 [WARN] ModelIntegratedComponent:63 - No mode defined for component null
2025-06-28 09:29:00,095 [WARN] ModelIntegratedComponent:63 - No mode defined for component null
2025-06-28 09:29:00,095 [WARN] ModelIntegratedComponent:63 - No mode defined for component null
2025-06-28 09:29:00,095 [WARN] ModelIntegratedComponent:63 - No mode defined for component null
2025-06-28 09:29:00,095 [WARN] ModelIntegratedComponent:63 - No mode defined for component null
2025-06-28 09:29:00,095 [WARN] ModelIntegratedComponent:63 - No mode defined for component null
2025-06-28 09:29:00,095 [WARN] ModelIntegratedComponent:63 - No mode defined for component null
2025-06-28 09:29:00,095 [WARN] ModelIntegratedComponent:63 - No mode defined for component null
2025-06-28 09:29:00,095 [WARN] ModelIntegratedComponent:63 - No mode defined for component null
2025-06-28 09:29:00,095 [WARN] ModelIntegratedComponent:63 - No mode defined for component null
2025-06-28 09:29:00,095 [WARN] ModelIntegratedComponent:63 - No mode defined for component null
2025-06-28 09:29:00,095 [WARN] ModelIntegratedComponent:63 - No mode defined for component null
2025-06-28 09:29:00,095 [WARN] ModelIntegratedComponent:63 - No mode defined for component null
2025-06-28 09:29:00,095 [WARN] ModelIntegratedComponent:63 - No mode defined for component null
2025-06-28 09:29:00,095 [WARN] ModelIntegratedComponent:63 - No mode defined for component null
2025-06-28 09:29:00,095 [WARN] ModelIntegratedComponent:63 - No mode defined for component null
2025-06-28 09:29:00,095 [WARN] ModelIntegratedComponent:63 - No mode defined for component null
2025-06-28 09:29:00,095 [WARN] ModelIntegratedComponent:63 - No mode defined for component null
2025-06-28 09:29:00,095 [WARN] ModelIntegratedComponent:63 - No mode defined for component null
2025-06-28 09:29:00,095 [WARN] ModelIntegratedComponent:63 - No mode defined for component null
2025-06-28 09:29:00,095 [WARN] ModelIntegratedComponent:63 - No mode defined for component null
2025-06-28 09:29:00,095 [WARN] ModelIntegratedComponent:63 - No mode defined for component null
2025-06-28 09:29:00,095 [WARN] ModelPack:524 - Component already loaded: STMicroelectronics:HAL Drivers:0.0.0:STMicroelectronics:Device:STMicro_Driver:XSPI:HAL::0.0.1:HAL_XSPI
2025-06-28 09:29:00,204 [INFO] ThirdPartyModel:298 - Start build external matchings
2025-06-28 09:29:00,909 [INFO] ThirdPartyModel:316 - End build external matchings
2025-06-28 09:29:00,946 [INFO] ImportTextPane:218 - (OptionalMessage_ERROR) IP (RCC) : Invalid parameter (FamilyName)
2025-06-28 09:29:00,946 [INFO] ImportTextPane:218 - (OptionalMessage_ERROR) IP (RCC) : Parameter (MCOFreq_Value) has invalid value (72000000)
2025-06-28 09:29:00,947 [INFO] ImportTextPane:218 - (OptionalMessage_ERROR) IP (RCC) : Parameter (USBFreq_Value) has invalid value (72000000)
2025-06-28 09:29:00,979 [ERROR] LogOutputStream:75 - [STDERR_REDIRECT] [Fatal Error] :1:1: Premature end of file.
2025-06-28 09:29:00,981 [ERROR] LogOutputStream:75 - [STDERR_REDIRECT] 
2025-06-28 09:29:01,240 [INFO] ApiDb:581 - Connected to CubeFinder SQLite database (C:\Users\aravi\.stmcufinder\plugins\mcufinder\mcu\cube-finder-db.db)
2025-06-28 09:29:01,340 [INFO] ApiDb:668 - CubeFinder database Data Model version=2.1
2025-06-28 09:29:01,340 [INFO] ApiDb:669 - CubeFinder database Configuration version=3.0.39
2025-06-28 09:29:01,340 [INFO] ApiDb:670 - CubeFinder database generation date=2025-06-16 (1750072209)
2025-06-28 09:29:01,340 [INFO] ApiDb:671 - CubeFinder database FW Pack versions=[FP-ATR-ASTRA1_V2.0.0, FP-SNS-FLIGHT1_V5.1.0, FP-SNS-MOTENV1_V5.0.0, FP-SNS-MOTENVWB1_V1.4.0, FP-SNS-SMARTAG2_V1.2.0, FP-SNS-STBOX1_V2.0.0, STM32Cube_FW_C0_V1.4.0, STM32Cube_FW_F4_V1.28.2, STM32Cube_FW_F7_V1.17.3, STM32Cube_FW_G0_V1.6.2, STM32Cube_FW_G4_V1.6.1, STM32Cube_FW_H5_V1.5.0, STM32Cube_FW_H7RS_V1.2.0, STM32Cube_FW_H7_V1.12.1, STM32Cube_FW_L0_V1.12.2, STM32Cube_FW_L4_V1.18.1, STM32Cube_FW_L5_V1.5.1, STM32Cube_FW_N6_V1.1.1, STM32Cube_FW_U0_V1.2.0, STM32Cube_FW_U3_V1.1.0, STM32Cube_FW_U5_V1.7.0, STM32Cube_FW_WB0_V1.2.0, STM32Cube_FW_WBA_V1.6.0, STM32Cube_FW_WB_V1.22.0, STM32Cube_FW_WL3_V1.1.0, STM32Cube_FW_WL_V1.3.1, X-CUBE-ALGOBUILD_V1.4.0, X-CUBE-ALS_V1.0.2, X-CUBE-AZRTOS-F4_V1.1.0, X-CUBE-AZRTOS-F7_V1.1.0, X-CUBE-AZRTOS-G0_V1.1.0, X-CUBE-AZRTOS-G4_V2.0.0, X-CUBE-AZRTOS-H7RS_V1.1.0, X-CUBE-AZRTOS-H7_V3.3.0, X-CUBE-AZRTOS-L4_V2.0.0, X-CUBE-AZRTOS-L5_V2.0.0, X-CUBE-AZRTOS-WB_V2.0.0, X-CUBE-AZRTOS-WL_V2.0.0, X-CUBE-BLE1_V7.1.0, X-CUBE-BLE2_V3.3.0, X-CUBE-BLEMGR_V4.0.0, X-CUBE-EEPRMA1_V5.1.0, X-CUBE-FREERTOS_V1.3.1, X-CUBE-GNSS1_V6.0.0, X-CUBE-MEMS1_V11.3.0, X-CUBE-NFC4_V3.0.0, X-CUBE-NFC7_V2.0.0, X-CUBE-SFXS2LP1_V4.0.0, X-CUBE-SUBG2_V5.0.0, X-CUBE-TOF1_V3.4.3]
2025-06-28 09:29:01,456 [INFO] DbBoardsSqlite:226 - include board P-NUCLEO-WB55-NUCLEO as a kit item of type 'Nucleo-64'
2025-06-28 09:29:01,456 [INFO] DbBoardsSqlite:226 - include board P-NUCLEO-WB55-USBDONGLE as a kit item of type 'Nucleo USB Dongle'
2025-06-28 09:29:01,457 [INFO] DbBoardsSqlite:226 - include board STEVAL-IDP005V1 as a kit item of type 'Evaluation Board'
2025-06-28 09:29:01,457 [INFO] DbBoardsSqlite:226 - include board STEVAL-IDP005V2 as a kit item of type 'Evaluation Board'
2025-06-28 09:29:01,966 [ERROR] LogOutputStream:75 - [STDERR_REDIRECT] [Fatal Error] :1:1: Premature end of file.
2025-06-28 09:29:01,967 [ERROR] LogOutputStream:75 - [STDERR_REDIRECT] 
2025-06-28 09:29:02,156 [INFO] ApiDb:240 - Found 895 in-development CPN: [B-G473E-ZEST1S, B-WB1M-WPAN1, B-WBA5M-WPAN, B-WL5M-SUBG1, NUCLEO-C031C6, NUCLEO-C051C8, NUCLEO-C071RB, NUCLEO-C092RC, NUCLEO-H503RB, NUCLEO-H533RE, NUCLEO-H563ZI, NUCLEO-H7S3L8, NUCLEO-N657X0-Q, NUCLEO-U031R8, NUCLEO-U083RC, NUCLEO-U385RG-Q, NUCLEO-U545RE-Q, NUCLEO-U5A5ZJ-Q, NUCLEO-WB05KZ, NUCLEO-WB07CC, NUCLEO-WB09KE, NUCLEO-WBA52CG, NUCLEO-WBA55CG, NUCLEO-WBA65RI, NUCLEO-WL33CC1, NUCLEO-WL33CC2, STEVAL-PROTEUS1, STEVAL-SMARTAG2, STEVAL-STWINBX1, STM320518-EVAL, STM32C0116-DK, STM32C011D6Y3TR, STM32C011D6Y6TR, STM32C011F4P3, STM32C011F4P6, STM32C011F4U3, STM32C011F4U6TR, STM32C011F6P3, STM32C011F6P6, STM32C011F6U3, STM32C011F6U6TR, STM32C011J4M3, STM32C011J4M6, STM32C011J6M3, STM32C011J6M6, STM32C0316-DK, STM32C031C4T3, STM32C031C4T6, STM32C031C4U3, STM32C031C4U6, STM32C031C6T3, STM32C031C6T6, STM32C031C6U3, STM32C031C6U6, STM32C031F4P3, STM32C031F4P6, STM32C031F6P3, STM32C031F6P6, STM32C031G4U3, STM32C031G4U6, STM32C031G6U3, STM32C031G6U6, STM32C031K4T3, STM32C031K4T6, STM32C031K4U3, STM32C031K4U6, STM32C031K6T3, STM32C031K6T6, STM32C031K6U3, STM32C031K6U6, STM32C051C6T6, STM32C051C6U6, STM32C051C8T6, STM32C051C8U6, STM32C051D8Y6TR, STM32C051F6P6, STM32C051F8P6, STM32C051G6U6, STM32C051G8U6, STM32C051K6T6, STM32C051K6U6, STM32C051K8T6, STM32C071C8T6, STM32C071C8T6N, STM32C071C8U6, STM32C071C8U6N, STM32C071CBT6, STM32C071CBT6N, STM32C071CBU6, STM32C071CBU6N, STM32C071F8P6, STM32C071F8P6N, STM32C071FBP6, STM32C071FBP6N, STM32C071FBY6TR, STM32C071G8U6, STM32C071G8U6N, STM32C071GBU6, STM32C071GBU6N, STM32C071K8T6, STM32C071K8T6N, STM32C071K8U6, STM32C071K8U6N, STM32C071KBT6, STM32C071KBT6N, STM32C071KBU6, STM32C071KBU6N, STM32C071R8T6, STM32C071R8T6N, STM32C071RBI6N, STM32C071RBT6, STM32C071RBT6N, STM32C091CBT6, STM32C091CBU6, STM32C091CCT6, STM32C091CCU6, STM32C091ECY6TR, STM32C091FBP6, STM32C091FCP6, STM32C091GBU6, STM32C091GCU6, STM32C091KBT6, STM32C091KBU6, STM32C091KCT6, STM32C091KCU6, STM32C091RBT6, STM32C091RCI6, STM32C091RCT6, STM32C092CBT6, STM32C092CBU6, STM32C092CCT6, STM32C092CCU6, STM32C092ECY6TR, STM32C092FBP6, STM32C092FCP6, STM32C092GBU6, STM32C092GCU6, STM32C092KBT6, STM32C092KBU6, STM32C092KCT6, STM32C092KCU6, STM32C092RBT6, STM32C092RCI6, STM32C092RCT6, STM32G071K8TXN, STM32G071K8UXN, STM32G081GBU6N, STM32G081KBT6N, STM32G081KBUXN, STM32G0B1CCT6N, STM32G0B1KCT6, STM32G0B1NEY6TR, STM32G0B1RCT6N, STM32G0C1CCT6, STM32G0C1CCT6N, STM32G0C1CCU6N, STM32G0C1CET6N, STM32G0C1CEU6N, STM32G0C1KCT6, STM32G0C1NEY6TR, STM32G0C1RCI6N, STM32G0C1RCT6N, STM32G0C1REI6N, STM32G0C1RET6N, STM32G0C1VCI6, STM32G0C1VEI6, STM32G411C6T3, STM32G411C6T6, STM32G411C6U3, STM32G411C6U6, STM32G411C8T3, STM32G411C8T6, STM32G411C8U3, STM32G411C8U6, STM32G411CBT3, STM32G411CBT6, STM32G411CBU3, STM32G411CBU6, STM32G411CCT3, STM32G411CCT6, STM32G411CCU3, STM32G411CCU6, STM32G411K6T3, STM32G411K6T6, STM32G411K6U3, STM32G411K6U6, STM32G411K8T3, STM32G411K8T6, STM32G411K8U3, STM32G411K8U6, STM32G411KBT3, STM32G411KBT6, STM32G411KBU3, STM32G411KBU6, STM32G411M6T3, STM32G411M6T6, STM32G411M8T3, STM32G411M8T6, STM32G411MBT3, STM32G411MBT6, STM32G411MCT3, STM32G411MCT6, STM32G411R6T3, STM32G411R6T6, STM32G411R8T3, STM32G411R8T6, STM32G411RBT3, STM32G411RBT6, STM32G411RCT3, STM32G411RCT6, STM32G414CBT3, STM32G414CBT6, STM32G414CBU3, STM32G414CBU6, STM32G414CCT3, STM32G414CCT6, STM32G414CCU3, STM32G414CCU6, STM32G414MBT3, STM32G414MBT6, STM32G414MCT3, STM32G414MCT6, STM32G414RBT3, STM32G414RBT6, STM32G414RCT3, STM32G414RCT6, STM32G414VBT3, STM32G414VBT6, STM32G414VCT3, STM32G414VCT6, STM32G431CBT3Z, STM32G431RBT3Z, STM32G471CCT6, STM32G471CCU6, STM32G471CET3, STM32G471CET6, STM32G471CEU3, STM32G471CEU6, STM32G471MCT6, STM32G471MET3, STM32G471MET6, STM32G471MEY6TR, STM32G471QCT6, STM32G471QET3, STM32G471RCT6, STM32G471RET3, STM32G471RET6, STM32G471VCH6, STM32G471VCI6, STM32G471VCT6, STM32G471VEH3, STM32G471VEH6, STM32G471VEI3, STM32G471VEI6, STM32G471VET3, STM32G471VET6, STM32G473QET3Z, STM32G473RET3Z, STM32G474CCT6, STM32G491RET3Z, STM32H503CBT6, STM32H503CBU6, STM32H503EBY6TR, STM32H503KBU6, STM32H503RBT6, STM32H523CCT6, STM32H523CCU6, STM32H523CET6, STM32H523CEU6, STM32H523HEY6TR, STM32H523RCT6, STM32H523RET6, STM32H523VCI6, STM32H523VCT6, STM32H523VEI6, STM32H523VET6, STM32H523ZCJ6, STM32H523ZCT6, STM32H523ZEJ6, STM32H523ZET6, STM32H533CET6, STM32H533CEU6, STM32H533HEY6TR, STM32H533RET6, STM32H533VEI6, STM32H533VET6, STM32H533ZEJ6, STM32H533ZET6, STM32H562AGI6, STM32H562AII6, STM32H562IGK6, STM32H562IGT6, STM32H562IIK6, STM32H562IIT6, STM32H562RGT6, STM32H562RGV6, STM32H562RIT6, STM32H562RIV6, STM32H562VGT6, STM32H562VIT6, STM32H562ZGT6, STM32H562ZIT6, STM32H563AGI6, STM32H563AII3Q, STM32H563AII6, STM32H563IGK6, STM32H563IGT6, STM32H563IIK3Q, STM32H563IIK6, STM32H563IIT3Q, STM32H563IIT6, STM32H563MIY3QTR, STM32H563RGT6, STM32H563RGV6, STM32H563RIT6, STM32H563RIV6, STM32H563VGT6, STM32H563VIT3Q, STM32H563VIT6, STM32H563ZGT6, STM32H563ZIT3Q, STM32H563ZIT6, STM32H573AII3Q, STM32H573AII6, STM32H573I-DK, STM32H573IIK3Q, STM32H573IIK6, STM32H573IIT3Q, STM32H573IIT6, STM32H573MIY3QTR, STM32H573RIT6, STM32H573RIV6, STM32H573VIT3Q, STM32H573VIT6, STM32H573ZIT3Q, STM32H573ZIT6, STM32H7R3A8I6, STM32H7R3I8K6, STM32H7R3I8T6, STM32H7R3L8H6, STM32H7R3L8H6H, STM32H7R3R8V6, STM32H7R3V8H6, STM32H7R3V8T6, STM32H7R3V8Y6TR, STM32H7R3Z8J6, STM32H7R3Z8T6, STM32H7R7A8I6, STM32H7R7I8K6, STM32H7R7I8T6, STM32H7R7L8H6, STM32H7R7L8H6H, STM32H7R7Z8J6, STM32H7S3A8I6, STM32H7S3I8K6, STM32H7S3I8T6, STM32H7S3L8H6, STM32H7S3L8H6H, STM32H7S3R8V6, STM32H7S3V8H6, STM32H7S3V8T6, STM32H7S3V8Y6TR, STM32H7S3Z8J6, STM32H7S3Z8T6, STM32H7S78-DK, STM32H7S7A8I6, STM32H7S7I8K6, STM32H7S7I8T6, STM32H7S7L8H6, STM32H7S7L8H6H, STM32H7S7Z8J6, STM32L4R5QGI6STR, STM32MP131AAE3, STM32MP131AAF3, STM32MP131AAG3, STM32MP131CAE3, STM32MP131CAF3, STM32MP131CAG3, STM32MP131DAE7, STM32MP131DAF7, STM32MP131DAG7, STM32MP131FAE7, STM32MP131FAF7, STM32MP131FAG7, STM32MP133AAE3, STM32MP133AAF3, STM32MP133AAG3, STM32MP133CAE3, STM32MP133CAF3, STM32MP133CAG3, STM32MP133DAE7, STM32MP133DAF7, STM32MP133DAG7, STM32MP133FAE7, STM32MP133FAF7, STM32MP133FAG7, STM32MP135AAE3, STM32MP135AAF3, STM32MP135AAG3, STM32MP135CAE3, STM32MP135CAF3, STM32MP135CAG3, STM32MP135DAE7, STM32MP135DAF7, STM32MP135DAG7, STM32MP135F-DK, STM32MP135FAE7, STM32MP135FAF7, STM32MP135FAF7T, STM32MP135FAF7U, STM32MP135FAG7, STM32MP231AAJ3, STM32MP231AAK3, STM32MP231AAL3, STM32MP231CAJ3, STM32MP231CAK3, STM32MP231CAL3, STM32MP231DAJ3, STM32MP231DAK3, STM32MP231DAL3, STM32MP231FAJ3, STM32MP231FAK3, STM32MP231FAL3, STM32MP233AAJ3, STM32MP233AAK3, STM32MP233AAL3, STM32MP233CAJ3, STM32MP233CAK3, STM32MP233CAL3, STM32MP233DAJ3, STM32MP233DAK3, STM32MP233DAL3, STM32MP233FAJ3, STM32MP233FAK3, STM32MP233FAL3, STM32MP235AAJ3, STM32MP235AAK3, STM32MP235AAL3, STM32MP235CAJ3, STM32MP235CAK3, STM32MP235CAL3, STM32MP235DAJ3, STM32MP235DAK3, STM32MP235DAL3, STM32MP235FAJ3, STM32MP235FAK3, STM32MP235FAL3, STM32MP251AAI3, STM32MP251AAJ3, STM32MP251AAK3, STM32MP251AAL3, STM32MP251CAI3, STM32MP251CAJ3, STM32MP251CAK3, STM32MP251CAL3, STM32MP251DAI3, STM32MP251DAJ3, STM32MP251DAK3, STM32MP251DAL3, STM32MP251FAI3, STM32MP251FAJ3, STM32MP251FAK3, STM32MP251FAL3, STM32MP253AAI3, STM32MP253AAJ3, STM32MP253AAK3, STM32MP253AAL3, STM32MP253CAI3, STM32MP253CAJ3, STM32MP253CAK3, STM32MP253CAL3, STM32MP253DAI3, STM32MP253DAJ3, STM32MP253DAK3, STM32MP253DAL3, STM32MP253FAI3, STM32MP253FAJ3, STM32MP253FAK3, STM32MP253FAL3, STM32MP255AAI3, STM32MP255AAJ3, STM32MP255AAK3, STM32MP255AAL3, STM32MP255CAI3, STM32MP255CAJ3, STM32MP255CAK3, STM32MP255CAL3, STM32MP255DAI3, STM32MP255DAJ3, STM32MP255DAK3, STM32MP255DAL3, STM32MP255FAI3, STM32MP255FAJ3, STM32MP255FAK3, STM32MP255FAL3, STM32MP257AAI3, STM32MP257AAJ3, STM32MP257AAK3, STM32MP257AAL3, STM32MP257CAI3, STM32MP257CAJ3, STM32MP257CAK3, STM32MP257CAL3, STM32MP257DAI3, STM32MP257DAJ3, STM32MP257DAK3, STM32MP257DAL3, STM32MP257F-DK, STM32MP257F-EV1, STM32MP257FAI3, STM32MP257FAJ3, STM32MP257FAK3, STM32MP257FAL3, STM32N645A0H3Q, STM32N645B0H3Q, STM32N645I0H3Q, STM32N645L0H3Q, STM32N645X0H3Q, STM32N645Z0H3Q, STM32N647A0H3Q, STM32N647B0H3Q, STM32N647I0H3Q, STM32N647L0H3Q, STM32N647X0H3Q, STM32N647Z0H3Q, STM32N655A0H3Q, STM32N655B0H3Q, STM32N655I0H3Q, STM32N655L0H3Q, STM32N655X0H3Q, STM32N655Z0H3Q, STM32N6570-DK, STM32N657A0H3Q, STM32N657B0H3Q, STM32N657I0H3Q, STM32N657L0H3Q, STM32N657X0H3Q, STM32N657Z0H3Q, STM32U031C6T6, STM32U031C6U6, STM32U031C8T6, STM32U031C8U6, STM32U031F4P6, STM32U031F6P6, STM32U031F8P6, STM32U031G6Y6TR, STM32U031G8Y6TR, STM32U031K4U6, STM32U031K6U6, STM32U031K8U6, STM32U031R6I6, STM32U031R6T6, STM32U031R8I6, STM32U031R8T6, STM32U073C8T6, STM32U073C8U6, STM32U073CBT6, STM32U073CBU6, STM32U073CCT6, STM32U073CCU6, STM32U073H8Y6TR, STM32U073HBY6TR, STM32U073HCY6TR, STM32U073K8U6, STM32U073KBU6, STM32U073KCU6, STM32U073M8I6, STM32U073M8T6, STM32U073MBI6, STM32U073MBT6, STM32U073MCI6, STM32U073MCT6, STM32U073R8I6, STM32U073R8T6, STM32U073RBI6, STM32U073RBT6, STM32U073RCI6, STM32U073RCT6, STM32U083C-DK, STM32U083CCT6, STM32U083CCU6, STM32U083HCY6TR, STM32U083KCU6, STM32U083MCI6, STM32U083MCT6, STM32U083RCI6, STM32U083RCT6, STM32U375CET6, STM32U375CET6Q, STM32U375CEU6, STM32U375CEU6Q, STM32U375CEY6QTR, STM32U375CGT6, STM32U375CGT6Q, STM32U375CGU6, STM32U375CGU6Q, STM32U375CGY6QTR, STM32U375KEU6, STM32U375KGU6, STM32U375REI6, STM32U375REI6Q, STM32U375RET6, STM32U375RET6Q, STM32U375REY6GTR, STM32U375REY6QTR, STM32U375RGI6, STM32U375RGI6Q, STM32U375RGT6, STM32U375RGT6Q, STM32U375RGY6GTR, STM32U375RGY6QTR, STM32U375VEI6, STM32U375VEI6Q, STM32U375VET6, STM32U375VET6Q, STM32U375VGI6, STM32U375VGI6Q, STM32U375VGT6, STM32U375VGT6Q, STM32U385CGT6, STM32U385CGT6Q, STM32U385CGU6, STM32U385CGU6Q, STM32U385CGY6QTR, STM32U385KGU6, STM32U385RGI6, STM32U385RGI6Q, STM32U385RGT6, STM32U385RGT6Q, STM32U385RGY6GTR, STM32U385RGY6QTR, STM32U385VGI6, STM32U385VGI6Q, STM32U385VGT6, STM32U385VGT6Q, STM32U535CBT6, STM32U535CBT6Q, STM32U535CBU6, STM32U535CBU6Q, STM32U535CCT6, STM32U535CCT6Q, STM32U535CCU6, STM32U535CCU6Q, STM32U535CET6, STM32U535CET6Q, STM32U535CEU6, STM32U535CEU6Q, STM32U535JEY6QTR, STM32U535NCY6QTR, STM32U535NEY6QTR, STM32U535RBI6, STM32U535RBI6Q, STM32U535RBT6, STM32U535RBT6Q, STM32U535RCI6, STM32U535RCI6Q, STM32U535RCT6, STM32U535RCT6Q, STM32U535REI6, STM32U535REI6Q, STM32U535RET6, STM32U535RET6Q, STM32U535VCI6, STM32U535VCI6Q, STM32U535VCT6, STM32U535VCT6Q, STM32U535VEI6, STM32U535VEI6Q, STM32U535VET6, STM32U535VET6Q, STM32U545CET6, STM32U545CET6Q, STM32U545CEU6, STM32U545CEU6Q, STM32U545JEY6QTR, STM32U545NEY6QTR, STM32U545REI6, STM32U545REI6Q, STM32U545RET6, STM32U545RET6Q, STM32U545VEI6, STM32U545VEI6Q, STM32U545VET6, STM32U545VET6Q, STM32U595AIH6, STM32U595AIH6Q, STM32U595AJH6, STM32U595AJH6Q, STM32U595QII6, STM32U595QII6Q, STM32U595QJI6, STM32U595QJI6Q, STM32U595RIT6, STM32U595RIT6Q, STM32U595RJT6, STM32U595RJT6Q, STM32U595VIT6, STM32U595VIT6Q, STM32U595VJT6, STM32U595VJT6Q, STM32U595ZIT6, STM32U595ZIT6Q, STM32U595ZIY6QTR, STM32U595ZJT6, STM32U595ZJT6Q, STM32U595ZJY6QTR, STM32U599BJY6QTR, STM32U599NIH6Q, STM32U599NJH6Q, STM32U599VIT6Q, STM32U599VJT6, STM32U599VJT6Q, STM32U599ZIT6Q, STM32U599ZIY6QTR, STM32U599ZJT6Q, STM32U599ZJY6QTR, STM32U5A5AJH6, STM32U5A5AJH6Q, STM32U5A5QII3Q , STM32U5A5QJI6, STM32U5A5QJI6Q, STM32U5A5RJT6, STM32U5A5RJT6Q, STM32U5A5VJT6, STM32U5A5VJT6Q, STM32U5A5ZJT6, STM32U5A5ZJT6Q, STM32U5A5ZJY6QTR, STM32U5A9BJY6QTR, STM32U5A9J-DK, STM32U5A9NJH6Q, STM32U5A9VJT6Q, STM32U5A9ZJT6Q, STM32U5A9ZJY6QTR, STM32U5F7VIT6, STM32U5F7VIT6Q, STM32U5F7VJT6, STM32U5F7VJT6Q, STM32U5F9BJY6QTR, STM32U5F9NJH6Q, STM32U5F9VIT6Q, STM32U5F9VJT6Q, STM32U5F9ZIJ6QTR, STM32U5F9ZIT6Q, STM32U5F9ZJJ6QTR, STM32U5F9ZJT6Q, STM32U5G7VJT6, STM32U5G7VJT6Q, STM32U5G9BJY6QTR, STM32U5G9J-DK1, STM32U5G9J-DK2, STM32U5G9NJH6Q, STM32U5G9VJT6Q, STM32U5G9ZJJ6QTR, STM32U5G9ZJT6Q, STM32WB05KZV6TR, STM32WB05KZV7TR, STM32WB05TZF6TR, STM32WB05TZF7TR, STM32WB06CCF6TR, STM32WB06CCF7TR, STM32WB06CCV6TR, STM32WB06CCV7TR, STM32WB06KCV6TR, STM32WB06KCV7TR, STM32WB07CCF6TR, STM32WB07CCF7TR, STM32WB07CCV6TR, STM32WB07CCV7TR, STM32WB07KCV6TR, STM32WB07KCV7TR, STM32WB09KEV6TR, STM32WB09KEV7TR, STM32WB09TEF6TR, STM32WB09TEF7TR, STM32WB1MMCH6, STM32WBA50KGU6, STM32WBA50KGU6TR, STM32WBA52CEU6, STM32WBA52CEU6TR, STM32WBA52CEU7, STM32WBA52CEU7TR, STM32WBA52CGU6, STM32WBA52CGU6TR, STM32WBA52CGU6U, STM32WBA52CGU7, STM32WBA52CGU7TR, STM32WBA52KEU6, STM32WBA52KEU6TR, STM32WBA52KGU6, STM32WBA52KGU6TR, STM32WBA54CEU6, STM32WBA54CEU6TR, STM32WBA54CEU7, STM32WBA54CEU7TR, STM32WBA54CGU6, STM32WBA54CGU6TR, STM32WBA54CGU7, STM32WBA54CGU7TR, STM32WBA54KEU6, STM32WBA54KEU6TR, STM32WBA54KEU7, STM32WBA54KEU7TR, STM32WBA54KGU6, STM32WBA54KGU6TR, STM32WBA54KGU7, STM32WBA54KGU7TR, STM32WBA55CEU6, STM32WBA55CEU6TR, STM32WBA55CEU7, STM32WBA55CEU7TR, STM32WBA55CGU6, STM32WBA55CGU6TR, STM32WBA55CGU6U, STM32WBA55CGU7, STM32WBA55CGU7TR, STM32WBA55G-DK1, STM32WBA55HEF6, STM32WBA55HEF7, STM32WBA55HGF6, STM32WBA55HGF7, STM32WBA55UEI6, STM32WBA55UEI6TR, STM32WBA55UEI7, STM32WBA55UEI7TR, STM32WBA55UGI6, STM32WBA55UGI6TR, STM32WBA55UGI7, STM32WBA55UGI7TR, STM32WBA5MJGH6TR, STM32WBA62CGU6, STM32WBA62CIU6, STM32WBA62MGF6, STM32WBA62MIF6, STM32WBA62PGI6, STM32WBA62PII6, STM32WBA63CGU6, STM32WBA63CGU7, STM32WBA63CIU6, STM32WBA63CIU7, STM32WBA64CGU6, STM32WBA64CGU7, STM32WBA64CIU6, STM32WBA64CIU7, STM32WBA65CGU6, STM32WBA65CGU7, STM32WBA65CIU6, STM32WBA65CIU7, STM32WBA65I-DK1, STM32WBA65MGF6, STM32WBA65MGF7, STM32WBA65MIF6, STM32WBA65MIF7, STM32WBA65PGI6, STM32WBA65PGI7, STM32WBA65PII6, STM32WBA65PII7, STM32WBA65RGV6, STM32WBA65RGV7, STM32WBA65RIV6, STM32WBA65RIV7, STM32WL30K8V6, STM32WL30KBV6, STM32WL31C8V6, STM32WL31CBV6, STM32WL31K8V6, STM32WL31KBV6, STM32WL33C8V6, STM32WL33C8V6TR, STM32WL33C8V7, STM32WL33C8V7TR, STM32WL33CBV6, STM32WL33CBV6TR, STM32WL33CBV7, STM32WL33CBV7TR, STM32WL33CCV6, STM32WL33CCV6TR, STM32WL33CCV7, STM32WL33CCV7A, STM32WL33CCV7ATR, STM32WL33CCV7TR, STM32WL33K8V6, STM32WL33K8V6TR, STM32WL33K8V7, STM32WL33K8V7TR, STM32WL33KBV6, STM32WL33KBV6TR, STM32WL33KBV7, STM32WL33KBV7TR, STM32WL33KCV6, STM32WL33KCV6TR, STM32WL33KCV7, STM32WL33KCV7TR, STM32WL5MOCH6, STM32WL5MOCH6TR]
2025-06-28 09:29:02,423 [INFO] BoardInfo:889 - No configuration file found for board P-NUCLEO-WB55
2025-06-28 09:29:02,426 [INFO] DbBoards:161 - Kit is not supported: P-NUCLEO-WB55
2025-06-28 09:29:02,437 [INFO] BoardInfo:889 - No configuration file found for board STEVAL-BFA001V1B
2025-06-28 09:29:02,438 [INFO] DbBoards:161 - Kit is not supported: STEVAL-BFA001V1B
2025-06-28 09:29:02,439 [INFO] BoardInfo:889 - No configuration file found for board STEVAL-BFA001V2B
2025-06-28 09:29:02,440 [INFO] DbBoards:161 - Kit is not supported: STEVAL-BFA001V2B
2025-06-28 09:29:02,742 [INFO] DbBoards:168 - Found 211 boards, 208 are supported
2025-06-28 09:29:02,744 [INFO] DbBoards:169 - Found 211 boards, 43 of them is supported for  Bsp
2025-06-28 09:29:02,749 [INFO] ApiDb:668 - CubeFinder database Data Model version=2.1
2025-06-28 09:29:02,750 [INFO] ApiDb:669 - CubeFinder database Configuration version=3.0.39
2025-06-28 09:29:02,750 [INFO] ApiDb:670 - CubeFinder database generation date=2025-06-16 (1750072209)
2025-06-28 09:29:02,750 [INFO] ApiDb:671 - CubeFinder database FW Pack versions=[FP-ATR-ASTRA1_V2.0.0, FP-SNS-FLIGHT1_V5.1.0, FP-SNS-MOTENV1_V5.0.0, FP-SNS-MOTENVWB1_V1.4.0, FP-SNS-SMARTAG2_V1.2.0, FP-SNS-STBOX1_V2.0.0, STM32Cube_FW_C0_V1.4.0, STM32Cube_FW_F4_V1.28.2, STM32Cube_FW_F7_V1.17.3, STM32Cube_FW_G0_V1.6.2, STM32Cube_FW_G4_V1.6.1, STM32Cube_FW_H5_V1.5.0, STM32Cube_FW_H7RS_V1.2.0, STM32Cube_FW_H7_V1.12.1, STM32Cube_FW_L0_V1.12.2, STM32Cube_FW_L4_V1.18.1, STM32Cube_FW_L5_V1.5.1, STM32Cube_FW_N6_V1.1.1, STM32Cube_FW_U0_V1.2.0, STM32Cube_FW_U3_V1.1.0, STM32Cube_FW_U5_V1.7.0, STM32Cube_FW_WB0_V1.2.0, STM32Cube_FW_WBA_V1.6.0, STM32Cube_FW_WB_V1.22.0, STM32Cube_FW_WL3_V1.1.0, STM32Cube_FW_WL_V1.3.1, X-CUBE-ALGOBUILD_V1.4.0, X-CUBE-ALS_V1.0.2, X-CUBE-AZRTOS-F4_V1.1.0, X-CUBE-AZRTOS-F7_V1.1.0, X-CUBE-AZRTOS-G0_V1.1.0, X-CUBE-AZRTOS-G4_V2.0.0, X-CUBE-AZRTOS-H7RS_V1.1.0, X-CUBE-AZRTOS-H7_V3.3.0, X-CUBE-AZRTOS-L4_V2.0.0, X-CUBE-AZRTOS-L5_V2.0.0, X-CUBE-AZRTOS-WB_V2.0.0, X-CUBE-AZRTOS-WL_V2.0.0, X-CUBE-BLE1_V7.1.0, X-CUBE-BLE2_V3.3.0, X-CUBE-BLEMGR_V4.0.0, X-CUBE-EEPRMA1_V5.1.0, X-CUBE-FREERTOS_V1.3.1, X-CUBE-GNSS1_V6.0.0, X-CUBE-MEMS1_V11.3.0, X-CUBE-NFC4_V3.0.0, X-CUBE-NFC7_V2.0.0, X-CUBE-SFXS2LP1_V4.0.0, X-CUBE-SUBG2_V5.0.0, X-CUBE-TOF1_V3.4.3]
2025-06-28 09:29:02,952 [ERROR] LogOutputStream:75 - [STDERR_REDIRECT] [Fatal Error] :1:1: Premature end of file.
2025-06-28 09:29:02,952 [ERROR] LogOutputStream:75 - [STDERR_REDIRECT] 
2025-06-28 09:29:03,949 [ERROR] LogOutputStream:75 - [STDERR_REDIRECT] [Fatal Error] :1:1: Premature end of file.
2025-06-28 09:29:03,949 [ERROR] LogOutputStream:75 - [STDERR_REDIRECT] 
2025-06-28 09:29:04,951 [ERROR] LogOutputStream:75 - [STDERR_REDIRECT] [Fatal Error] :1:1: Premature end of file.
2025-06-28 09:29:04,951 [ERROR] LogOutputStream:75 - [STDERR_REDIRECT] 
2025-06-28 09:29:05,073 [INFO] ApiDb:240 - Found 895 in-development CPN: [B-G473E-ZEST1S, B-WB1M-WPAN1, B-WBA5M-WPAN, B-WL5M-SUBG1, NUCLEO-C031C6, NUCLEO-C051C8, NUCLEO-C071RB, NUCLEO-C092RC, NUCLEO-H503RB, NUCLEO-H533RE, NUCLEO-H563ZI, NUCLEO-H7S3L8, NUCLEO-N657X0-Q, NUCLEO-U031R8, NUCLEO-U083RC, NUCLEO-U385RG-Q, NUCLEO-U545RE-Q, NUCLEO-U5A5ZJ-Q, NUCLEO-WB05KZ, NUCLEO-WB07CC, NUCLEO-WB09KE, NUCLEO-WBA52CG, NUCLEO-WBA55CG, NUCLEO-WBA65RI, NUCLEO-WL33CC1, NUCLEO-WL33CC2, STEVAL-PROTEUS1, STEVAL-SMARTAG2, STEVAL-STWINBX1, STM320518-EVAL, STM32C0116-DK, STM32C011D6Y3TR, STM32C011D6Y6TR, STM32C011F4P3, STM32C011F4P6, STM32C011F4U3, STM32C011F4U6TR, STM32C011F6P3, STM32C011F6P6, STM32C011F6U3, STM32C011F6U6TR, STM32C011J4M3, STM32C011J4M6, STM32C011J6M3, STM32C011J6M6, STM32C0316-DK, STM32C031C4T3, STM32C031C4T6, STM32C031C4U3, STM32C031C4U6, STM32C031C6T3, STM32C031C6T6, STM32C031C6U3, STM32C031C6U6, STM32C031F4P3, STM32C031F4P6, STM32C031F6P3, STM32C031F6P6, STM32C031G4U3, STM32C031G4U6, STM32C031G6U3, STM32C031G6U6, STM32C031K4T3, STM32C031K4T6, STM32C031K4U3, STM32C031K4U6, STM32C031K6T3, STM32C031K6T6, STM32C031K6U3, STM32C031K6U6, STM32C051C6T6, STM32C051C6U6, STM32C051C8T6, STM32C051C8U6, STM32C051D8Y6TR, STM32C051F6P6, STM32C051F8P6, STM32C051G6U6, STM32C051G8U6, STM32C051K6T6, STM32C051K6U6, STM32C051K8T6, STM32C071C8T6, STM32C071C8T6N, STM32C071C8U6, STM32C071C8U6N, STM32C071CBT6, STM32C071CBT6N, STM32C071CBU6, STM32C071CBU6N, STM32C071F8P6, STM32C071F8P6N, STM32C071FBP6, STM32C071FBP6N, STM32C071FBY6TR, STM32C071G8U6, STM32C071G8U6N, STM32C071GBU6, STM32C071GBU6N, STM32C071K8T6, STM32C071K8T6N, STM32C071K8U6, STM32C071K8U6N, STM32C071KBT6, STM32C071KBT6N, STM32C071KBU6, STM32C071KBU6N, STM32C071R8T6, STM32C071R8T6N, STM32C071RBI6N, STM32C071RBT6, STM32C071RBT6N, STM32C091CBT6, STM32C091CBU6, STM32C091CCT6, STM32C091CCU6, STM32C091ECY6TR, STM32C091FBP6, STM32C091FCP6, STM32C091GBU6, STM32C091GCU6, STM32C091KBT6, STM32C091KBU6, STM32C091KCT6, STM32C091KCU6, STM32C091RBT6, STM32C091RCI6, STM32C091RCT6, STM32C092CBT6, STM32C092CBU6, STM32C092CCT6, STM32C092CCU6, STM32C092ECY6TR, STM32C092FBP6, STM32C092FCP6, STM32C092GBU6, STM32C092GCU6, STM32C092KBT6, STM32C092KBU6, STM32C092KCT6, STM32C092KCU6, STM32C092RBT6, STM32C092RCI6, STM32C092RCT6, STM32G071K8TXN, STM32G071K8UXN, STM32G081GBU6N, STM32G081KBT6N, STM32G081KBUXN, STM32G0B1CCT6N, STM32G0B1KCT6, STM32G0B1NEY6TR, STM32G0B1RCT6N, STM32G0C1CCT6, STM32G0C1CCT6N, STM32G0C1CCU6N, STM32G0C1CET6N, STM32G0C1CEU6N, STM32G0C1KCT6, STM32G0C1NEY6TR, STM32G0C1RCI6N, STM32G0C1RCT6N, STM32G0C1REI6N, STM32G0C1RET6N, STM32G0C1VCI6, STM32G0C1VEI6, STM32G411C6T3, STM32G411C6T6, STM32G411C6U3, STM32G411C6U6, STM32G411C8T3, STM32G411C8T6, STM32G411C8U3, STM32G411C8U6, STM32G411CBT3, STM32G411CBT6, STM32G411CBU3, STM32G411CBU6, STM32G411CCT3, STM32G411CCT6, STM32G411CCU3, STM32G411CCU6, STM32G411K6T3, STM32G411K6T6, STM32G411K6U3, STM32G411K6U6, STM32G411K8T3, STM32G411K8T6, STM32G411K8U3, STM32G411K8U6, STM32G411KBT3, STM32G411KBT6, STM32G411KBU3, STM32G411KBU6, STM32G411M6T3, STM32G411M6T6, STM32G411M8T3, STM32G411M8T6, STM32G411MBT3, STM32G411MBT6, STM32G411MCT3, STM32G411MCT6, STM32G411R6T3, STM32G411R6T6, STM32G411R8T3, STM32G411R8T6, STM32G411RBT3, STM32G411RBT6, STM32G411RCT3, STM32G411RCT6, STM32G414CBT3, STM32G414CBT6, STM32G414CBU3, STM32G414CBU6, STM32G414CCT3, STM32G414CCT6, STM32G414CCU3, STM32G414CCU6, STM32G414MBT3, STM32G414MBT6, STM32G414MCT3, STM32G414MCT6, STM32G414RBT3, STM32G414RBT6, STM32G414RCT3, STM32G414RCT6, STM32G414VBT3, STM32G414VBT6, STM32G414VCT3, STM32G414VCT6, STM32G431CBT3Z, STM32G431RBT3Z, STM32G471CCT6, STM32G471CCU6, STM32G471CET3, STM32G471CET6, STM32G471CEU3, STM32G471CEU6, STM32G471MCT6, STM32G471MET3, STM32G471MET6, STM32G471MEY6TR, STM32G471QCT6, STM32G471QET3, STM32G471RCT6, STM32G471RET3, STM32G471RET6, STM32G471VCH6, STM32G471VCI6, STM32G471VCT6, STM32G471VEH3, STM32G471VEH6, STM32G471VEI3, STM32G471VEI6, STM32G471VET3, STM32G471VET6, STM32G473QET3Z, STM32G473RET3Z, STM32G474CCT6, STM32G491RET3Z, STM32H503CBT6, STM32H503CBU6, STM32H503EBY6TR, STM32H503KBU6, STM32H503RBT6, STM32H523CCT6, STM32H523CCU6, STM32H523CET6, STM32H523CEU6, STM32H523HEY6TR, STM32H523RCT6, STM32H523RET6, STM32H523VCI6, STM32H523VCT6, STM32H523VEI6, STM32H523VET6, STM32H523ZCJ6, STM32H523ZCT6, STM32H523ZEJ6, STM32H523ZET6, STM32H533CET6, STM32H533CEU6, STM32H533HEY6TR, STM32H533RET6, STM32H533VEI6, STM32H533VET6, STM32H533ZEJ6, STM32H533ZET6, STM32H562AGI6, STM32H562AII6, STM32H562IGK6, STM32H562IGT6, STM32H562IIK6, STM32H562IIT6, STM32H562RGT6, STM32H562RGV6, STM32H562RIT6, STM32H562RIV6, STM32H562VGT6, STM32H562VIT6, STM32H562ZGT6, STM32H562ZIT6, STM32H563AGI6, STM32H563AII3Q, STM32H563AII6, STM32H563IGK6, STM32H563IGT6, STM32H563IIK3Q, STM32H563IIK6, STM32H563IIT3Q, STM32H563IIT6, STM32H563MIY3QTR, STM32H563RGT6, STM32H563RGV6, STM32H563RIT6, STM32H563RIV6, STM32H563VGT6, STM32H563VIT3Q, STM32H563VIT6, STM32H563ZGT6, STM32H563ZIT3Q, STM32H563ZIT6, STM32H573AII3Q, STM32H573AII6, STM32H573I-DK, STM32H573IIK3Q, STM32H573IIK6, STM32H573IIT3Q, STM32H573IIT6, STM32H573MIY3QTR, STM32H573RIT6, STM32H573RIV6, STM32H573VIT3Q, STM32H573VIT6, STM32H573ZIT3Q, STM32H573ZIT6, STM32H7R3A8I6, STM32H7R3I8K6, STM32H7R3I8T6, STM32H7R3L8H6, STM32H7R3L8H6H, STM32H7R3R8V6, STM32H7R3V8H6, STM32H7R3V8T6, STM32H7R3V8Y6TR, STM32H7R3Z8J6, STM32H7R3Z8T6, STM32H7R7A8I6, STM32H7R7I8K6, STM32H7R7I8T6, STM32H7R7L8H6, STM32H7R7L8H6H, STM32H7R7Z8J6, STM32H7S3A8I6, STM32H7S3I8K6, STM32H7S3I8T6, STM32H7S3L8H6, STM32H7S3L8H6H, STM32H7S3R8V6, STM32H7S3V8H6, STM32H7S3V8T6, STM32H7S3V8Y6TR, STM32H7S3Z8J6, STM32H7S3Z8T6, STM32H7S78-DK, STM32H7S7A8I6, STM32H7S7I8K6, STM32H7S7I8T6, STM32H7S7L8H6, STM32H7S7L8H6H, STM32H7S7Z8J6, STM32L4R5QGI6STR, STM32MP131AAE3, STM32MP131AAF3, STM32MP131AAG3, STM32MP131CAE3, STM32MP131CAF3, STM32MP131CAG3, STM32MP131DAE7, STM32MP131DAF7, STM32MP131DAG7, STM32MP131FAE7, STM32MP131FAF7, STM32MP131FAG7, STM32MP133AAE3, STM32MP133AAF3, STM32MP133AAG3, STM32MP133CAE3, STM32MP133CAF3, STM32MP133CAG3, STM32MP133DAE7, STM32MP133DAF7, STM32MP133DAG7, STM32MP133FAE7, STM32MP133FAF7, STM32MP133FAG7, STM32MP135AAE3, STM32MP135AAF3, STM32MP135AAG3, STM32MP135CAE3, STM32MP135CAF3, STM32MP135CAG3, STM32MP135DAE7, STM32MP135DAF7, STM32MP135DAG7, STM32MP135F-DK, STM32MP135FAE7, STM32MP135FAF7, STM32MP135FAF7T, STM32MP135FAF7U, STM32MP135FAG7, STM32MP231AAJ3, STM32MP231AAK3, STM32MP231AAL3, STM32MP231CAJ3, STM32MP231CAK3, STM32MP231CAL3, STM32MP231DAJ3, STM32MP231DAK3, STM32MP231DAL3, STM32MP231FAJ3, STM32MP231FAK3, STM32MP231FAL3, STM32MP233AAJ3, STM32MP233AAK3, STM32MP233AAL3, STM32MP233CAJ3, STM32MP233CAK3, STM32MP233CAL3, STM32MP233DAJ3, STM32MP233DAK3, STM32MP233DAL3, STM32MP233FAJ3, STM32MP233FAK3, STM32MP233FAL3, STM32MP235AAJ3, STM32MP235AAK3, STM32MP235AAL3, STM32MP235CAJ3, STM32MP235CAK3, STM32MP235CAL3, STM32MP235DAJ3, STM32MP235DAK3, STM32MP235DAL3, STM32MP235FAJ3, STM32MP235FAK3, STM32MP235FAL3, STM32MP251AAI3, STM32MP251AAJ3, STM32MP251AAK3, STM32MP251AAL3, STM32MP251CAI3, STM32MP251CAJ3, STM32MP251CAK3, STM32MP251CAL3, STM32MP251DAI3, STM32MP251DAJ3, STM32MP251DAK3, STM32MP251DAL3, STM32MP251FAI3, STM32MP251FAJ3, STM32MP251FAK3, STM32MP251FAL3, STM32MP253AAI3, STM32MP253AAJ3, STM32MP253AAK3, STM32MP253AAL3, STM32MP253CAI3, STM32MP253CAJ3, STM32MP253CAK3, STM32MP253CAL3, STM32MP253DAI3, STM32MP253DAJ3, STM32MP253DAK3, STM32MP253DAL3, STM32MP253FAI3, STM32MP253FAJ3, STM32MP253FAK3, STM32MP253FAL3, STM32MP255AAI3, STM32MP255AAJ3, STM32MP255AAK3, STM32MP255AAL3, STM32MP255CAI3, STM32MP255CAJ3, STM32MP255CAK3, STM32MP255CAL3, STM32MP255DAI3, STM32MP255DAJ3, STM32MP255DAK3, STM32MP255DAL3, STM32MP255FAI3, STM32MP255FAJ3, STM32MP255FAK3, STM32MP255FAL3, STM32MP257AAI3, STM32MP257AAJ3, STM32MP257AAK3, STM32MP257AAL3, STM32MP257CAI3, STM32MP257CAJ3, STM32MP257CAK3, STM32MP257CAL3, STM32MP257DAI3, STM32MP257DAJ3, STM32MP257DAK3, STM32MP257DAL3, STM32MP257F-DK, STM32MP257F-EV1, STM32MP257FAI3, STM32MP257FAJ3, STM32MP257FAK3, STM32MP257FAL3, STM32N645A0H3Q, STM32N645B0H3Q, STM32N645I0H3Q, STM32N645L0H3Q, STM32N645X0H3Q, STM32N645Z0H3Q, STM32N647A0H3Q, STM32N647B0H3Q, STM32N647I0H3Q, STM32N647L0H3Q, STM32N647X0H3Q, STM32N647Z0H3Q, STM32N655A0H3Q, STM32N655B0H3Q, STM32N655I0H3Q, STM32N655L0H3Q, STM32N655X0H3Q, STM32N655Z0H3Q, STM32N6570-DK, STM32N657A0H3Q, STM32N657B0H3Q, STM32N657I0H3Q, STM32N657L0H3Q, STM32N657X0H3Q, STM32N657Z0H3Q, STM32U031C6T6, STM32U031C6U6, STM32U031C8T6, STM32U031C8U6, STM32U031F4P6, STM32U031F6P6, STM32U031F8P6, STM32U031G6Y6TR, STM32U031G8Y6TR, STM32U031K4U6, STM32U031K6U6, STM32U031K8U6, STM32U031R6I6, STM32U031R6T6, STM32U031R8I6, STM32U031R8T6, STM32U073C8T6, STM32U073C8U6, STM32U073CBT6, STM32U073CBU6, STM32U073CCT6, STM32U073CCU6, STM32U073H8Y6TR, STM32U073HBY6TR, STM32U073HCY6TR, STM32U073K8U6, STM32U073KBU6, STM32U073KCU6, STM32U073M8I6, STM32U073M8T6, STM32U073MBI6, STM32U073MBT6, STM32U073MCI6, STM32U073MCT6, STM32U073R8I6, STM32U073R8T6, STM32U073RBI6, STM32U073RBT6, STM32U073RCI6, STM32U073RCT6, STM32U083C-DK, STM32U083CCT6, STM32U083CCU6, STM32U083HCY6TR, STM32U083KCU6, STM32U083MCI6, STM32U083MCT6, STM32U083RCI6, STM32U083RCT6, STM32U375CET6, STM32U375CET6Q, STM32U375CEU6, STM32U375CEU6Q, STM32U375CEY6QTR, STM32U375CGT6, STM32U375CGT6Q, STM32U375CGU6, STM32U375CGU6Q, STM32U375CGY6QTR, STM32U375KEU6, STM32U375KGU6, STM32U375REI6, STM32U375REI6Q, STM32U375RET6, STM32U375RET6Q, STM32U375REY6GTR, STM32U375REY6QTR, STM32U375RGI6, STM32U375RGI6Q, STM32U375RGT6, STM32U375RGT6Q, STM32U375RGY6GTR, STM32U375RGY6QTR, STM32U375VEI6, STM32U375VEI6Q, STM32U375VET6, STM32U375VET6Q, STM32U375VGI6, STM32U375VGI6Q, STM32U375VGT6, STM32U375VGT6Q, STM32U385CGT6, STM32U385CGT6Q, STM32U385CGU6, STM32U385CGU6Q, STM32U385CGY6QTR, STM32U385KGU6, STM32U385RGI6, STM32U385RGI6Q, STM32U385RGT6, STM32U385RGT6Q, STM32U385RGY6GTR, STM32U385RGY6QTR, STM32U385VGI6, STM32U385VGI6Q, STM32U385VGT6, STM32U385VGT6Q, STM32U535CBT6, STM32U535CBT6Q, STM32U535CBU6, STM32U535CBU6Q, STM32U535CCT6, STM32U535CCT6Q, STM32U535CCU6, STM32U535CCU6Q, STM32U535CET6, STM32U535CET6Q, STM32U535CEU6, STM32U535CEU6Q, STM32U535JEY6QTR, STM32U535NCY6QTR, STM32U535NEY6QTR, STM32U535RBI6, STM32U535RBI6Q, STM32U535RBT6, STM32U535RBT6Q, STM32U535RCI6, STM32U535RCI6Q, STM32U535RCT6, STM32U535RCT6Q, STM32U535REI6, STM32U535REI6Q, STM32U535RET6, STM32U535RET6Q, STM32U535VCI6, STM32U535VCI6Q, STM32U535VCT6, STM32U535VCT6Q, STM32U535VEI6, STM32U535VEI6Q, STM32U535VET6, STM32U535VET6Q, STM32U545CET6, STM32U545CET6Q, STM32U545CEU6, STM32U545CEU6Q, STM32U545JEY6QTR, STM32U545NEY6QTR, STM32U545REI6, STM32U545REI6Q, STM32U545RET6, STM32U545RET6Q, STM32U545VEI6, STM32U545VEI6Q, STM32U545VET6, STM32U545VET6Q, STM32U595AIH6, STM32U595AIH6Q, STM32U595AJH6, STM32U595AJH6Q, STM32U595QII6, STM32U595QII6Q, STM32U595QJI6, STM32U595QJI6Q, STM32U595RIT6, STM32U595RIT6Q, STM32U595RJT6, STM32U595RJT6Q, STM32U595VIT6, STM32U595VIT6Q, STM32U595VJT6, STM32U595VJT6Q, STM32U595ZIT6, STM32U595ZIT6Q, STM32U595ZIY6QTR, STM32U595ZJT6, STM32U595ZJT6Q, STM32U595ZJY6QTR, STM32U599BJY6QTR, STM32U599NIH6Q, STM32U599NJH6Q, STM32U599VIT6Q, STM32U599VJT6, STM32U599VJT6Q, STM32U599ZIT6Q, STM32U599ZIY6QTR, STM32U599ZJT6Q, STM32U599ZJY6QTR, STM32U5A5AJH6, STM32U5A5AJH6Q, STM32U5A5QII3Q , STM32U5A5QJI6, STM32U5A5QJI6Q, STM32U5A5RJT6, STM32U5A5RJT6Q, STM32U5A5VJT6, STM32U5A5VJT6Q, STM32U5A5ZJT6, STM32U5A5ZJT6Q, STM32U5A5ZJY6QTR, STM32U5A9BJY6QTR, STM32U5A9J-DK, STM32U5A9NJH6Q, STM32U5A9VJT6Q, STM32U5A9ZJT6Q, STM32U5A9ZJY6QTR, STM32U5F7VIT6, STM32U5F7VIT6Q, STM32U5F7VJT6, STM32U5F7VJT6Q, STM32U5F9BJY6QTR, STM32U5F9NJH6Q, STM32U5F9VIT6Q, STM32U5F9VJT6Q, STM32U5F9ZIJ6QTR, STM32U5F9ZIT6Q, STM32U5F9ZJJ6QTR, STM32U5F9ZJT6Q, STM32U5G7VJT6, STM32U5G7VJT6Q, STM32U5G9BJY6QTR, STM32U5G9J-DK1, STM32U5G9J-DK2, STM32U5G9NJH6Q, STM32U5G9VJT6Q, STM32U5G9ZJJ6QTR, STM32U5G9ZJT6Q, STM32WB05KZV6TR, STM32WB05KZV7TR, STM32WB05TZF6TR, STM32WB05TZF7TR, STM32WB06CCF6TR, STM32WB06CCF7TR, STM32WB06CCV6TR, STM32WB06CCV7TR, STM32WB06KCV6TR, STM32WB06KCV7TR, STM32WB07CCF6TR, STM32WB07CCF7TR, STM32WB07CCV6TR, STM32WB07CCV7TR, STM32WB07KCV6TR, STM32WB07KCV7TR, STM32WB09KEV6TR, STM32WB09KEV7TR, STM32WB09TEF6TR, STM32WB09TEF7TR, STM32WB1MMCH6, STM32WBA50KGU6, STM32WBA50KGU6TR, STM32WBA52CEU6, STM32WBA52CEU6TR, STM32WBA52CEU7, STM32WBA52CEU7TR, STM32WBA52CGU6, STM32WBA52CGU6TR, STM32WBA52CGU6U, STM32WBA52CGU7, STM32WBA52CGU7TR, STM32WBA52KEU6, STM32WBA52KEU6TR, STM32WBA52KGU6, STM32WBA52KGU6TR, STM32WBA54CEU6, STM32WBA54CEU6TR, STM32WBA54CEU7, STM32WBA54CEU7TR, STM32WBA54CGU6, STM32WBA54CGU6TR, STM32WBA54CGU7, STM32WBA54CGU7TR, STM32WBA54KEU6, STM32WBA54KEU6TR, STM32WBA54KEU7, STM32WBA54KEU7TR, STM32WBA54KGU6, STM32WBA54KGU6TR, STM32WBA54KGU7, STM32WBA54KGU7TR, STM32WBA55CEU6, STM32WBA55CEU6TR, STM32WBA55CEU7, STM32WBA55CEU7TR, STM32WBA55CGU6, STM32WBA55CGU6TR, STM32WBA55CGU6U, STM32WBA55CGU7, STM32WBA55CGU7TR, STM32WBA55G-DK1, STM32WBA55HEF6, STM32WBA55HEF7, STM32WBA55HGF6, STM32WBA55HGF7, STM32WBA55UEI6, STM32WBA55UEI6TR, STM32WBA55UEI7, STM32WBA55UEI7TR, STM32WBA55UGI6, STM32WBA55UGI6TR, STM32WBA55UGI7, STM32WBA55UGI7TR, STM32WBA5MJGH6TR, STM32WBA62CGU6, STM32WBA62CIU6, STM32WBA62MGF6, STM32WBA62MIF6, STM32WBA62PGI6, STM32WBA62PII6, STM32WBA63CGU6, STM32WBA63CGU7, STM32WBA63CIU6, STM32WBA63CIU7, STM32WBA64CGU6, STM32WBA64CGU7, STM32WBA64CIU6, STM32WBA64CIU7, STM32WBA65CGU6, STM32WBA65CGU7, STM32WBA65CIU6, STM32WBA65CIU7, STM32WBA65I-DK1, STM32WBA65MGF6, STM32WBA65MGF7, STM32WBA65MIF6, STM32WBA65MIF7, STM32WBA65PGI6, STM32WBA65PGI7, STM32WBA65PII6, STM32WBA65PII7, STM32WBA65RGV6, STM32WBA65RGV7, STM32WBA65RIV6, STM32WBA65RIV7, STM32WL30K8V6, STM32WL30KBV6, STM32WL31C8V6, STM32WL31CBV6, STM32WL31K8V6, STM32WL31KBV6, STM32WL33C8V6, STM32WL33C8V6TR, STM32WL33C8V7, STM32WL33C8V7TR, STM32WL33CBV6, STM32WL33CBV6TR, STM32WL33CBV7, STM32WL33CBV7TR, STM32WL33CCV6, STM32WL33CCV6TR, STM32WL33CCV7, STM32WL33CCV7A, STM32WL33CCV7ATR, STM32WL33CCV7TR, STM32WL33K8V6, STM32WL33K8V6TR, STM32WL33K8V7, STM32WL33K8V7TR, STM32WL33KBV6, STM32WL33KBV6TR, STM32WL33KBV7, STM32WL33KBV7TR, STM32WL33KCV6, STM32WL33KCV6TR, STM32WL33KCV7, STM32WL33KCV7TR, STM32WL5MOCH6, STM32WL5MOCH6TR]
2025-06-28 09:29:05,077 [INFO] DbMcus:218 - Found 4686 MCUs, 4686 are supported
2025-06-28 09:29:05,077 [INFO] ApiDb:423 - Load user favorites file C:\Users\aravi/.stm32cubeide/favorites.mcus.txt: 0 item(s)
2025-06-28 09:29:05,078 [INFO] ApiDb:427 - User favorites MCUs=[]
2025-06-28 09:29:05,078 [INFO] DbMcus:224 - Set 0 / 0 favorites MCUs
2025-06-28 09:29:05,487 [INFO] ApiDb:423 - Load user favorites file C:\Users\aravi/.stm32cubeide/favorites.boards.txt: 0 item(s)
2025-06-28 09:29:05,487 [INFO] ApiDb:427 - User favorites Boards=[]
2025-06-28 09:29:05,487 [INFO] DbBoards:198 - Set 0 / 0 favorites Boards
2025-06-28 09:29:05,538 [INFO] UtilMem:75 - End LoadConfig() Used Memory: 180793392 Bytes (314572800)
2025-06-28 09:29:05,700 [WARN] ThirdParty:833 - waiting for thirdparty lock release [change project]
2025-06-28 09:29:05,701 [INFO] ThirdParty:835 - entering critical section [change project]
2025-06-28 09:29:05,701 [INFO] ThirdParty:1030 - CMSIS Pack Vendor :STMicroelectronics X-CUBE-PM33A1 1.0.0
2025-06-28 09:29:05,701 [INFO] ThirdParty:1030 - CMSIS Pack Vendor :STMicroelectronics USBPD 4.1
2025-06-28 09:29:05,701 [INFO] ThirdParty:1030 - CMSIS Pack Vendor :STMicroelectronics X-CUBE-AZRTOS-H7 3.3.0
2025-06-28 09:29:05,701 [INFO] ThirdParty:1030 - CMSIS Pack Vendor :STMicroelectronics X-CUBE-NFC9 1.0.0
2025-06-28 09:29:05,701 [INFO] ThirdParty:1030 - CMSIS Pack Vendor :STMicroelectronics USB_HOST 2.0.0
2025-06-28 09:29:05,701 [INFO] ThirdParty:1030 - CMSIS Pack Vendor :STMicroelectronics FP-SNS-MOTENVWB1 1.4.0
2025-06-28 09:29:05,701 [INFO] ThirdParty:1030 - CMSIS Pack Vendor :STMicroelectronics X-CUBE-AZRTOS-F4 1.1.0
2025-06-28 09:29:05,701 [INFO] ThirdParty:1030 - CMSIS Pack Vendor :STMicroelectronics LIBJPEG 8.0.0
2025-06-28 09:29:05,701 [INFO] ThirdParty:1030 - CMSIS Pack Vendor :STMicroelectronics FP-ATR-ASTRA1 2.0.2
2025-06-28 09:29:05,701 [INFO] ThirdParty:1030 - CMSIS Pack Vendor :STMicroelectronics X-CUBE-BLE1 7.1.0
2025-06-28 09:29:05,701 [INFO] ThirdParty:1030 - CMSIS Pack Vendor :Avnet-IotConnect X-CUBE-IoTC-DA16k-PMOD 1.0.0
2025-06-28 09:29:05,701 [INFO] ThirdParty:1030 - CMSIS Pack Vendor :STMicroelectronics X-CUBE-SMBUS 2.1.0
2025-06-28 09:29:05,701 [INFO] ThirdParty:1030 - CMSIS Pack Vendor :STMicroelectronics X-CUBE-WB05N 1.1.0
2025-06-28 09:29:05,701 [INFO] ThirdParty:1030 - CMSIS Pack Vendor :wolfSSL I-CUBE-wolfMQTT 1.19.2
2025-06-28 09:29:05,701 [INFO] ThirdParty:1030 - CMSIS Pack Vendor :STMicroelectronics USB_DEVICE 3.0.0
2025-06-28 09:29:05,701 [INFO] ThirdParty:1030 - CMSIS Pack Vendor :STMicroelectronics X-CUBE-ISPU 2.1.0
2025-06-28 09:29:05,701 [INFO] ThirdParty:1030 - CMSIS Pack Vendor :STMicroelectronics X-CUBE-AZRTOS-WB 2.0.0
2025-06-28 09:29:05,701 [INFO] ThirdParty:1030 - CMSIS Pack Vendor :STMicroelectronics X-CUBE-ST60 1.0.0
2025-06-28 09:29:05,701 [INFO] ThirdParty:1030 - CMSIS Pack Vendor :STMicroelectronics X-CUBE-GNSS1 7.0.1
2025-06-28 09:29:05,701 [INFO] ThirdParty:1030 - CMSIS Pack Vendor :STMicroelectronics X-CUBE-AZRTOS-F7 1.1.0
2025-06-28 09:29:05,701 [INFO] ThirdParty:1030 - CMSIS Pack Vendor :STMicroelectronics X-CUBE-AZRTOS-L5 2.0.0
2025-06-28 09:29:05,701 [INFO] ThirdParty:1030 - CMSIS Pack Vendor :STMicroelectronics X-CUBE-TOUCHGFX 4.25.0
2025-06-28 09:29:05,701 [INFO] ThirdParty:1030 - CMSIS Pack Vendor :STMicroelectronics USB_DEVICE 2.0.0
2025-06-28 09:29:05,701 [INFO] ThirdParty:1030 - CMSIS Pack Vendor :STMicroelectronics X-CUBE-NFC6 3.1.0
2025-06-28 09:29:05,701 [INFO] ThirdParty:1030 - CMSIS Pack Vendor :STMicroelectronics X-CUBE-AI 10.1.0
2025-06-28 09:29:05,701 [INFO] ThirdParty:1030 - CMSIS Pack Vendor :STMicroelectronics FP-SNS-STBOX1 2.0.0
2025-06-28 09:29:05,701 [INFO] ThirdParty:1030 - CMSIS Pack Vendor :STMicroelectronics X-CUBE-MEMS1 11.2.0
2025-06-28 09:29:05,701 [INFO] ThirdParty:1030 - CMSIS Pack Vendor :STMicroelectronics FreeRTOS 0.0.1
2025-06-28 09:29:05,701 [INFO] ThirdParty:1030 - CMSIS Pack Vendor :STMicroelectronics X-CUBE-AZRTOS-G0 1.1.0
2025-06-28 09:29:05,701 [INFO] ThirdParty:1030 - CMSIS Pack Vendor :STMicroelectronics X-CUBE-SAFEA1 1.2.2
2025-06-28 09:29:05,702 [INFO] ThirdParty:1030 - CMSIS Pack Vendor :STMicroelectronics X-CUBE-NFC4 3.0.0
2025-06-28 09:29:05,702 [INFO] ThirdParty:1030 - CMSIS Pack Vendor :STMicroelectronics X-CUBE-DPower 1.2.0
2025-06-28 09:29:05,702 [INFO] ThirdParty:1030 - CMSIS Pack Vendor :STMicroelectronics X-CUBE-SUBG2 5.0.0
2025-06-28 09:29:05,702 [INFO] ThirdParty:1030 - CMSIS Pack Vendor :STMicroelectronics X-CUBE-AZRTOS-H7RS 1.1.0
2025-06-28 09:29:05,702 [INFO] ThirdParty:1030 - CMSIS Pack Vendor :STMicroelectronics STM32_WPAN 1.0.0
2025-06-28 09:29:05,702 [INFO] ThirdParty:1030 - CMSIS Pack Vendor :EmbeddedOffice I-CUBE-FS-RTOS 1.0.1
2025-06-28 09:29:05,702 [INFO] ThirdParty:1030 - CMSIS Pack Vendor :STMicroelectronics lwIP 2.0.3
2025-06-28 09:29:05,702 [INFO] ThirdParty:1030 - CMSIS Pack Vendor :Cesanta I-CUBE-Mongoose 7.13.0
2025-06-28 09:29:05,702 [INFO] ThirdParty:1030 - CMSIS Pack Vendor :STMicroelectronics USB_HOST 1.0.0
2025-06-28 09:29:05,702 [INFO] ThirdParty:1030 - CMSIS Pack Vendor :Infineon AIROC-Wi-Fi-Bluetooth-STM32 1.7.0
2025-06-28 09:29:05,702 [INFO] ThirdParty:1030 - CMSIS Pack Vendor :STMicroelectronics X-CUBE-AZRTOS-G4 2.0.0
2025-06-28 09:29:05,702 [INFO] ThirdParty:1030 - CMSIS Pack Vendor :STMicroelectronics X-CUBE-WB05N 2.0.0
2025-06-28 09:29:05,702 [INFO] ThirdParty:1030 - CMSIS Pack Vendor :STMicroelectronics PDM2PCM 3.1.0
2025-06-28 09:29:05,702 [INFO] ThirdParty:1030 - CMSIS Pack Vendor :STMicroelectronics PDM2PCM 3.3.0
2025-06-28 09:29:05,702 [INFO] ThirdParty:1030 - CMSIS Pack Vendor :wolfSSL I-CUBE-wolfTPM 3.8.0
2025-06-28 09:29:05,702 [INFO] ThirdParty:1030 - CMSIS Pack Vendor :STMicroelectronics X-CUBE-DISPLAY 3.0.0
2025-06-28 09:29:05,702 [INFO] ThirdParty:1030 - CMSIS Pack Vendor :wolfSSL I-CUBE-wolfSSH 1.4.20
2025-06-28 09:29:05,702 [INFO] ThirdParty:1030 - CMSIS Pack Vendor :STMicroelectronics X-CUBE-NFC7 2.0.0
2025-06-28 09:29:05,702 [INFO] ThirdParty:1030 - CMSIS Pack Vendor :STMicroelectronics X-CUBE-TCPP 4.2.0
2025-06-28 09:29:05,702 [INFO] ThirdParty:1030 - CMSIS Pack Vendor :RealThread X-CUBE-RT-Thread_Nano 4.1.1
2025-06-28 09:29:05,702 [INFO] ThirdParty:1030 - CMSIS Pack Vendor :STMicroelectronics FP-ATR-SIGFOX1 3.2.0
2025-06-28 09:29:05,702 [INFO] ThirdParty:1030 - CMSIS Pack Vendor :STMicroelectronics X-CUBE-NFC10 1.0.0
2025-06-28 09:29:05,702 [INFO] ThirdParty:1030 - CMSIS Pack Vendor :STMicroelectronics X-CUBE-BLEMGR 4.0.0
2025-06-28 09:29:05,702 [INFO] ThirdParty:1030 - CMSIS Pack Vendor :STMicroelectronics X-CUBE-EEPRMA1 5.1.0
2025-06-28 09:29:05,702 [INFO] ThirdParty:1030 - CMSIS Pack Vendor :STMicroelectronics X-CUBE-FREERTOS 1.3.1
2025-06-28 09:29:05,702 [INFO] ThirdParty:1030 - CMSIS Pack Vendor :STMicroelectronics HAL Drivers 0.0.0
2025-06-28 09:29:05,702 [INFO] ThirdParty:1030 - CMSIS Pack Vendor :STMicroelectronics MBEDTLS 2.16.2
2025-06-28 09:29:05,702 [INFO] ThirdParty:1030 - CMSIS Pack Vendor :STMicroelectronics X-CUBE-IPS 3.1.0
2025-06-28 09:29:05,702 [INFO] ThirdParty:1030 - CMSIS Pack Vendor :STMicroelectronics X-CUBE-ALS 1.0.2
2025-06-28 09:29:05,702 [INFO] ThirdParty:1030 - CMSIS Pack Vendor :emotas I-CUBE-CANOPEN 1.3.0
2025-06-28 09:29:05,702 [INFO] ThirdParty:1030 - CMSIS Pack Vendor :STMicroelectronics X-CUBE-FREERTOS 1.3.0
2025-06-28 09:29:05,702 [INFO] ThirdParty:1030 - CMSIS Pack Vendor :STMicroelectronics X-CUBE-NFC7 1.0.1
2025-06-28 09:29:05,702 [INFO] ThirdParty:1030 - CMSIS Pack Vendor :STMicroelectronics MBEDTLS 2.14.1
2025-06-28 09:29:05,702 [INFO] ThirdParty:1030 - CMSIS Pack Vendor :wolfSSL I-CUBE-wolfSSL 5.7.6
2025-06-28 09:29:05,702 [INFO] ThirdParty:1030 - CMSIS Pack Vendor :ITTIA_DB I-CUBE-ITTIADB 8.9.0
2025-06-28 09:29:05,702 [INFO] ThirdParty:1030 - CMSIS Pack Vendor :portGmbH I-Cube-SoM-uGOAL 1.1.0
2025-06-28 09:29:05,702 [INFO] ThirdParty:1030 - CMSIS Pack Vendor :quantropi X-CUBE-qispace-sdk-base 2.0.0
2025-06-28 09:29:05,702 [INFO] ThirdParty:1030 - CMSIS Pack Vendor :STMicroelectronics X-CUBE-AI 10.0.0
2025-06-28 09:29:05,702 [INFO] ThirdParty:1030 - CMSIS Pack Vendor :STMicroelectronics X-CUBE-ST67W61 1.0.0
2025-06-28 09:29:05,702 [INFO] ThirdParty:1030 - CMSIS Pack Vendor :STMicroelectronics FP-SNS-STAIOTCFT 1.0.0
2025-06-28 09:29:05,702 [INFO] ThirdParty:1030 - CMSIS Pack Vendor :STMicroelectronics ThreadX 1.0.0
2025-06-28 09:29:05,702 [INFO] ThirdParty:1030 - CMSIS Pack Vendor :STMicroelectronics FP-SNS-SMARTAG2 1.2.0
2025-06-28 09:29:05,702 [INFO] ThirdParty:1030 - CMSIS Pack Vendor :STMicroelectronics FP-SNS-FLIGHT1 5.1.0
2025-06-28 09:29:05,702 [INFO] ThirdParty:1030 - CMSIS Pack Vendor :STMicroelectronics X-CUBE-MEMS1 11.1.0
2025-06-28 09:29:05,702 [INFO] ThirdParty:1030 - CMSIS Pack Vendor :STMicroelectronics X-CUBE-AZRTOS-WL 2.0.0
2025-06-28 09:29:05,702 [INFO] ThirdParty:1030 - CMSIS Pack Vendor :SEGGER I-CUBE-embOS 1.3.1
2025-06-28 09:29:05,702 [INFO] ThirdParty:1030 - CMSIS Pack Vendor :STMicroelectronics X-CUBE-ALGOBUILD 1.4.0
2025-06-28 09:29:05,702 [INFO] ThirdParty:1030 - CMSIS Pack Vendor :STMicroelectronics X-CUBE-DPower 1.3.0
2025-06-28 09:29:05,702 [INFO] ThirdParty:1030 - CMSIS Pack Vendor :STMicroelectronics X-CUBE-MEMS1 11.3.0
2025-06-28 09:29:05,702 [INFO] ThirdParty:1030 - CMSIS Pack Vendor :STMicroelectronics FP-SNS-MOTENV1 5.0.0
2025-06-28 09:29:05,702 [INFO] ThirdParty:1030 - CMSIS Pack Vendor :STMicroelectronics USB_DEVICE 1.0.0
2025-06-28 09:29:05,702 [INFO] ThirdParty:1030 - CMSIS Pack Vendor :STMicroelectronics X-CUBE-AZRTOS-L4 2.0.0
2025-06-28 09:29:05,702 [INFO] ThirdParty:1030 - CMSIS Pack Vendor :STMicroelectronics ThreadX 0.0.2
2025-06-28 09:29:05,702 [INFO] ThirdParty:1030 - CMSIS Pack Vendor :WES I-CUBE-Cesium 1.3.0
2025-06-28 09:29:05,702 [INFO] ThirdParty:1030 - CMSIS Pack Vendor :STMicroelectronics lwIP 2.1.2
2025-06-28 09:29:05,703 [INFO] ThirdParty:1030 - CMSIS Pack Vendor :STMicroelectronics X-CUBE-SFXS2LP1 4.0.0
2025-06-28 09:29:05,703 [INFO] ThirdParty:1030 - CMSIS Pack Vendor :STMicroelectronics X-CUBE-BLE2 3.3.0
2025-06-28 09:29:05,703 [INFO] ThirdParty:1030 - CMSIS Pack Vendor :STMicroelectronics X-CUBE-TOF1 3.4.2
2025-06-28 09:29:05,703 [INFO] ThirdParty:1030 - CMSIS Pack Vendor :STMicroelectronics X-CUBE-TOF1 3.4.3
2025-06-28 09:29:05,703 [INFO] ThirdParty:1030 - CMSIS Pack Vendor :STMicroelectronics PDM2PCM 3.2.0
2025-06-28 09:29:05,703 [INFO] ThirdParty:841 - exiting critical section [change project]
2025-06-28 09:29:05,950 [INFO] PinOutPanel:1589 - setPackage(No Configuration,No Configuration)
2025-06-28 09:29:05,952 [INFO] PinOutPanel:1589 - setPackage(STM32F103C8Tx,LQFP48)
2025-06-28 09:29:05,953 [ERROR] LogOutputStream:75 - [STDERR_REDIRECT] [Fatal Error] :1:1: Premature end of file.
2025-06-28 09:29:05,953 [ERROR] LogOutputStream:75 - [STDERR_REDIRECT] 
2025-06-28 09:29:06,359 [INFO] UtilMem:75 - Before build in PCC Used Memory: 231823872 Bytes (314572800)
2025-06-28 09:29:06,946 [ERROR] LogOutputStream:75 - [STDERR_REDIRECT] [Fatal Error] :1:1: Premature end of file.
2025-06-28 09:29:06,947 [ERROR] LogOutputStream:75 - [STDERR_REDIRECT] 
2025-06-28 09:29:07,112 [INFO] UtilMem:75 - After build in PCC Used Memory: 191174560 Bytes (314572800)
2025-06-28 09:29:07,133 [INFO] IPUIPlugin:80 - create IPUIPlugin
2025-06-28 09:29:07,134 [INFO] IPUIPlugin:80 - create IPUIPlugin
2025-06-28 09:29:07,134 [INFO] IPUIPlugin:80 - create IPUIPlugin
2025-06-28 09:29:07,134 [INFO] IPUIPlugin:80 - create IPUIPlugin
2025-06-28 09:29:07,134 [INFO] IPUIPlugin:80 - create IPUIPlugin
2025-06-28 09:29:07,134 [INFO] IPUIPlugin:80 - create IPUIPlugin
2025-06-28 09:29:07,134 [INFO] IPUIPlugin:80 - create IPUIPlugin
2025-06-28 09:29:07,134 [INFO] IPUIPlugin:80 - create IPUIPlugin
2025-06-28 09:29:07,134 [INFO] IPUIPlugin:80 - create IPUIPlugin
2025-06-28 09:29:07,134 [INFO] IPUIPlugin:80 - create IPUIPlugin
2025-06-28 09:29:07,134 [INFO] IPUIPlugin:80 - create IPUIPlugin
2025-06-28 09:29:07,134 [INFO] IPUIPlugin:80 - create IPUIPlugin
2025-06-28 09:29:07,134 [INFO] IPUIPlugin:80 - create IPUIPlugin
2025-06-28 09:29:07,135 [INFO] IPUIPlugin:80 - create IPUIPlugin
2025-06-28 09:29:07,135 [INFO] IPUIPlugin:80 - create IPUIPlugin
2025-06-28 09:29:07,135 [INFO] IPUIPlugin:80 - create IPUIPlugin
2025-06-28 09:29:07,135 [INFO] IPUIPlugin:80 - create IPUIPlugin
2025-06-28 09:29:07,135 [INFO] IPUIPlugin:80 - create IPUIPlugin
2025-06-28 09:29:07,135 [INFO] IPUIPlugin:80 - create IPUIPlugin
2025-06-28 09:29:07,135 [INFO] IPUIPlugin:80 - create IPUIPlugin
2025-06-28 09:29:07,135 [INFO] IPUIPlugin:80 - create IPUIPlugin
2025-06-28 09:29:07,136 [INFO] IPUIPlugin:80 - create IPUIPlugin
2025-06-28 09:29:07,136 [INFO] IPUIPlugin:80 - create IPUIPlugin
2025-06-28 09:29:07,136 [INFO] IPUIPlugin:80 - create IPUIPlugin
2025-06-28 09:29:07,136 [INFO] IPUIPlugin:80 - create IPUIPlugin
2025-06-28 09:29:07,136 [INFO] IPUIPlugin:80 - create IPUIPlugin
2025-06-28 09:29:07,136 [INFO] IPUIPlugin:80 - create IPUIPlugin
2025-06-28 09:29:07,339 [INFO] CADModel:165 - CPN selected for project levelSTM32F103C8T6
2025-06-28 09:29:07,339 [INFO] CADModel:114 - Register for checkConnection events
2025-06-28 09:29:07,391 [INFO] OpenFileManager:385 - Restore cursor
2025-06-28 09:29:07,957 [ERROR] LogOutputStream:75 - [STDERR_REDIRECT] [Fatal Error] :1:1: Premature end of file.
2025-06-28 09:29:07,957 [ERROR] LogOutputStream:75 - [STDERR_REDIRECT] 
2025-06-28 09:29:08,966 [ERROR] LogOutputStream:75 - [STDERR_REDIRECT] [Fatal Error] :1:1: Premature end of file.
2025-06-28 09:29:08,967 [ERROR] LogOutputStream:75 - [STDERR_REDIRECT] 
2025-06-28 09:29:09,966 [ERROR] LogOutputStream:75 - [STDERR_REDIRECT] [Fatal Error] :1:1: Premature end of file.
2025-06-28 09:29:09,968 [ERROR] LogOutputStream:75 - [STDERR_REDIRECT] 
2025-06-28 09:29:10,977 [ERROR] LogOutputStream:75 - [STDERR_REDIRECT] [Fatal Error] :1:1: Premature end of file.
2025-06-28 09:29:10,977 [ERROR] LogOutputStream:75 - [STDERR_REDIRECT] 
2025-06-28 09:29:11,982 [ERROR] LogOutputStream:75 - [STDERR_REDIRECT] [Fatal Error] :1:1: Premature end of file.
2025-06-28 09:29:11,982 [ERROR] LogOutputStream:75 - [STDERR_REDIRECT] 
2025-06-28 09:29:12,979 [ERROR] LogOutputStream:75 - [STDERR_REDIRECT] [Fatal Error] :1:1: Premature end of file.
2025-06-28 09:29:12,979 [ERROR] LogOutputStream:75 - [STDERR_REDIRECT] 
2025-06-28 09:29:13,949 [ERROR] LogOutputStream:75 - [STDERR_REDIRECT] [Fatal Error] :1:1: Premature end of file.
2025-06-28 09:29:13,949 [ERROR] LogOutputStream:75 - [STDERR_REDIRECT] 
2025-06-28 09:29:14,977 [ERROR] LogOutputStream:75 - [STDERR_REDIRECT] [Fatal Error] :1:1: Premature end of file.
2025-06-28 09:29:14,978 [ERROR] LogOutputStream:75 - [STDERR_REDIRECT] 
2025-06-28 09:29:15,982 [ERROR] LogOutputStream:75 - [STDERR_REDIRECT] [Fatal Error] :1:1: Premature end of file.
2025-06-28 09:29:15,983 [ERROR] LogOutputStream:75 - [STDERR_REDIRECT] 
2025-06-28 09:29:17,001 [ERROR] LogOutputStream:75 - [STDERR_REDIRECT] [Fatal Error] :1:1: Premature end of file.
2025-06-28 09:29:17,001 [ERROR] LogOutputStream:75 - [STDERR_REDIRECT] 
2025-06-28 09:29:17,989 [ERROR] LogOutputStream:75 - [STDERR_REDIRECT] [Fatal Error] :1:1: Premature end of file.
2025-06-28 09:29:17,989 [ERROR] LogOutputStream:75 - [STDERR_REDIRECT] 
2025-06-28 09:29:18,971 [ERROR] LogOutputStream:75 - [STDERR_REDIRECT] [Fatal Error] :1:1: Premature end of file.
2025-06-28 09:29:18,972 [ERROR] LogOutputStream:75 - [STDERR_REDIRECT] 
2025-06-28 09:29:20,000 [ERROR] LogOutputStream:75 - [STDERR_REDIRECT] [Fatal Error] :1:1: Premature end of file.
2025-06-28 09:29:20,000 [ERROR] LogOutputStream:75 - [STDERR_REDIRECT] 
2025-06-28 09:29:20,960 [ERROR] LogOutputStream:75 - [STDERR_REDIRECT] [Fatal Error] :1:1: Premature end of file.
2025-06-28 09:29:20,960 [ERROR] LogOutputStream:75 - [STDERR_REDIRECT] 
2025-06-28 09:29:21,957 [ERROR] LogOutputStream:75 - [STDERR_REDIRECT] [Fatal Error] :1:1: Premature end of file.
2025-06-28 09:29:21,957 [ERROR] LogOutputStream:75 - [STDERR_REDIRECT] 
2025-06-28 09:29:22,982 [ERROR] LogOutputStream:75 - [STDERR_REDIRECT] [Fatal Error] :1:1: Premature end of file.
2025-06-28 09:29:22,982 [ERROR] LogOutputStream:75 - [STDERR_REDIRECT] 
2025-06-28 09:29:23,975 [ERROR] LogOutputStream:75 - [STDERR_REDIRECT] [Fatal Error] :1:1: Premature end of file.
2025-06-28 09:29:23,976 [ERROR] LogOutputStream:75 - [STDERR_REDIRECT] 
2025-06-28 09:29:24,973 [ERROR] LogOutputStream:75 - [STDERR_REDIRECT] [Fatal Error] :1:1: Premature end of file.
2025-06-28 09:29:24,975 [ERROR] LogOutputStream:75 - [STDERR_REDIRECT] 
2025-06-28 09:29:25,955 [ERROR] LogOutputStream:75 - [STDERR_REDIRECT] [Fatal Error] :1:1: Premature end of file.
2025-06-28 09:29:25,955 [ERROR] LogOutputStream:75 - [STDERR_REDIRECT] 
2025-06-28 09:29:26,984 [ERROR] LogOutputStream:75 - [STDERR_REDIRECT] [Fatal Error] :1:1: Premature end of file.
2025-06-28 09:29:26,984 [ERROR] LogOutputStream:75 - [STDERR_REDIRECT] 
2025-06-28 09:29:27,971 [ERROR] LogOutputStream:75 - [STDERR_REDIRECT] [Fatal Error] :1:1: Premature end of file.
2025-06-28 09:29:27,971 [ERROR] LogOutputStream:75 - [STDERR_REDIRECT] 
2025-06-28 09:29:28,948 [ERROR] LogOutputStream:75 - [STDERR_REDIRECT] [Fatal Error] :1:1: Premature end of file.
2025-06-28 09:29:28,948 [ERROR] LogOutputStream:75 - [STDERR_REDIRECT] 
2025-06-28 09:29:29,952 [ERROR] LogOutputStream:75 - [STDERR_REDIRECT] [Fatal Error] :1:1: Premature end of file.
2025-06-28 09:29:29,952 [ERROR] LogOutputStream:75 - [STDERR_REDIRECT] 
2025-06-28 09:29:30,956 [ERROR] LogOutputStream:75 - [STDERR_REDIRECT] [Fatal Error] :1:1: Premature end of file.
2025-06-28 09:29:30,956 [ERROR] LogOutputStream:75 - [STDERR_REDIRECT] 
2025-06-28 09:29:31,965 [ERROR] LogOutputStream:75 - [STDERR_REDIRECT] [Fatal Error] :1:1: Premature end of file.
2025-06-28 09:29:31,965 [ERROR] LogOutputStream:75 - [STDERR_REDIRECT] 
2025-06-28 09:29:32,954 [ERROR] LogOutputStream:75 - [STDERR_REDIRECT] [Fatal Error] :1:1: Premature end of file.
2025-06-28 09:29:32,955 [ERROR] LogOutputStream:75 - [STDERR_REDIRECT] 
2025-06-28 09:29:33,982 [ERROR] LogOutputStream:75 - [STDERR_REDIRECT] [Fatal Error] :1:1: Premature end of file.
2025-06-28 09:29:33,983 [ERROR] LogOutputStream:75 - [STDERR_REDIRECT] 
2025-06-28 09:29:34,978 [ERROR] LogOutputStream:75 - [STDERR_REDIRECT] [Fatal Error] :1:1: Premature end of file.
2025-06-28 09:29:34,978 [ERROR] LogOutputStream:75 - [STDERR_REDIRECT] 
2025-06-28 09:29:35,973 [ERROR] LogOutputStream:75 - [STDERR_REDIRECT] [Fatal Error] :1:1: Premature end of file.
2025-06-28 09:29:35,973 [ERROR] LogOutputStream:75 - [STDERR_REDIRECT] 
2025-06-28 09:29:36,980 [ERROR] LogOutputStream:75 - [STDERR_REDIRECT] [Fatal Error] :1:1: Premature end of file.
2025-06-28 09:29:36,980 [ERROR] LogOutputStream:75 - [STDERR_REDIRECT] 
2025-06-28 09:29:37,960 [ERROR] LogOutputStream:75 - [STDERR_REDIRECT] [Fatal Error] :1:1: Premature end of file.
2025-06-28 09:29:37,961 [ERROR] LogOutputStream:75 - [STDERR_REDIRECT] 
2025-06-28 09:29:38,977 [ERROR] LogOutputStream:75 - [STDERR_REDIRECT] [Fatal Error] :1:1: Premature end of file.
2025-06-28 09:29:38,977 [ERROR] LogOutputStream:75 - [STDERR_REDIRECT] 
2025-06-28 09:29:39,983 [ERROR] LogOutputStream:75 - [STDERR_REDIRECT] [Fatal Error] :1:1: Premature end of file.
2025-06-28 09:29:39,984 [ERROR] LogOutputStream:75 - [STDERR_REDIRECT] 
2025-06-28 09:29:40,976 [ERROR] LogOutputStream:75 - [STDERR_REDIRECT] [Fatal Error] :1:1: Premature end of file.
2025-06-28 09:29:40,977 [ERROR] LogOutputStream:75 - [STDERR_REDIRECT] 
2025-06-28 09:29:41,950 [ERROR] LogOutputStream:75 - [STDERR_REDIRECT] [Fatal Error] :1:1: Premature end of file.
2025-06-28 09:29:41,950 [ERROR] LogOutputStream:75 - [STDERR_REDIRECT] 
2025-06-28 09:29:42,977 [ERROR] LogOutputStream:75 - [STDERR_REDIRECT] [Fatal Error] :1:1: Premature end of file.
2025-06-28 09:29:42,978 [ERROR] LogOutputStream:75 - [STDERR_REDIRECT] 
2025-06-28 09:29:43,957 [ERROR] LogOutputStream:75 - [STDERR_REDIRECT] [Fatal Error] :1:1: Premature end of file.
2025-06-28 09:29:43,958 [ERROR] LogOutputStream:75 - [STDERR_REDIRECT] 
2025-06-28 09:29:44,969 [ERROR] LogOutputStream:75 - [STDERR_REDIRECT] [Fatal Error] :1:1: Premature end of file.
2025-06-28 09:29:44,970 [ERROR] LogOutputStream:75 - [STDERR_REDIRECT] 
2025-06-28 09:29:45,977 [ERROR] LogOutputStream:75 - [STDERR_REDIRECT] [Fatal Error] :1:1: Premature end of file.
2025-06-28 09:29:45,978 [ERROR] LogOutputStream:75 - [STDERR_REDIRECT] 
2025-06-28 09:29:46,979 [ERROR] LogOutputStream:75 - [STDERR_REDIRECT] [Fatal Error] :1:1: Premature end of file.
2025-06-28 09:29:46,980 [ERROR] LogOutputStream:75 - [STDERR_REDIRECT] 
2025-06-28 09:29:47,947 [ERROR] LogOutputStream:75 - [STDERR_REDIRECT] [Fatal Error] :1:1: Premature end of file.
2025-06-28 09:29:47,947 [ERROR] LogOutputStream:75 - [STDERR_REDIRECT] 
2025-06-28 09:29:48,985 [ERROR] LogOutputStream:75 - [STDERR_REDIRECT] [Fatal Error] :1:1: Premature end of file.
2025-06-28 09:29:48,985 [ERROR] LogOutputStream:75 - [STDERR_REDIRECT] 
2025-06-28 09:29:49,977 [ERROR] LogOutputStream:75 - [STDERR_REDIRECT] [Fatal Error] :1:1: Premature end of file.
2025-06-28 09:29:49,977 [ERROR] LogOutputStream:75 - [STDERR_REDIRECT] 
2025-06-28 09:29:50,976 [ERROR] LogOutputStream:75 - [STDERR_REDIRECT] [Fatal Error] :1:1: Premature end of file.
2025-06-28 09:29:50,976 [ERROR] LogOutputStream:75 - [STDERR_REDIRECT] 
2025-06-28 09:29:51,978 [ERROR] LogOutputStream:75 - [STDERR_REDIRECT] [Fatal Error] :1:1: Premature end of file.
2025-06-28 09:29:51,978 [ERROR] LogOutputStream:75 - [STDERR_REDIRECT] 
2025-06-28 09:29:52,951 [ERROR] LogOutputStream:75 - [STDERR_REDIRECT] [Fatal Error] :1:1: Premature end of file.
2025-06-28 09:29:52,952 [ERROR] LogOutputStream:75 - [STDERR_REDIRECT] 
2025-06-28 09:29:53,978 [ERROR] LogOutputStream:75 - [STDERR_REDIRECT] [Fatal Error] :1:1: Premature end of file.
2025-06-28 09:29:53,978 [ERROR] LogOutputStream:75 - [STDERR_REDIRECT] 
2025-06-28 09:29:54,974 [ERROR] LogOutputStream:75 - [STDERR_REDIRECT] [Fatal Error] :1:1: Premature end of file.
2025-06-28 09:29:54,975 [ERROR] LogOutputStream:75 - [STDERR_REDIRECT] 
2025-06-28 09:29:55,959 [ERROR] LogOutputStream:75 - [STDERR_REDIRECT] [Fatal Error] :1:1: Premature end of file.
2025-06-28 09:29:55,960 [ERROR] LogOutputStream:75 - [STDERR_REDIRECT] 
2025-06-28 09:29:56,980 [ERROR] LogOutputStream:75 - [STDERR_REDIRECT] [Fatal Error] :1:1: Premature end of file.
2025-06-28 09:29:56,980 [ERROR] LogOutputStream:75 - [STDERR_REDIRECT] 
2025-06-28 09:29:57,949 [ERROR] LogOutputStream:75 - [STDERR_REDIRECT] [Fatal Error] :1:1: Premature end of file.
2025-06-28 09:29:57,950 [ERROR] LogOutputStream:75 - [STDERR_REDIRECT] 
2025-06-28 09:29:58,948 [ERROR] LogOutputStream:75 - [STDERR_REDIRECT] [Fatal Error] :1:1: Premature end of file.
2025-06-28 09:29:58,948 [ERROR] LogOutputStream:75 - [STDERR_REDIRECT] 
2025-06-28 09:29:59,983 [ERROR] LogOutputStream:75 - [STDERR_REDIRECT] [Fatal Error] :1:1: Premature end of file.
2025-06-28 09:29:59,983 [ERROR] LogOutputStream:75 - [STDERR_REDIRECT] 
2025-06-28 09:30:00,966 [ERROR] LogOutputStream:75 - [STDERR_REDIRECT] [Fatal Error] :1:1: Premature end of file.
2025-06-28 09:30:00,967 [ERROR] LogOutputStream:75 - [STDERR_REDIRECT] 
2025-06-28 09:30:01,978 [ERROR] LogOutputStream:75 - [STDERR_REDIRECT] [Fatal Error] :1:1: Premature end of file.
2025-06-28 09:30:01,979 [ERROR] LogOutputStream:75 - [STDERR_REDIRECT] 
2025-06-28 09:30:02,981 [ERROR] LogOutputStream:75 - [STDERR_REDIRECT] [Fatal Error] :1:1: Premature end of file.
2025-06-28 09:30:02,981 [ERROR] LogOutputStream:75 - [STDERR_REDIRECT] 
2025-06-28 09:30:03,982 [ERROR] LogOutputStream:75 - [STDERR_REDIRECT] [Fatal Error] :1:1: Premature end of file.
2025-06-28 09:30:03,983 [ERROR] LogOutputStream:75 - [STDERR_REDIRECT] 
2025-06-28 09:30:04,981 [ERROR] LogOutputStream:75 - [STDERR_REDIRECT] [Fatal Error] :1:1: Premature end of file.
2025-06-28 09:30:04,981 [ERROR] LogOutputStream:75 - [STDERR_REDIRECT] 
2025-06-28 09:30:05,984 [ERROR] LogOutputStream:75 - [STDERR_REDIRECT] [Fatal Error] :1:1: Premature end of file.
2025-06-28 09:30:05,985 [ERROR] LogOutputStream:75 - [STDERR_REDIRECT] 
2025-06-28 09:30:06,987 [ERROR] LogOutputStream:75 - [STDERR_REDIRECT] [Fatal Error] :1:1: Premature end of file.
2025-06-28 09:30:06,987 [ERROR] LogOutputStream:75 - [STDERR_REDIRECT] 
2025-06-28 09:30:07,948 [ERROR] LogOutputStream:75 - [STDERR_REDIRECT] [Fatal Error] :1:1: Premature end of file.
2025-06-28 09:30:07,948 [ERROR] LogOutputStream:75 - [STDERR_REDIRECT] 
2025-06-28 09:30:08,962 [ERROR] LogOutputStream:75 - [STDERR_REDIRECT] [Fatal Error] :1:1: Premature end of file.
2025-06-28 09:30:08,962 [ERROR] LogOutputStream:75 - [STDERR_REDIRECT] 
2025-06-28 09:30:09,978 [ERROR] LogOutputStream:75 - [STDERR_REDIRECT] [Fatal Error] :1:1: Premature end of file.
2025-06-28 09:30:09,978 [ERROR] LogOutputStream:75 - [STDERR_REDIRECT] 
2025-06-28 09:30:10,967 [ERROR] LogOutputStream:75 - [STDERR_REDIRECT] [Fatal Error] :1:1: Premature end of file.
2025-06-28 09:30:10,967 [ERROR] LogOutputStream:75 - [STDERR_REDIRECT] 
2025-06-28 09:30:11,975 [ERROR] LogOutputStream:75 - [STDERR_REDIRECT] [Fatal Error] :1:1: Premature end of file.
2025-06-28 09:30:11,975 [ERROR] LogOutputStream:75 - [STDERR_REDIRECT] 
2025-06-28 09:30:12,962 [ERROR] LogOutputStream:75 - [STDERR_REDIRECT] [Fatal Error] :1:1: Premature end of file.
2025-06-28 09:30:12,962 [ERROR] LogOutputStream:75 - [STDERR_REDIRECT] 
2025-06-28 09:30:13,974 [ERROR] LogOutputStream:75 - [STDERR_REDIRECT] [Fatal Error] :1:1: Premature end of file.
2025-06-28 09:30:13,974 [ERROR] LogOutputStream:75 - [STDERR_REDIRECT] 
2025-06-28 09:30:14,968 [ERROR] LogOutputStream:75 - [STDERR_REDIRECT] [Fatal Error] :1:1: Premature end of file.
2025-06-28 09:30:14,968 [ERROR] LogOutputStream:75 - [STDERR_REDIRECT] 
2025-06-28 09:30:15,983 [ERROR] LogOutputStream:75 - [STDERR_REDIRECT] [Fatal Error] :1:1: Premature end of file.
2025-06-28 09:30:15,983 [ERROR] LogOutputStream:75 - [STDERR_REDIRECT] 
2025-06-28 09:30:16,984 [ERROR] LogOutputStream:75 - [STDERR_REDIRECT] [Fatal Error] :1:1: Premature end of file.
2025-06-28 09:30:16,985 [ERROR] LogOutputStream:75 - [STDERR_REDIRECT] 
2025-06-28 09:30:17,981 [ERROR] LogOutputStream:75 - [STDERR_REDIRECT] [Fatal Error] :1:1: Premature end of file.
2025-06-28 09:30:17,981 [ERROR] LogOutputStream:75 - [STDERR_REDIRECT] 
2025-06-28 09:30:18,979 [ERROR] LogOutputStream:75 - [STDERR_REDIRECT] [Fatal Error] :1:1: Premature end of file.
2025-06-28 09:30:18,980 [ERROR] LogOutputStream:75 - [STDERR_REDIRECT] 
2025-06-28 09:30:19,973 [ERROR] LogOutputStream:75 - [STDERR_REDIRECT] [Fatal Error] :1:1: Premature end of file.
2025-06-28 09:30:19,973 [ERROR] LogOutputStream:75 - [STDERR_REDIRECT] 
2025-06-28 09:30:20,980 [ERROR] LogOutputStream:75 - [STDERR_REDIRECT] [Fatal Error] :1:1: Premature end of file.
2025-06-28 09:30:20,980 [ERROR] LogOutputStream:75 - [STDERR_REDIRECT] 
2025-06-28 09:30:21,951 [ERROR] LogOutputStream:75 - [STDERR_REDIRECT] [Fatal Error] :1:1: Premature end of file.
2025-06-28 09:30:21,952 [ERROR] LogOutputStream:75 - [STDERR_REDIRECT] 
2025-06-28 09:30:22,979 [ERROR] LogOutputStream:75 - [STDERR_REDIRECT] [Fatal Error] :1:1: Premature end of file.
2025-06-28 09:30:22,979 [ERROR] LogOutputStream:75 - [STDERR_REDIRECT] 
2025-06-28 09:30:23,974 [ERROR] LogOutputStream:75 - [STDERR_REDIRECT] [Fatal Error] :1:1: Premature end of file.
2025-06-28 09:30:23,974 [ERROR] LogOutputStream:75 - [STDERR_REDIRECT] 
2025-06-28 09:30:24,985 [ERROR] LogOutputStream:75 - [STDERR_REDIRECT] [Fatal Error] :1:1: Premature end of file.
2025-06-28 09:30:24,985 [ERROR] LogOutputStream:75 - [STDERR_REDIRECT] 
2025-06-28 09:30:25,948 [ERROR] LogOutputStream:75 - [STDERR_REDIRECT] [Fatal Error] :1:1: Premature end of file.
2025-06-28 09:30:25,948 [ERROR] LogOutputStream:75 - [STDERR_REDIRECT] 
2025-06-28 09:30:26,974 [ERROR] LogOutputStream:75 - [STDERR_REDIRECT] [Fatal Error] :1:1: Premature end of file.
2025-06-28 09:30:26,974 [ERROR] LogOutputStream:75 - [STDERR_REDIRECT] 
2025-06-28 09:30:27,984 [ERROR] LogOutputStream:75 - [STDERR_REDIRECT] [Fatal Error] :1:1: Premature end of file.
2025-06-28 09:30:27,984 [ERROR] LogOutputStream:75 - [STDERR_REDIRECT] 
2025-06-28 09:30:29,008 [ERROR] LogOutputStream:75 - [STDERR_REDIRECT] [Fatal Error] :1:1: Premature end of file.
2025-06-28 09:30:29,014 [ERROR] LogOutputStream:75 - [STDERR_REDIRECT] 
2025-06-28 09:30:29,989 [ERROR] LogOutputStream:75 - [STDERR_REDIRECT] [Fatal Error] :1:1: Premature end of file.
2025-06-28 09:30:29,989 [ERROR] LogOutputStream:75 - [STDERR_REDIRECT] 
2025-06-28 09:30:30,973 [ERROR] LogOutputStream:75 - [STDERR_REDIRECT] [Fatal Error] :1:1: Premature end of file.
2025-06-28 09:30:30,973 [ERROR] LogOutputStream:75 - [STDERR_REDIRECT] 
2025-06-28 09:30:31,934 [ERROR] LogOutputStream:75 - [STDERR_REDIRECT] [Fatal Error] :1:1: Premature end of file.
2025-06-28 09:30:31,934 [ERROR] LogOutputStream:75 - [STDERR_REDIRECT] 
2025-06-28 09:30:32,980 [ERROR] LogOutputStream:75 - [STDERR_REDIRECT] [Fatal Error] :1:1: Premature end of file.
2025-06-28 09:30:32,980 [ERROR] LogOutputStream:75 - [STDERR_REDIRECT] 
2025-06-28 09:30:33,949 [ERROR] LogOutputStream:75 - [STDERR_REDIRECT] [Fatal Error] :1:1: Premature end of file.
2025-06-28 09:30:33,949 [ERROR] LogOutputStream:75 - [STDERR_REDIRECT] 
2025-06-28 09:30:34,976 [ERROR] LogOutputStream:75 - [STDERR_REDIRECT] [Fatal Error] :1:1: Premature end of file.
2025-06-28 09:30:34,977 [ERROR] LogOutputStream:75 - [STDERR_REDIRECT] 
2025-06-28 09:30:35,968 [ERROR] LogOutputStream:75 - [STDERR_REDIRECT] [Fatal Error] :1:1: Premature end of file.
2025-06-28 09:30:35,968 [ERROR] LogOutputStream:75 - [STDERR_REDIRECT] 
2025-06-28 09:30:36,956 [ERROR] LogOutputStream:75 - [STDERR_REDIRECT] [Fatal Error] :1:1: Premature end of file.
2025-06-28 09:30:36,958 [ERROR] LogOutputStream:75 - [STDERR_REDIRECT] 
2025-06-28 09:30:37,948 [ERROR] LogOutputStream:75 - [STDERR_REDIRECT] [Fatal Error] :1:1: Premature end of file.
2025-06-28 09:30:37,948 [ERROR] LogOutputStream:75 - [STDERR_REDIRECT] 
2025-06-28 09:30:38,983 [ERROR] LogOutputStream:75 - [STDERR_REDIRECT] [Fatal Error] :1:1: Premature end of file.
2025-06-28 09:30:38,983 [ERROR] LogOutputStream:75 - [STDERR_REDIRECT] 
2025-06-28 09:30:39,986 [ERROR] LogOutputStream:75 - [STDERR_REDIRECT] [Fatal Error] :1:1: Premature end of file.
2025-06-28 09:30:39,986 [ERROR] LogOutputStream:75 - [STDERR_REDIRECT] 
2025-06-28 09:30:40,982 [ERROR] LogOutputStream:75 - [STDERR_REDIRECT] [Fatal Error] :1:1: Premature end of file.
2025-06-28 09:30:40,982 [ERROR] LogOutputStream:75 - [STDERR_REDIRECT] 
2025-06-28 09:30:41,976 [ERROR] LogOutputStream:75 - [STDERR_REDIRECT] [Fatal Error] :1:1: Premature end of file.
2025-06-28 09:30:41,976 [ERROR] LogOutputStream:75 - [STDERR_REDIRECT] 
2025-06-28 09:30:42,984 [ERROR] LogOutputStream:75 - [STDERR_REDIRECT] [Fatal Error] :1:1: Premature end of file.
2025-06-28 09:30:42,985 [ERROR] LogOutputStream:75 - [STDERR_REDIRECT] 
2025-06-28 09:30:43,985 [ERROR] LogOutputStream:75 - [STDERR_REDIRECT] [Fatal Error] :1:1: Premature end of file.
2025-06-28 09:30:43,985 [ERROR] LogOutputStream:75 - [STDERR_REDIRECT] 
2025-06-28 09:30:44,976 [ERROR] LogOutputStream:75 - [STDERR_REDIRECT] [Fatal Error] :1:1: Premature end of file.
2025-06-28 09:30:44,976 [ERROR] LogOutputStream:75 - [STDERR_REDIRECT] 
2025-06-28 09:30:45,984 [ERROR] LogOutputStream:75 - [STDERR_REDIRECT] [Fatal Error] :1:1: Premature end of file.
2025-06-28 09:30:45,984 [ERROR] LogOutputStream:75 - [STDERR_REDIRECT] 
2025-06-28 09:30:46,980 [ERROR] LogOutputStream:75 - [STDERR_REDIRECT] [Fatal Error] :1:1: Premature end of file.
2025-06-28 09:30:46,980 [ERROR] LogOutputStream:75 - [STDERR_REDIRECT] 
2025-06-28 09:30:47,988 [ERROR] LogOutputStream:75 - [STDERR_REDIRECT] [Fatal Error] :1:1: Premature end of file.
2025-06-28 09:30:47,989 [ERROR] LogOutputStream:75 - [STDERR_REDIRECT] 
2025-06-28 09:30:48,984 [ERROR] LogOutputStream:75 - [STDERR_REDIRECT] [Fatal Error] :1:1: Premature end of file.
2025-06-28 09:30:48,984 [ERROR] LogOutputStream:75 - [STDERR_REDIRECT] 
2025-06-28 09:30:49,982 [ERROR] LogOutputStream:75 - [STDERR_REDIRECT] [Fatal Error] :1:1: Premature end of file.
2025-06-28 09:30:49,983 [ERROR] LogOutputStream:75 - [STDERR_REDIRECT] 
2025-06-28 09:30:50,985 [ERROR] LogOutputStream:75 - [STDERR_REDIRECT] [Fatal Error] :1:1: Premature end of file.
2025-06-28 09:30:50,986 [ERROR] LogOutputStream:75 - [STDERR_REDIRECT] 
2025-06-28 09:30:51,991 [ERROR] LogOutputStream:75 - [STDERR_REDIRECT] [Fatal Error] :1:1: Premature end of file.
2025-06-28 09:30:51,991 [ERROR] LogOutputStream:75 - [STDERR_REDIRECT] 
2025-06-28 09:30:52,982 [ERROR] LogOutputStream:75 - [STDERR_REDIRECT] [Fatal Error] :1:1: Premature end of file.
2025-06-28 09:30:52,983 [ERROR] LogOutputStream:75 - [STDERR_REDIRECT] 
2025-06-28 09:30:53,980 [ERROR] LogOutputStream:75 - [STDERR_REDIRECT] [Fatal Error] :1:1: Premature end of file.
2025-06-28 09:30:53,980 [ERROR] LogOutputStream:75 - [STDERR_REDIRECT] 
2025-06-28 09:30:54,979 [ERROR] LogOutputStream:75 - [STDERR_REDIRECT] [Fatal Error] :1:1: Premature end of file.
2025-06-28 09:30:54,979 [ERROR] LogOutputStream:75 - [STDERR_REDIRECT] 
2025-06-28 09:30:55,989 [ERROR] LogOutputStream:75 - [STDERR_REDIRECT] [Fatal Error] :1:1: Premature end of file.
2025-06-28 09:30:55,989 [ERROR] LogOutputStream:75 - [STDERR_REDIRECT] 
2025-06-28 09:30:56,979 [ERROR] LogOutputStream:75 - [STDERR_REDIRECT] [Fatal Error] :1:1: Premature end of file.
2025-06-28 09:30:56,979 [ERROR] LogOutputStream:75 - [STDERR_REDIRECT] 
2025-06-28 09:30:57,989 [ERROR] LogOutputStream:75 - [STDERR_REDIRECT] [Fatal Error] :1:1: Premature end of file.
2025-06-28 09:30:57,990 [ERROR] LogOutputStream:75 - [STDERR_REDIRECT] 
2025-06-28 09:30:58,983 [ERROR] LogOutputStream:75 - [STDERR_REDIRECT] [Fatal Error] :1:1: Premature end of file.
2025-06-28 09:30:58,983 [ERROR] LogOutputStream:75 - [STDERR_REDIRECT] 
2025-06-28 09:30:59,989 [ERROR] LogOutputStream:75 - [STDERR_REDIRECT] [Fatal Error] :1:1: Premature end of file.
2025-06-28 09:30:59,989 [ERROR] LogOutputStream:75 - [STDERR_REDIRECT] 
2025-06-28 09:31:00,987 [ERROR] LogOutputStream:75 - [STDERR_REDIRECT] [Fatal Error] :1:1: Premature end of file.
2025-06-28 09:31:00,987 [ERROR] LogOutputStream:75 - [STDERR_REDIRECT] 
2025-06-28 09:31:01,987 [ERROR] LogOutputStream:75 - [STDERR_REDIRECT] [Fatal Error] :1:1: Premature end of file.
2025-06-28 09:31:01,988 [ERROR] LogOutputStream:75 - [STDERR_REDIRECT] 
2025-06-28 09:31:02,980 [ERROR] LogOutputStream:75 - [STDERR_REDIRECT] [Fatal Error] :1:1: Premature end of file.
2025-06-28 09:31:02,980 [ERROR] LogOutputStream:75 - [STDERR_REDIRECT] 
2025-06-28 09:31:03,959 [ERROR] LogOutputStream:75 - [STDERR_REDIRECT] [Fatal Error] :1:1: Premature end of file.
2025-06-28 09:31:03,959 [ERROR] LogOutputStream:75 - [STDERR_REDIRECT] 
2025-06-28 09:31:04,978 [ERROR] LogOutputStream:75 - [STDERR_REDIRECT] [Fatal Error] :1:1: Premature end of file.
2025-06-28 09:31:04,978 [ERROR] LogOutputStream:75 - [STDERR_REDIRECT] 
2025-06-28 09:31:05,962 [ERROR] LogOutputStream:75 - [STDERR_REDIRECT] [Fatal Error] :1:1: Premature end of file.
2025-06-28 09:31:05,963 [ERROR] LogOutputStream:75 - [STDERR_REDIRECT] 
2025-06-28 09:31:06,983 [ERROR] LogOutputStream:75 - [STDERR_REDIRECT] [Fatal Error] :1:1: Premature end of file.
2025-06-28 09:31:06,983 [ERROR] LogOutputStream:75 - [STDERR_REDIRECT] 
2025-06-28 09:31:07,987 [ERROR] LogOutputStream:75 - [STDERR_REDIRECT] [Fatal Error] :1:1: Premature end of file.
2025-06-28 09:31:07,988 [ERROR] LogOutputStream:75 - [STDERR_REDIRECT] 
2025-06-28 09:31:08,979 [ERROR] LogOutputStream:75 - [STDERR_REDIRECT] [Fatal Error] :1:1: Premature end of file.
2025-06-28 09:31:08,979 [ERROR] LogOutputStream:75 - [STDERR_REDIRECT] 
2025-06-28 09:31:09,986 [ERROR] LogOutputStream:75 - [STDERR_REDIRECT] [Fatal Error] :1:1: Premature end of file.
2025-06-28 09:31:09,986 [ERROR] LogOutputStream:75 - [STDERR_REDIRECT] 
2025-06-28 09:31:10,985 [ERROR] LogOutputStream:75 - [STDERR_REDIRECT] [Fatal Error] :1:1: Premature end of file.
2025-06-28 09:31:10,986 [ERROR] LogOutputStream:75 - [STDERR_REDIRECT] 
2025-06-28 09:31:11,982 [ERROR] LogOutputStream:75 - [STDERR_REDIRECT] [Fatal Error] :1:1: Premature end of file.
2025-06-28 09:31:11,982 [ERROR] LogOutputStream:75 - [STDERR_REDIRECT] 
2025-06-28 09:31:12,977 [ERROR] LogOutputStream:75 - [STDERR_REDIRECT] [Fatal Error] :1:1: Premature end of file.
2025-06-28 09:31:12,978 [ERROR] LogOutputStream:75 - [STDERR_REDIRECT] 
2025-06-28 09:31:13,986 [ERROR] LogOutputStream:75 - [STDERR_REDIRECT] [Fatal Error] :1:1: Premature end of file.
2025-06-28 09:31:13,987 [ERROR] LogOutputStream:75 - [STDERR_REDIRECT] 
2025-06-28 09:31:14,967 [ERROR] LogOutputStream:75 - [STDERR_REDIRECT] [Fatal Error] :1:1: Premature end of file.
2025-06-28 09:31:14,967 [ERROR] LogOutputStream:75 - [STDERR_REDIRECT] 
2025-06-28 09:31:15,988 [ERROR] LogOutputStream:75 - [STDERR_REDIRECT] [Fatal Error] :1:1: Premature end of file.
2025-06-28 09:31:15,988 [ERROR] LogOutputStream:75 - [STDERR_REDIRECT] 
2025-06-28 09:31:16,986 [ERROR] LogOutputStream:75 - [STDERR_REDIRECT] [Fatal Error] :1:1: Premature end of file.
2025-06-28 09:31:16,986 [ERROR] LogOutputStream:75 - [STDERR_REDIRECT] 
2025-06-28 09:31:17,979 [ERROR] LogOutputStream:75 - [STDERR_REDIRECT] [Fatal Error] :1:1: Premature end of file.
2025-06-28 09:31:17,979 [ERROR] LogOutputStream:75 - [STDERR_REDIRECT] 
2025-06-28 09:31:18,987 [ERROR] LogOutputStream:75 - [STDERR_REDIRECT] [Fatal Error] :1:1: Premature end of file.
2025-06-28 09:31:18,987 [ERROR] LogOutputStream:75 - [STDERR_REDIRECT] 
2025-06-28 09:31:19,986 [ERROR] LogOutputStream:75 - [STDERR_REDIRECT] [Fatal Error] :1:1: Premature end of file.
2025-06-28 09:31:19,987 [ERROR] LogOutputStream:75 - [STDERR_REDIRECT] 
2025-06-28 09:31:20,982 [ERROR] LogOutputStream:75 - [STDERR_REDIRECT] [Fatal Error] :1:1: Premature end of file.
2025-06-28 09:31:20,982 [ERROR] LogOutputStream:75 - [STDERR_REDIRECT] 
2025-06-28 09:31:21,961 [ERROR] LogOutputStream:75 - [STDERR_REDIRECT] [Fatal Error] :1:1: Premature end of file.
2025-06-28 09:31:21,961 [ERROR] LogOutputStream:75 - [STDERR_REDIRECT] 
2025-06-28 09:31:22,999 [ERROR] LogOutputStream:75 - [STDERR_REDIRECT] [Fatal Error] :1:1: Premature end of file.
2025-06-28 09:31:22,999 [ERROR] LogOutputStream:75 - [STDERR_REDIRECT] 
2025-06-28 09:31:23,965 [ERROR] LogOutputStream:75 - [STDERR_REDIRECT] [Fatal Error] :1:1: Premature end of file.
2025-06-28 09:31:23,965 [ERROR] LogOutputStream:75 - [STDERR_REDIRECT] 
2025-06-28 09:31:24,979 [ERROR] LogOutputStream:75 - [STDERR_REDIRECT] [Fatal Error] :1:1: Premature end of file.
2025-06-28 09:31:24,979 [ERROR] LogOutputStream:75 - [STDERR_REDIRECT] 
2025-06-28 09:31:25,962 [ERROR] LogOutputStream:75 - [STDERR_REDIRECT] [Fatal Error] :1:1: Premature end of file.
2025-06-28 09:31:25,962 [ERROR] LogOutputStream:75 - [STDERR_REDIRECT] 
2025-06-28 09:31:26,986 [ERROR] LogOutputStream:75 - [STDERR_REDIRECT] [Fatal Error] :1:1: Premature end of file.
2025-06-28 09:31:26,986 [ERROR] LogOutputStream:75 - [STDERR_REDIRECT] 
2025-06-28 09:31:27,962 [ERROR] LogOutputStream:75 - [STDERR_REDIRECT] [Fatal Error] :1:1: Premature end of file.
2025-06-28 09:31:27,962 [ERROR] LogOutputStream:75 - [STDERR_REDIRECT] 
2025-06-28 09:31:28,986 [ERROR] LogOutputStream:75 - [STDERR_REDIRECT] [Fatal Error] :1:1: Premature end of file.
2025-06-28 09:31:28,987 [ERROR] LogOutputStream:75 - [STDERR_REDIRECT] 
2025-06-28 09:31:29,984 [ERROR] LogOutputStream:75 - [STDERR_REDIRECT] [Fatal Error] :1:1: Premature end of file.
2025-06-28 09:31:29,984 [ERROR] LogOutputStream:75 - [STDERR_REDIRECT] 
2025-06-28 09:31:30,976 [ERROR] LogOutputStream:75 - [STDERR_REDIRECT] [Fatal Error] :1:1: Premature end of file.
2025-06-28 09:31:30,977 [ERROR] LogOutputStream:75 - [STDERR_REDIRECT] 
2025-06-28 09:31:31,977 [ERROR] LogOutputStream:75 - [STDERR_REDIRECT] [Fatal Error] :1:1: Premature end of file.
2025-06-28 09:31:31,978 [ERROR] LogOutputStream:75 - [STDERR_REDIRECT] 
2025-06-28 09:31:32,953 [ERROR] LogOutputStream:75 - [STDERR_REDIRECT] [Fatal Error] :1:1: Premature end of file.
2025-06-28 09:31:32,954 [ERROR] LogOutputStream:75 - [STDERR_REDIRECT] 
2025-06-28 09:31:33,969 [ERROR] LogOutputStream:75 - [STDERR_REDIRECT] [Fatal Error] :1:1: Premature end of file.
2025-06-28 09:31:33,969 [ERROR] LogOutputStream:75 - [STDERR_REDIRECT] 
2025-06-28 09:31:34,981 [ERROR] LogOutputStream:75 - [STDERR_REDIRECT] [Fatal Error] :1:1: Premature end of file.
2025-06-28 09:31:34,981 [ERROR] LogOutputStream:75 - [STDERR_REDIRECT] 
2025-06-28 09:31:35,959 [ERROR] LogOutputStream:75 - [STDERR_REDIRECT] [Fatal Error] :1:1: Premature end of file.
2025-06-28 09:31:35,961 [ERROR] LogOutputStream:75 - [STDERR_REDIRECT] 
2025-06-28 09:31:36,981 [ERROR] LogOutputStream:75 - [STDERR_REDIRECT] [Fatal Error] :1:1: Premature end of file.
2025-06-28 09:31:36,982 [ERROR] LogOutputStream:75 - [STDERR_REDIRECT] 
2025-06-28 09:31:37,995 [ERROR] LogOutputStream:75 - [STDERR_REDIRECT] [Fatal Error] :1:1: Premature end of file.
2025-06-28 09:31:37,995 [ERROR] LogOutputStream:75 - [STDERR_REDIRECT] 
2025-06-28 09:31:38,987 [ERROR] LogOutputStream:75 - [STDERR_REDIRECT] [Fatal Error] :1:1: Premature end of file.
2025-06-28 09:31:38,987 [ERROR] LogOutputStream:75 - [STDERR_REDIRECT] 
2025-06-28 09:31:39,987 [ERROR] LogOutputStream:75 - [STDERR_REDIRECT] [Fatal Error] :1:1: Premature end of file.
2025-06-28 09:31:39,988 [ERROR] LogOutputStream:75 - [STDERR_REDIRECT] 
2025-06-28 09:31:40,991 [ERROR] LogOutputStream:75 - [STDERR_REDIRECT] [Fatal Error] :1:1: Premature end of file.
2025-06-28 09:31:40,992 [ERROR] LogOutputStream:75 - [STDERR_REDIRECT] 
2025-06-28 09:31:41,989 [ERROR] LogOutputStream:75 - [STDERR_REDIRECT] [Fatal Error] :1:1: Premature end of file.
2025-06-28 09:31:41,989 [ERROR] LogOutputStream:75 - [STDERR_REDIRECT] 
2025-06-28 09:31:42,989 [ERROR] LogOutputStream:75 - [STDERR_REDIRECT] [Fatal Error] :1:1: Premature end of file.
2025-06-28 09:31:42,990 [ERROR] LogOutputStream:75 - [STDERR_REDIRECT] 
2025-06-28 09:31:43,986 [ERROR] LogOutputStream:75 - [STDERR_REDIRECT] [Fatal Error] :1:1: Premature end of file.
2025-06-28 09:31:43,987 [ERROR] LogOutputStream:75 - [STDERR_REDIRECT] 
2025-06-28 09:31:44,995 [ERROR] LogOutputStream:75 - [STDERR_REDIRECT] [Fatal Error] :1:1: Premature end of file.
2025-06-28 09:31:44,995 [ERROR] LogOutputStream:75 - [STDERR_REDIRECT] 
2025-06-28 09:31:45,977 [ERROR] LogOutputStream:75 - [STDERR_REDIRECT] [Fatal Error] :1:1: Premature end of file.
2025-06-28 09:31:45,977 [ERROR] LogOutputStream:75 - [STDERR_REDIRECT] 
2025-06-28 09:31:46,978 [ERROR] LogOutputStream:75 - [STDERR_REDIRECT] [Fatal Error] :1:1: Premature end of file.
2025-06-28 09:31:46,979 [ERROR] LogOutputStream:75 - [STDERR_REDIRECT] 
2025-06-28 09:31:47,976 [ERROR] LogOutputStream:75 - [STDERR_REDIRECT] [Fatal Error] :1:1: Premature end of file.
2025-06-28 09:31:47,977 [ERROR] LogOutputStream:75 - [STDERR_REDIRECT] 
2025-06-28 09:31:48,980 [ERROR] LogOutputStream:75 - [STDERR_REDIRECT] [Fatal Error] :1:1: Premature end of file.
2025-06-28 09:31:48,981 [ERROR] LogOutputStream:75 - [STDERR_REDIRECT] 
2025-06-28 09:31:49,985 [ERROR] LogOutputStream:75 - [STDERR_REDIRECT] [Fatal Error] :1:1: Premature end of file.
2025-06-28 09:31:49,985 [ERROR] LogOutputStream:75 - [STDERR_REDIRECT] 
2025-06-28 09:31:50,947 [ERROR] LogOutputStream:75 - [STDERR_REDIRECT] [Fatal Error] :1:1: Premature end of file.
2025-06-28 09:31:50,948 [ERROR] LogOutputStream:75 - [STDERR_REDIRECT] 
2025-06-28 09:31:51,945 [ERROR] LogOutputStream:75 - [STDERR_REDIRECT] [Fatal Error] :1:1: Premature end of file.
2025-06-28 09:31:51,945 [ERROR] LogOutputStream:75 - [STDERR_REDIRECT] 
2025-06-28 09:31:52,990 [ERROR] LogOutputStream:75 - [STDERR_REDIRECT] [Fatal Error] :1:1: Premature end of file.
2025-06-28 09:31:52,991 [ERROR] LogOutputStream:75 - [STDERR_REDIRECT] 
2025-06-28 09:31:53,988 [ERROR] LogOutputStream:75 - [STDERR_REDIRECT] [Fatal Error] :1:1: Premature end of file.
2025-06-28 09:31:53,989 [ERROR] LogOutputStream:75 - [STDERR_REDIRECT] 
2025-06-28 09:31:54,963 [ERROR] LogOutputStream:75 - [STDERR_REDIRECT] [Fatal Error] :1:1: Premature end of file.
2025-06-28 09:31:54,964 [ERROR] LogOutputStream:75 - [STDERR_REDIRECT] 
2025-06-28 09:31:55,980 [ERROR] LogOutputStream:75 - [STDERR_REDIRECT] [Fatal Error] :1:1: Premature end of file.
2025-06-28 09:31:55,980 [ERROR] LogOutputStream:75 - [STDERR_REDIRECT] 
2025-06-28 09:31:56,976 [ERROR] LogOutputStream:75 - [STDERR_REDIRECT] [Fatal Error] :1:1: Premature end of file.
2025-06-28 09:31:56,977 [ERROR] LogOutputStream:75 - [STDERR_REDIRECT] 
2025-06-28 09:31:57,991 [ERROR] LogOutputStream:75 - [STDERR_REDIRECT] [Fatal Error] :1:1: Premature end of file.
2025-06-28 09:31:57,991 [ERROR] LogOutputStream:75 - [STDERR_REDIRECT] 
2025-06-28 09:31:58,973 [ERROR] LogOutputStream:75 - [STDERR_REDIRECT] [Fatal Error] :1:1: Premature end of file.
2025-06-28 09:31:58,973 [ERROR] LogOutputStream:75 - [STDERR_REDIRECT] 
2025-06-28 09:31:59,977 [ERROR] LogOutputStream:75 - [STDERR_REDIRECT] [Fatal Error] :1:1: Premature end of file.
2025-06-28 09:31:59,977 [ERROR] LogOutputStream:75 - [STDERR_REDIRECT] 
2025-06-28 09:32:00,979 [ERROR] LogOutputStream:75 - [STDERR_REDIRECT] [Fatal Error] :1:1: Premature end of file.
2025-06-28 09:32:00,979 [ERROR] LogOutputStream:75 - [STDERR_REDIRECT] 
2025-06-28 09:32:01,982 [ERROR] LogOutputStream:75 - [STDERR_REDIRECT] [Fatal Error] :1:1: Premature end of file.
2025-06-28 09:32:01,982 [ERROR] LogOutputStream:75 - [STDERR_REDIRECT] 
2025-06-28 09:32:02,979 [ERROR] LogOutputStream:75 - [STDERR_REDIRECT] [Fatal Error] :1:1: Premature end of file.
2025-06-28 09:32:02,979 [ERROR] LogOutputStream:75 - [STDERR_REDIRECT] 
2025-06-28 09:32:03,962 [ERROR] LogOutputStream:75 - [STDERR_REDIRECT] [Fatal Error] :1:1: Premature end of file.
2025-06-28 09:32:03,963 [ERROR] LogOutputStream:75 - [STDERR_REDIRECT] 
2025-06-28 09:32:04,988 [ERROR] LogOutputStream:75 - [STDERR_REDIRECT] [Fatal Error] :1:1: Premature end of file.
2025-06-28 09:32:04,988 [ERROR] LogOutputStream:75 - [STDERR_REDIRECT] 
2025-06-28 09:32:05,976 [ERROR] LogOutputStream:75 - [STDERR_REDIRECT] [Fatal Error] :1:1: Premature end of file.
2025-06-28 09:32:05,976 [ERROR] LogOutputStream:75 - [STDERR_REDIRECT] 
2025-06-28 09:32:06,972 [ERROR] LogOutputStream:75 - [STDERR_REDIRECT] [Fatal Error] :1:1: Premature end of file.
2025-06-28 09:32:06,972 [ERROR] LogOutputStream:75 - [STDERR_REDIRECT] 
2025-06-28 09:32:07,965 [ERROR] LogOutputStream:75 - [STDERR_REDIRECT] [Fatal Error] :1:1: Premature end of file.
2025-06-28 09:32:07,965 [ERROR] LogOutputStream:75 - [STDERR_REDIRECT] 
2025-06-28 09:32:08,967 [ERROR] LogOutputStream:75 - [STDERR_REDIRECT] [Fatal Error] :1:1: Premature end of file.
2025-06-28 09:32:08,967 [ERROR] LogOutputStream:75 - [STDERR_REDIRECT] 
2025-06-28 09:32:09,974 [ERROR] LogOutputStream:75 - [STDERR_REDIRECT] [Fatal Error] :1:1: Premature end of file.
2025-06-28 09:32:09,974 [ERROR] LogOutputStream:75 - [STDERR_REDIRECT] 
2025-06-28 09:32:10,981 [ERROR] LogOutputStream:75 - [STDERR_REDIRECT] [Fatal Error] :1:1: Premature end of file.
2025-06-28 09:32:10,982 [ERROR] LogOutputStream:75 - [STDERR_REDIRECT] 
2025-06-28 09:32:11,985 [ERROR] LogOutputStream:75 - [STDERR_REDIRECT] [Fatal Error] :1:1: Premature end of file.
2025-06-28 09:32:11,986 [ERROR] LogOutputStream:75 - [STDERR_REDIRECT] 
2025-06-28 09:32:12,981 [ERROR] LogOutputStream:75 - [STDERR_REDIRECT] [Fatal Error] :1:1: Premature end of file.
2025-06-28 09:32:12,981 [ERROR] LogOutputStream:75 - [STDERR_REDIRECT] 
2025-06-28 09:32:13,977 [ERROR] LogOutputStream:75 - [STDERR_REDIRECT] [Fatal Error] :1:1: Premature end of file.
2025-06-28 09:32:13,978 [ERROR] LogOutputStream:75 - [STDERR_REDIRECT] 
2025-06-28 09:32:14,975 [ERROR] LogOutputStream:75 - [STDERR_REDIRECT] [Fatal Error] :1:1: Premature end of file.
2025-06-28 09:32:14,975 [ERROR] LogOutputStream:75 - [STDERR_REDIRECT] 
2025-06-28 09:32:15,999 [ERROR] LogOutputStream:75 - [STDERR_REDIRECT] [Fatal Error] :1:1: Premature end of file.
2025-06-28 09:32:15,999 [ERROR] LogOutputStream:75 - [STDERR_REDIRECT] 
2025-06-28 09:32:16,993 [ERROR] LogOutputStream:75 - [STDERR_REDIRECT] [Fatal Error] :1:1: Premature end of file.
2025-06-28 09:32:16,993 [ERROR] LogOutputStream:75 - [STDERR_REDIRECT] 
2025-06-28 09:32:17,988 [ERROR] LogOutputStream:75 - [STDERR_REDIRECT] [Fatal Error] :1:1: Premature end of file.
2025-06-28 09:32:17,988 [ERROR] LogOutputStream:75 - [STDERR_REDIRECT] 
2025-06-28 09:32:18,978 [ERROR] LogOutputStream:75 - [STDERR_REDIRECT] [Fatal Error] :1:1: Premature end of file.
2025-06-28 09:32:18,978 [ERROR] LogOutputStream:75 - [STDERR_REDIRECT] 
2025-06-28 09:32:19,985 [ERROR] LogOutputStream:75 - [STDERR_REDIRECT] [Fatal Error] :1:1: Premature end of file.
2025-06-28 09:32:19,985 [ERROR] LogOutputStream:75 - [STDERR_REDIRECT] 
2025-06-28 09:32:20,974 [ERROR] LogOutputStream:75 - [STDERR_REDIRECT] [Fatal Error] :1:1: Premature end of file.
2025-06-28 09:32:20,974 [ERROR] LogOutputStream:75 - [STDERR_REDIRECT] 
2025-06-28 09:32:21,965 [ERROR] LogOutputStream:75 - [STDERR_REDIRECT] [Fatal Error] :1:1: Premature end of file.
2025-06-28 09:32:21,971 [ERROR] LogOutputStream:75 - [STDERR_REDIRECT] 
2025-06-28 09:32:22,998 [ERROR] LogOutputStream:75 - [STDERR_REDIRECT] [Fatal Error] :1:1: Premature end of file.
2025-06-28 09:32:22,998 [ERROR] LogOutputStream:75 - [STDERR_REDIRECT] 
2025-06-28 09:32:23,985 [ERROR] LogOutputStream:75 - [STDERR_REDIRECT] [Fatal Error] :1:1: Premature end of file.
2025-06-28 09:32:23,985 [ERROR] LogOutputStream:75 - [STDERR_REDIRECT] 
2025-06-28 09:32:24,967 [ERROR] LogOutputStream:75 - [STDERR_REDIRECT] [Fatal Error] :1:1: Premature end of file.
2025-06-28 09:32:24,967 [ERROR] LogOutputStream:75 - [STDERR_REDIRECT] 
2025-06-28 09:32:25,998 [ERROR] LogOutputStream:75 - [STDERR_REDIRECT] [Fatal Error] :1:1: Premature end of file.
2025-06-28 09:32:26,000 [ERROR] LogOutputStream:75 - [STDERR_REDIRECT] 
2025-06-28 09:32:26,987 [ERROR] LogOutputStream:75 - [STDERR_REDIRECT] [Fatal Error] :1:1: Premature end of file.
2025-06-28 09:32:26,987 [ERROR] LogOutputStream:75 - [STDERR_REDIRECT] 
2025-06-28 09:32:27,983 [ERROR] LogOutputStream:75 - [STDERR_REDIRECT] [Fatal Error] :1:1: Premature end of file.
2025-06-28 09:32:27,990 [ERROR] LogOutputStream:75 - [STDERR_REDIRECT] 
2025-06-28 09:32:28,972 [ERROR] LogOutputStream:75 - [STDERR_REDIRECT] [Fatal Error] :1:1: Premature end of file.
2025-06-28 09:32:28,972 [ERROR] LogOutputStream:75 - [STDERR_REDIRECT] 
2025-06-28 09:32:29,973 [ERROR] LogOutputStream:75 - [STDERR_REDIRECT] [Fatal Error] :1:1: Premature end of file.
2025-06-28 09:32:29,973 [ERROR] LogOutputStream:75 - [STDERR_REDIRECT] 
2025-06-28 09:32:30,975 [ERROR] LogOutputStream:75 - [STDERR_REDIRECT] [Fatal Error] :1:1: Premature end of file.
2025-06-28 09:32:30,976 [ERROR] LogOutputStream:75 - [STDERR_REDIRECT] 
2025-06-28 09:32:31,983 [ERROR] LogOutputStream:75 - [STDERR_REDIRECT] [Fatal Error] :1:1: Premature end of file.
2025-06-28 09:32:31,983 [ERROR] LogOutputStream:75 - [STDERR_REDIRECT] 
2025-06-28 09:32:32,973 [ERROR] LogOutputStream:75 - [STDERR_REDIRECT] [Fatal Error] :1:1: Premature end of file.
2025-06-28 09:32:32,973 [ERROR] LogOutputStream:75 - [STDERR_REDIRECT] 
2025-06-28 09:32:33,983 [ERROR] LogOutputStream:75 - [STDERR_REDIRECT] [Fatal Error] :1:1: Premature end of file.
2025-06-28 09:32:33,983 [ERROR] LogOutputStream:75 - [STDERR_REDIRECT] 
2025-06-28 09:32:34,971 [ERROR] LogOutputStream:75 - [STDERR_REDIRECT] [Fatal Error] :1:1: Premature end of file.
2025-06-28 09:32:34,973 [ERROR] LogOutputStream:75 - [STDERR_REDIRECT] 
2025-06-28 09:32:35,975 [ERROR] LogOutputStream:75 - [STDERR_REDIRECT] [Fatal Error] :1:1: Premature end of file.
2025-06-28 09:32:35,975 [ERROR] LogOutputStream:75 - [STDERR_REDIRECT] 
2025-06-28 09:32:36,983 [ERROR] LogOutputStream:75 - [STDERR_REDIRECT] [Fatal Error] :1:1: Premature end of file.
2025-06-28 09:32:36,984 [ERROR] LogOutputStream:75 - [STDERR_REDIRECT] 
2025-06-28 09:32:37,976 [ERROR] LogOutputStream:75 - [STDERR_REDIRECT] [Fatal Error] :1:1: Premature end of file.
2025-06-28 09:32:37,976 [ERROR] LogOutputStream:75 - [STDERR_REDIRECT] 
2025-06-28 09:32:38,993 [ERROR] LogOutputStream:75 - [STDERR_REDIRECT] [Fatal Error] :1:1: Premature end of file.
2025-06-28 09:32:38,993 [ERROR] LogOutputStream:75 - [STDERR_REDIRECT] 
2025-06-28 09:32:39,983 [ERROR] LogOutputStream:75 - [STDERR_REDIRECT] [Fatal Error] :1:1: Premature end of file.
2025-06-28 09:32:39,983 [ERROR] LogOutputStream:75 - [STDERR_REDIRECT] 
2025-06-28 09:32:40,980 [ERROR] LogOutputStream:75 - [STDERR_REDIRECT] [Fatal Error] :1:1: Premature end of file.
2025-06-28 09:32:40,981 [ERROR] LogOutputStream:75 - [STDERR_REDIRECT] 
2025-06-28 09:32:41,979 [ERROR] LogOutputStream:75 - [STDERR_REDIRECT] [Fatal Error] :1:1: Premature end of file.
2025-06-28 09:32:41,979 [ERROR] LogOutputStream:75 - [STDERR_REDIRECT] 
2025-06-28 09:32:42,977 [ERROR] LogOutputStream:75 - [STDERR_REDIRECT] [Fatal Error] :1:1: Premature end of file.
2025-06-28 09:32:42,977 [ERROR] LogOutputStream:75 - [STDERR_REDIRECT] 
2025-06-28 09:32:43,978 [ERROR] LogOutputStream:75 - [STDERR_REDIRECT] [Fatal Error] :1:1: Premature end of file.
2025-06-28 09:32:43,978 [ERROR] LogOutputStream:75 - [STDERR_REDIRECT] 
2025-06-28 09:32:44,975 [ERROR] LogOutputStream:75 - [STDERR_REDIRECT] [Fatal Error] :1:1: Premature end of file.
2025-06-28 09:32:44,975 [ERROR] LogOutputStream:75 - [STDERR_REDIRECT] 
2025-06-28 09:32:45,951 [ERROR] LogOutputStream:75 - [STDERR_REDIRECT] [Fatal Error] :1:1: Premature end of file.
2025-06-28 09:32:45,951 [ERROR] LogOutputStream:75 - [STDERR_REDIRECT] 
2025-06-28 09:32:46,977 [ERROR] LogOutputStream:75 - [STDERR_REDIRECT] [Fatal Error] :1:1: Premature end of file.
2025-06-28 09:32:46,977 [ERROR] LogOutputStream:75 - [STDERR_REDIRECT] 
2025-06-28 09:32:47,971 [ERROR] LogOutputStream:75 - [STDERR_REDIRECT] [Fatal Error] :1:1: Premature end of file.
2025-06-28 09:32:47,971 [ERROR] LogOutputStream:75 - [STDERR_REDIRECT] 
2025-06-28 09:32:48,973 [ERROR] LogOutputStream:75 - [STDERR_REDIRECT] [Fatal Error] :1:1: Premature end of file.
2025-06-28 09:32:48,973 [ERROR] LogOutputStream:75 - [STDERR_REDIRECT] 
2025-06-28 09:32:49,982 [ERROR] LogOutputStream:75 - [STDERR_REDIRECT] [Fatal Error] :1:1: Premature end of file.
2025-06-28 09:32:49,983 [ERROR] LogOutputStream:75 - [STDERR_REDIRECT] 
2025-06-28 09:32:50,986 [ERROR] LogOutputStream:75 - [STDERR_REDIRECT] [Fatal Error] :1:1: Premature end of file.
2025-06-28 09:32:50,987 [ERROR] LogOutputStream:75 - [STDERR_REDIRECT] 
2025-06-28 09:32:51,985 [ERROR] LogOutputStream:75 - [STDERR_REDIRECT] [Fatal Error] :1:1: Premature end of file.
2025-06-28 09:32:51,985 [ERROR] LogOutputStream:75 - [STDERR_REDIRECT] 
2025-06-28 09:32:52,995 [ERROR] LogOutputStream:75 - [STDERR_REDIRECT] [Fatal Error] :1:1: Premature end of file.
2025-06-28 09:32:52,995 [ERROR] LogOutputStream:75 - [STDERR_REDIRECT] 
2025-06-28 09:32:53,987 [ERROR] LogOutputStream:75 - [STDERR_REDIRECT] [Fatal Error] :1:1: Premature end of file.
2025-06-28 09:32:53,988 [ERROR] LogOutputStream:75 - [STDERR_REDIRECT] 
2025-06-28 09:32:54,981 [ERROR] LogOutputStream:75 - [STDERR_REDIRECT] [Fatal Error] :1:1: Premature end of file.
2025-06-28 09:32:54,982 [ERROR] LogOutputStream:75 - [STDERR_REDIRECT] 
2025-06-28 09:32:55,988 [ERROR] LogOutputStream:75 - [STDERR_REDIRECT] [Fatal Error] :1:1: Premature end of file.
2025-06-28 09:32:55,988 [ERROR] LogOutputStream:75 - [STDERR_REDIRECT] 
2025-06-28 09:32:56,994 [ERROR] LogOutputStream:75 - [STDERR_REDIRECT] [Fatal Error] :1:1: Premature end of file.
2025-06-28 09:32:56,995 [ERROR] LogOutputStream:75 - [STDERR_REDIRECT] 
2025-06-28 09:32:58,007 [ERROR] LogOutputStream:75 - [STDERR_REDIRECT] [Fatal Error] :1:1: Premature end of file.
2025-06-28 09:32:58,009 [ERROR] LogOutputStream:75 - [STDERR_REDIRECT] 
2025-06-28 09:32:58,998 [ERROR] LogOutputStream:75 - [STDERR_REDIRECT] [Fatal Error] :1:1: Premature end of file.
2025-06-28 09:32:58,998 [ERROR] LogOutputStream:75 - [STDERR_REDIRECT] 
2025-06-28 09:32:59,980 [ERROR] LogOutputStream:75 - [STDERR_REDIRECT] [Fatal Error] :1:1: Premature end of file.
2025-06-28 09:32:59,980 [ERROR] LogOutputStream:75 - [STDERR_REDIRECT] 
2025-06-28 09:33:00,979 [ERROR] LogOutputStream:75 - [STDERR_REDIRECT] [Fatal Error] :1:1: Premature end of file.
2025-06-28 09:33:00,979 [ERROR] LogOutputStream:75 - [STDERR_REDIRECT] 
2025-06-28 09:33:01,989 [ERROR] LogOutputStream:75 - [STDERR_REDIRECT] [Fatal Error] :1:1: Premature end of file.
2025-06-28 09:33:01,989 [ERROR] LogOutputStream:75 - [STDERR_REDIRECT] 
2025-06-28 09:33:02,980 [ERROR] LogOutputStream:75 - [STDERR_REDIRECT] [Fatal Error] :1:1: Premature end of file.
2025-06-28 09:33:02,981 [ERROR] LogOutputStream:75 - [STDERR_REDIRECT] 
2025-06-28 09:33:03,989 [ERROR] LogOutputStream:75 - [STDERR_REDIRECT] [Fatal Error] :1:1: Premature end of file.
2025-06-28 09:33:03,990 [ERROR] LogOutputStream:75 - [STDERR_REDIRECT] 
2025-06-28 09:33:04,988 [ERROR] LogOutputStream:75 - [STDERR_REDIRECT] [Fatal Error] :1:1: Premature end of file.
2025-06-28 09:33:04,988 [ERROR] LogOutputStream:75 - [STDERR_REDIRECT] 
2025-06-28 09:33:05,986 [ERROR] LogOutputStream:75 - [STDERR_REDIRECT] [Fatal Error] :1:1: Premature end of file.
2025-06-28 09:33:05,986 [ERROR] LogOutputStream:75 - [STDERR_REDIRECT] 
2025-06-28 09:33:06,969 [ERROR] LogOutputStream:75 - [STDERR_REDIRECT] [Fatal Error] :1:1: Premature end of file.
2025-06-28 09:33:06,969 [ERROR] LogOutputStream:75 - [STDERR_REDIRECT] 
2025-06-28 09:33:07,988 [ERROR] LogOutputStream:75 - [STDERR_REDIRECT] [Fatal Error] :1:1: Premature end of file.
2025-06-28 09:33:07,989 [ERROR] LogOutputStream:75 - [STDERR_REDIRECT] 
2025-06-28 09:33:08,974 [ERROR] LogOutputStream:75 - [STDERR_REDIRECT] [Fatal Error] :1:1: Premature end of file.
2025-06-28 09:33:08,974 [ERROR] LogOutputStream:75 - [STDERR_REDIRECT] 
2025-06-28 09:33:09,979 [ERROR] LogOutputStream:75 - [STDERR_REDIRECT] [Fatal Error] :1:1: Premature end of file.
2025-06-28 09:33:09,980 [ERROR] LogOutputStream:75 - [STDERR_REDIRECT] 
2025-06-28 09:33:10,981 [ERROR] LogOutputStream:75 - [STDERR_REDIRECT] [Fatal Error] :1:1: Premature end of file.
2025-06-28 09:33:10,981 [ERROR] LogOutputStream:75 - [STDERR_REDIRECT] 
2025-06-28 09:33:11,986 [ERROR] LogOutputStream:75 - [STDERR_REDIRECT] [Fatal Error] :1:1: Premature end of file.
2025-06-28 09:33:11,987 [ERROR] LogOutputStream:75 - [STDERR_REDIRECT] 
2025-06-28 09:33:12,975 [ERROR] LogOutputStream:75 - [STDERR_REDIRECT] [Fatal Error] :1:1: Premature end of file.
2025-06-28 09:33:12,975 [ERROR] LogOutputStream:75 - [STDERR_REDIRECT] 
2025-06-28 09:33:13,984 [ERROR] LogOutputStream:75 - [STDERR_REDIRECT] [Fatal Error] :1:1: Premature end of file.
2025-06-28 09:33:13,984 [ERROR] LogOutputStream:75 - [STDERR_REDIRECT] 
2025-06-28 09:33:14,987 [ERROR] LogOutputStream:75 - [STDERR_REDIRECT] [Fatal Error] :1:1: Premature end of file.
2025-06-28 09:33:14,987 [ERROR] LogOutputStream:75 - [STDERR_REDIRECT] 
2025-06-28 09:33:15,965 [ERROR] LogOutputStream:75 - [STDERR_REDIRECT] [Fatal Error] :1:1: Premature end of file.
2025-06-28 09:33:15,966 [ERROR] LogOutputStream:75 - [STDERR_REDIRECT] 
2025-06-28 09:33:16,980 [ERROR] LogOutputStream:75 - [STDERR_REDIRECT] [Fatal Error] :1:1: Premature end of file.
2025-06-28 09:33:16,980 [ERROR] LogOutputStream:75 - [STDERR_REDIRECT] 
2025-06-28 09:33:17,978 [ERROR] LogOutputStream:75 - [STDERR_REDIRECT] [Fatal Error] :1:1: Premature end of file.
2025-06-28 09:33:17,979 [ERROR] LogOutputStream:75 - [STDERR_REDIRECT] 
2025-06-28 09:33:18,996 [ERROR] LogOutputStream:75 - [STDERR_REDIRECT] [Fatal Error] :1:1: Premature end of file.
2025-06-28 09:33:18,998 [ERROR] LogOutputStream:75 - [STDERR_REDIRECT] 
2025-06-28 09:33:19,946 [ERROR] LogOutputStream:75 - [STDERR_REDIRECT] [Fatal Error] :1:1: Premature end of file.
2025-06-28 09:33:19,947 [ERROR] LogOutputStream:75 - [STDERR_REDIRECT] 
2025-06-28 09:33:20,981 [ERROR] LogOutputStream:75 - [STDERR_REDIRECT] [Fatal Error] :1:1: Premature end of file.
2025-06-28 09:33:20,981 [ERROR] LogOutputStream:75 - [STDERR_REDIRECT] 
2025-06-28 09:33:21,984 [ERROR] LogOutputStream:75 - [STDERR_REDIRECT] [Fatal Error] :1:1: Premature end of file.
2025-06-28 09:33:21,984 [ERROR] LogOutputStream:75 - [STDERR_REDIRECT] 
2025-06-28 09:33:22,975 [ERROR] LogOutputStream:75 - [STDERR_REDIRECT] [Fatal Error] :1:1: Premature end of file.
2025-06-28 09:33:22,977 [ERROR] LogOutputStream:75 - [STDERR_REDIRECT] 
2025-06-28 09:33:23,982 [ERROR] LogOutputStream:75 - [STDERR_REDIRECT] [Fatal Error] :1:1: Premature end of file.
2025-06-28 09:33:23,982 [ERROR] LogOutputStream:75 - [STDERR_REDIRECT] 
2025-06-28 09:33:24,974 [ERROR] LogOutputStream:75 - [STDERR_REDIRECT] [Fatal Error] :1:1: Premature end of file.
2025-06-28 09:33:24,975 [ERROR] LogOutputStream:75 - [STDERR_REDIRECT] 
2025-06-28 09:33:25,979 [ERROR] LogOutputStream:75 - [STDERR_REDIRECT] [Fatal Error] :1:1: Premature end of file.
2025-06-28 09:33:25,979 [ERROR] LogOutputStream:75 - [STDERR_REDIRECT] 
2025-06-28 09:33:26,980 [ERROR] LogOutputStream:75 - [STDERR_REDIRECT] [Fatal Error] :1:1: Premature end of file.
2025-06-28 09:33:26,982 [ERROR] LogOutputStream:75 - [STDERR_REDIRECT] 
2025-06-28 09:33:27,975 [ERROR] LogOutputStream:75 - [STDERR_REDIRECT] [Fatal Error] :1:1: Premature end of file.
2025-06-28 09:33:27,975 [ERROR] LogOutputStream:75 - [STDERR_REDIRECT] 
2025-06-28 09:33:28,978 [ERROR] LogOutputStream:75 - [STDERR_REDIRECT] [Fatal Error] :1:1: Premature end of file.
2025-06-28 09:33:28,978 [ERROR] LogOutputStream:75 - [STDERR_REDIRECT] 
2025-06-28 09:33:29,978 [ERROR] LogOutputStream:75 - [STDERR_REDIRECT] [Fatal Error] :1:1: Premature end of file.
2025-06-28 09:33:29,979 [ERROR] LogOutputStream:75 - [STDERR_REDIRECT] 
2025-06-28 09:33:30,979 [ERROR] LogOutputStream:75 - [STDERR_REDIRECT] [Fatal Error] :1:1: Premature end of file.
2025-06-28 09:33:30,980 [ERROR] LogOutputStream:75 - [STDERR_REDIRECT] 
2025-06-28 09:33:31,989 [ERROR] LogOutputStream:75 - [STDERR_REDIRECT] [Fatal Error] :1:1: Premature end of file.
2025-06-28 09:33:31,989 [ERROR] LogOutputStream:75 - [STDERR_REDIRECT] 
2025-06-28 09:33:32,954 [ERROR] LogOutputStream:75 - [STDERR_REDIRECT] [Fatal Error] :1:1: Premature end of file.
2025-06-28 09:33:32,954 [ERROR] LogOutputStream:75 - [STDERR_REDIRECT] 
2025-06-28 09:33:33,991 [ERROR] LogOutputStream:75 - [STDERR_REDIRECT] [Fatal Error] :1:1: Premature end of file.
2025-06-28 09:33:33,991 [ERROR] LogOutputStream:75 - [STDERR_REDIRECT] 
2025-06-28 09:33:34,986 [ERROR] LogOutputStream:75 - [STDERR_REDIRECT] [Fatal Error] :1:1: Premature end of file.
2025-06-28 09:33:34,988 [ERROR] LogOutputStream:75 - [STDERR_REDIRECT] 
2025-06-28 09:33:35,959 [ERROR] LogOutputStream:75 - [STDERR_REDIRECT] [Fatal Error] :1:1: Premature end of file.
2025-06-28 09:33:35,960 [ERROR] LogOutputStream:75 - [STDERR_REDIRECT] 
2025-06-28 09:33:36,988 [ERROR] LogOutputStream:75 - [STDERR_REDIRECT] [Fatal Error] :1:1: Premature end of file.
2025-06-28 09:33:36,988 [ERROR] LogOutputStream:75 - [STDERR_REDIRECT] 
2025-06-28 09:33:37,981 [ERROR] LogOutputStream:75 - [STDERR_REDIRECT] [Fatal Error] :1:1: Premature end of file.
2025-06-28 09:33:37,981 [ERROR] LogOutputStream:75 - [STDERR_REDIRECT] 
2025-06-28 09:33:38,986 [ERROR] LogOutputStream:75 - [STDERR_REDIRECT] [Fatal Error] :1:1: Premature end of file.
2025-06-28 09:33:38,986 [ERROR] LogOutputStream:75 - [STDERR_REDIRECT] 
2025-06-28 09:33:39,986 [ERROR] LogOutputStream:75 - [STDERR_REDIRECT] [Fatal Error] :1:1: Premature end of file.
2025-06-28 09:33:39,986 [ERROR] LogOutputStream:75 - [STDERR_REDIRECT] 
2025-06-28 09:33:40,986 [ERROR] LogOutputStream:75 - [STDERR_REDIRECT] [Fatal Error] :1:1: Premature end of file.
2025-06-28 09:33:40,986 [ERROR] LogOutputStream:75 - [STDERR_REDIRECT] 
2025-06-28 09:33:41,978 [ERROR] LogOutputStream:75 - [STDERR_REDIRECT] [Fatal Error] :1:1: Premature end of file.
2025-06-28 09:33:41,978 [ERROR] LogOutputStream:75 - [STDERR_REDIRECT] 
2025-06-28 09:33:42,977 [ERROR] LogOutputStream:75 - [STDERR_REDIRECT] [Fatal Error] :1:1: Premature end of file.
2025-06-28 09:33:42,977 [ERROR] LogOutputStream:75 - [STDERR_REDIRECT] 
2025-06-28 09:33:43,954 [ERROR] LogOutputStream:75 - [STDERR_REDIRECT] [Fatal Error] :1:1: Premature end of file.
2025-06-28 09:33:43,954 [ERROR] LogOutputStream:75 - [STDERR_REDIRECT] 
2025-06-28 09:33:45,001 [ERROR] LogOutputStream:75 - [STDERR_REDIRECT] [Fatal Error] :1:1: Premature end of file.
2025-06-28 09:33:45,002 [ERROR] LogOutputStream:75 - [STDERR_REDIRECT] 
2025-06-28 09:33:45,980 [ERROR] LogOutputStream:75 - [STDERR_REDIRECT] [Fatal Error] :1:1: Premature end of file.
2025-06-28 09:33:45,980 [ERROR] LogOutputStream:75 - [STDERR_REDIRECT] 
2025-06-28 09:33:46,991 [ERROR] LogOutputStream:75 - [STDERR_REDIRECT] [Fatal Error] :1:1: Premature end of file.
2025-06-28 09:33:46,991 [ERROR] LogOutputStream:75 - [STDERR_REDIRECT] 
2025-06-28 09:33:47,983 [ERROR] LogOutputStream:75 - [STDERR_REDIRECT] [Fatal Error] :1:1: Premature end of file.
2025-06-28 09:33:47,983 [ERROR] LogOutputStream:75 - [STDERR_REDIRECT] 
2025-06-28 09:33:48,981 [ERROR] LogOutputStream:75 - [STDERR_REDIRECT] [Fatal Error] :1:1: Premature end of file.
2025-06-28 09:33:48,982 [ERROR] LogOutputStream:75 - [STDERR_REDIRECT] 
2025-06-28 09:33:49,986 [ERROR] LogOutputStream:75 - [STDERR_REDIRECT] [Fatal Error] :1:1: Premature end of file.
2025-06-28 09:33:49,987 [ERROR] LogOutputStream:75 - [STDERR_REDIRECT] 
2025-06-28 09:33:50,983 [ERROR] LogOutputStream:75 - [STDERR_REDIRECT] [Fatal Error] :1:1: Premature end of file.
2025-06-28 09:33:50,983 [ERROR] LogOutputStream:75 - [STDERR_REDIRECT] 
2025-06-28 09:33:51,976 [ERROR] LogOutputStream:75 - [STDERR_REDIRECT] [Fatal Error] :1:1: Premature end of file.
2025-06-28 09:33:51,977 [ERROR] LogOutputStream:75 - [STDERR_REDIRECT] 
2025-06-28 09:33:52,978 [ERROR] LogOutputStream:75 - [STDERR_REDIRECT] [Fatal Error] :1:1: Premature end of file.
2025-06-28 09:33:52,978 [ERROR] LogOutputStream:75 - [STDERR_REDIRECT] 
2025-06-28 09:33:53,976 [ERROR] LogOutputStream:75 - [STDERR_REDIRECT] [Fatal Error] :1:1: Premature end of file.
2025-06-28 09:33:53,977 [ERROR] LogOutputStream:75 - [STDERR_REDIRECT] 
2025-06-28 09:33:54,979 [ERROR] LogOutputStream:75 - [STDERR_REDIRECT] [Fatal Error] :1:1: Premature end of file.
2025-06-28 09:33:54,980 [ERROR] LogOutputStream:75 - [STDERR_REDIRECT] 
2025-06-28 09:33:55,979 [ERROR] LogOutputStream:75 - [STDERR_REDIRECT] [Fatal Error] :1:1: Premature end of file.
2025-06-28 09:33:55,979 [ERROR] LogOutputStream:75 - [STDERR_REDIRECT] 
2025-06-28 09:33:56,993 [ERROR] LogOutputStream:75 - [STDERR_REDIRECT] [Fatal Error] :1:1: Premature end of file.
2025-06-28 09:33:56,993 [ERROR] LogOutputStream:75 - [STDERR_REDIRECT] 
2025-06-28 09:33:57,977 [ERROR] LogOutputStream:75 - [STDERR_REDIRECT] [Fatal Error] :1:1: Premature end of file.
2025-06-28 09:33:57,977 [ERROR] LogOutputStream:75 - [STDERR_REDIRECT] 
2025-06-28 09:33:58,988 [ERROR] LogOutputStream:75 - [STDERR_REDIRECT] [Fatal Error] :1:1: Premature end of file.
2025-06-28 09:33:58,988 [ERROR] LogOutputStream:75 - [STDERR_REDIRECT] 
2025-06-28 09:33:59,984 [ERROR] LogOutputStream:75 - [STDERR_REDIRECT] [Fatal Error] :1:1: Premature end of file.
2025-06-28 09:33:59,984 [ERROR] LogOutputStream:75 - [STDERR_REDIRECT] 
2025-06-28 09:34:00,984 [ERROR] LogOutputStream:75 - [STDERR_REDIRECT] [Fatal Error] :1:1: Premature end of file.
2025-06-28 09:34:00,985 [ERROR] LogOutputStream:75 - [STDERR_REDIRECT] 
2025-06-28 09:34:01,976 [ERROR] LogOutputStream:75 - [STDERR_REDIRECT] [Fatal Error] :1:1: Premature end of file.
2025-06-28 09:34:01,976 [ERROR] LogOutputStream:75 - [STDERR_REDIRECT] 
2025-06-28 09:34:02,979 [ERROR] LogOutputStream:75 - [STDERR_REDIRECT] [Fatal Error] :1:1: Premature end of file.
2025-06-28 09:34:02,979 [ERROR] LogOutputStream:75 - [STDERR_REDIRECT] 
2025-06-28 09:34:03,976 [ERROR] LogOutputStream:75 - [STDERR_REDIRECT] [Fatal Error] :1:1: Premature end of file.
2025-06-28 09:34:03,977 [ERROR] LogOutputStream:75 - [STDERR_REDIRECT] 
2025-06-28 09:34:04,969 [ERROR] LogOutputStream:75 - [STDERR_REDIRECT] [Fatal Error] :1:1: Premature end of file.
2025-06-28 09:34:04,970 [ERROR] LogOutputStream:75 - [STDERR_REDIRECT] 
2025-06-28 09:34:05,979 [ERROR] LogOutputStream:75 - [STDERR_REDIRECT] [Fatal Error] :1:1: Premature end of file.
2025-06-28 09:34:05,979 [ERROR] LogOutputStream:75 - [STDERR_REDIRECT] 
2025-06-28 09:34:06,979 [ERROR] LogOutputStream:75 - [STDERR_REDIRECT] [Fatal Error] :1:1: Premature end of file.
2025-06-28 09:34:06,979 [ERROR] LogOutputStream:75 - [STDERR_REDIRECT] 
2025-06-28 09:34:07,977 [ERROR] LogOutputStream:75 - [STDERR_REDIRECT] [Fatal Error] :1:1: Premature end of file.
2025-06-28 09:34:07,977 [ERROR] LogOutputStream:75 - [STDERR_REDIRECT] 
2025-06-28 09:34:08,971 [ERROR] LogOutputStream:75 - [STDERR_REDIRECT] [Fatal Error] :1:1: Premature end of file.
2025-06-28 09:34:08,971 [ERROR] LogOutputStream:75 - [STDERR_REDIRECT] 
2025-06-28 09:34:09,952 [ERROR] LogOutputStream:75 - [STDERR_REDIRECT] [Fatal Error] :1:1: Premature end of file.
2025-06-28 09:34:09,952 [ERROR] LogOutputStream:75 - [STDERR_REDIRECT] 
2025-06-28 09:34:10,979 [ERROR] LogOutputStream:75 - [STDERR_REDIRECT] [Fatal Error] :1:1: Premature end of file.
2025-06-28 09:34:10,980 [ERROR] LogOutputStream:75 - [STDERR_REDIRECT] 
2025-06-28 09:34:11,985 [ERROR] LogOutputStream:75 - [STDERR_REDIRECT] [Fatal Error] :1:1: Premature end of file.
2025-06-28 09:34:11,985 [ERROR] LogOutputStream:75 - [STDERR_REDIRECT] 
2025-06-28 09:34:13,011 [ERROR] LogOutputStream:75 - [STDERR_REDIRECT] [Fatal Error] :1:1: Premature end of file.
2025-06-28 09:34:13,012 [ERROR] LogOutputStream:75 - [STDERR_REDIRECT] 
2025-06-28 09:34:13,987 [ERROR] LogOutputStream:75 - [STDERR_REDIRECT] [Fatal Error] :1:1: Premature end of file.
2025-06-28 09:34:13,987 [ERROR] LogOutputStream:75 - [STDERR_REDIRECT] 
2025-06-28 09:34:14,978 [ERROR] LogOutputStream:75 - [STDERR_REDIRECT] [Fatal Error] :1:1: Premature end of file.
2025-06-28 09:34:14,978 [ERROR] LogOutputStream:75 - [STDERR_REDIRECT] 
2025-06-28 09:34:15,988 [ERROR] LogOutputStream:75 - [STDERR_REDIRECT] [Fatal Error] :1:1: Premature end of file.
2025-06-28 09:34:15,988 [ERROR] LogOutputStream:75 - [STDERR_REDIRECT] 
2025-06-28 09:34:16,960 [ERROR] LogOutputStream:75 - [STDERR_REDIRECT] [Fatal Error] :1:1: Premature end of file.
2025-06-28 09:34:16,960 [ERROR] LogOutputStream:75 - [STDERR_REDIRECT] 
2025-06-28 09:34:17,979 [ERROR] LogOutputStream:75 - [STDERR_REDIRECT] [Fatal Error] :1:1: Premature end of file.
2025-06-28 09:34:17,979 [ERROR] LogOutputStream:75 - [STDERR_REDIRECT] 
2025-06-28 09:34:18,976 [ERROR] LogOutputStream:75 - [STDERR_REDIRECT] [Fatal Error] :1:1: Premature end of file.
2025-06-28 09:34:18,976 [ERROR] LogOutputStream:75 - [STDERR_REDIRECT] 
2025-06-28 09:34:19,987 [ERROR] LogOutputStream:75 - [STDERR_REDIRECT] [Fatal Error] :1:1: Premature end of file.
2025-06-28 09:34:19,988 [ERROR] LogOutputStream:75 - [STDERR_REDIRECT] 
2025-06-28 09:34:20,966 [ERROR] LogOutputStream:75 - [STDERR_REDIRECT] [Fatal Error] :1:1: Premature end of file.
2025-06-28 09:34:20,966 [ERROR] LogOutputStream:75 - [STDERR_REDIRECT] 
2025-06-28 09:34:21,966 [ERROR] LogOutputStream:75 - [STDERR_REDIRECT] [Fatal Error] :1:1: Premature end of file.
2025-06-28 09:34:21,967 [ERROR] LogOutputStream:75 - [STDERR_REDIRECT] 
2025-06-28 09:34:22,980 [ERROR] LogOutputStream:75 - [STDERR_REDIRECT] [Fatal Error] :1:1: Premature end of file.
2025-06-28 09:34:22,981 [ERROR] LogOutputStream:75 - [STDERR_REDIRECT] 
2025-06-28 09:34:23,993 [ERROR] LogOutputStream:75 - [STDERR_REDIRECT] [Fatal Error] :1:1: Premature end of file.
2025-06-28 09:34:23,993 [ERROR] LogOutputStream:75 - [STDERR_REDIRECT] 
2025-06-28 09:34:24,988 [ERROR] LogOutputStream:75 - [STDERR_REDIRECT] [Fatal Error] :1:1: Premature end of file.
2025-06-28 09:34:24,989 [ERROR] LogOutputStream:75 - [STDERR_REDIRECT] 
2025-06-28 09:34:25,986 [ERROR] LogOutputStream:75 - [STDERR_REDIRECT] [Fatal Error] :1:1: Premature end of file.
2025-06-28 09:34:25,986 [ERROR] LogOutputStream:75 - [STDERR_REDIRECT] 
2025-06-28 09:34:26,976 [ERROR] LogOutputStream:75 - [STDERR_REDIRECT] [Fatal Error] :1:1: Premature end of file.
2025-06-28 09:34:26,976 [ERROR] LogOutputStream:75 - [STDERR_REDIRECT] 
2025-06-28 09:34:27,987 [ERROR] LogOutputStream:75 - [STDERR_REDIRECT] [Fatal Error] :1:1: Premature end of file.
2025-06-28 09:34:27,987 [ERROR] LogOutputStream:75 - [STDERR_REDIRECT] 
2025-06-28 09:34:28,980 [ERROR] LogOutputStream:75 - [STDERR_REDIRECT] [Fatal Error] :1:1: Premature end of file.
2025-06-28 09:34:28,980 [ERROR] LogOutputStream:75 - [STDERR_REDIRECT] 
2025-06-28 09:34:29,967 [ERROR] LogOutputStream:75 - [STDERR_REDIRECT] [Fatal Error] :1:1: Premature end of file.
2025-06-28 09:34:29,967 [ERROR] LogOutputStream:75 - [STDERR_REDIRECT] 
2025-06-28 09:34:30,984 [ERROR] LogOutputStream:75 - [STDERR_REDIRECT] [Fatal Error] :1:1: Premature end of file.
2025-06-28 09:34:30,984 [ERROR] LogOutputStream:75 - [STDERR_REDIRECT] 
2025-06-28 09:34:31,991 [ERROR] LogOutputStream:75 - [STDERR_REDIRECT] [Fatal Error] :1:1: Premature end of file.
2025-06-28 09:34:31,992 [ERROR] LogOutputStream:75 - [STDERR_REDIRECT] 
2025-06-28 09:34:32,980 [ERROR] LogOutputStream:75 - [STDERR_REDIRECT] [Fatal Error] :1:1: Premature end of file.
2025-06-28 09:34:32,980 [ERROR] LogOutputStream:75 - [STDERR_REDIRECT] 
2025-06-28 09:34:33,989 [ERROR] LogOutputStream:75 - [STDERR_REDIRECT] [Fatal Error] :1:1: Premature end of file.
2025-06-28 09:34:33,990 [ERROR] LogOutputStream:75 - [STDERR_REDIRECT] 
2025-06-28 09:34:34,991 [ERROR] LogOutputStream:75 - [STDERR_REDIRECT] [Fatal Error] :1:1: Premature end of file.
2025-06-28 09:34:34,992 [ERROR] LogOutputStream:75 - [STDERR_REDIRECT] 
2025-06-28 09:34:35,979 [ERROR] LogOutputStream:75 - [STDERR_REDIRECT] [Fatal Error] :1:1: Premature end of file.
2025-06-28 09:34:35,979 [ERROR] LogOutputStream:75 - [STDERR_REDIRECT] 
2025-06-28 09:34:36,987 [ERROR] LogOutputStream:75 - [STDERR_REDIRECT] [Fatal Error] :1:1: Premature end of file.
2025-06-28 09:34:36,987 [ERROR] LogOutputStream:75 - [STDERR_REDIRECT] 
2025-06-28 09:34:37,968 [ERROR] LogOutputStream:75 - [STDERR_REDIRECT] [Fatal Error] :1:1: Premature end of file.
2025-06-28 09:34:37,969 [ERROR] LogOutputStream:75 - [STDERR_REDIRECT] 
2025-06-28 09:34:38,975 [ERROR] LogOutputStream:75 - [STDERR_REDIRECT] [Fatal Error] :1:1: Premature end of file.
2025-06-28 09:34:38,975 [ERROR] LogOutputStream:75 - [STDERR_REDIRECT] 
2025-06-28 09:34:39,982 [ERROR] LogOutputStream:75 - [STDERR_REDIRECT] [Fatal Error] :1:1: Premature end of file.
2025-06-28 09:34:39,983 [ERROR] LogOutputStream:75 - [STDERR_REDIRECT] 
2025-06-28 09:34:40,982 [ERROR] LogOutputStream:75 - [STDERR_REDIRECT] [Fatal Error] :1:1: Premature end of file.
2025-06-28 09:34:40,982 [ERROR] LogOutputStream:75 - [STDERR_REDIRECT] 
2025-06-28 09:34:41,980 [ERROR] LogOutputStream:75 - [STDERR_REDIRECT] [Fatal Error] :1:1: Premature end of file.
2025-06-28 09:34:41,981 [ERROR] LogOutputStream:75 - [STDERR_REDIRECT] 
2025-06-28 09:34:42,981 [ERROR] LogOutputStream:75 - [STDERR_REDIRECT] [Fatal Error] :1:1: Premature end of file.
2025-06-28 09:34:42,981 [ERROR] LogOutputStream:75 - [STDERR_REDIRECT] 
2025-06-28 09:34:43,977 [ERROR] LogOutputStream:75 - [STDERR_REDIRECT] [Fatal Error] :1:1: Premature end of file.
2025-06-28 09:34:43,977 [ERROR] LogOutputStream:75 - [STDERR_REDIRECT] 
2025-06-28 09:34:44,973 [ERROR] LogOutputStream:75 - [STDERR_REDIRECT] [Fatal Error] :1:1: Premature end of file.
2025-06-28 09:34:44,973 [ERROR] LogOutputStream:75 - [STDERR_REDIRECT] 
2025-06-28 09:34:45,982 [ERROR] LogOutputStream:75 - [STDERR_REDIRECT] [Fatal Error] :1:1: Premature end of file.
2025-06-28 09:34:45,982 [ERROR] LogOutputStream:75 - [STDERR_REDIRECT] 
2025-06-28 09:34:46,983 [ERROR] LogOutputStream:75 - [STDERR_REDIRECT] [Fatal Error] :1:1: Premature end of file.
2025-06-28 09:34:46,984 [ERROR] LogOutputStream:75 - [STDERR_REDIRECT] 
2025-06-28 09:34:47,983 [ERROR] LogOutputStream:75 - [STDERR_REDIRECT] [Fatal Error] :1:1: Premature end of file.
2025-06-28 09:34:47,983 [ERROR] LogOutputStream:75 - [STDERR_REDIRECT] 
2025-06-28 09:34:48,986 [ERROR] LogOutputStream:75 - [STDERR_REDIRECT] [Fatal Error] :1:1: Premature end of file.
2025-06-28 09:34:48,986 [ERROR] LogOutputStream:75 - [STDERR_REDIRECT] 
2025-06-28 09:34:49,950 [ERROR] LogOutputStream:75 - [STDERR_REDIRECT] [Fatal Error] :1:1: Premature end of file.
2025-06-28 09:34:49,951 [ERROR] LogOutputStream:75 - [STDERR_REDIRECT] 
2025-06-28 09:34:50,963 [ERROR] LogOutputStream:75 - [STDERR_REDIRECT] [Fatal Error] :1:1: Premature end of file.
2025-06-28 09:34:50,963 [ERROR] LogOutputStream:75 - [STDERR_REDIRECT] 
2025-06-28 09:34:51,991 [ERROR] LogOutputStream:75 - [STDERR_REDIRECT] [Fatal Error] :1:1: Premature end of file.
2025-06-28 09:34:51,991 [ERROR] LogOutputStream:75 - [STDERR_REDIRECT] 
2025-06-28 09:34:52,970 [ERROR] LogOutputStream:75 - [STDERR_REDIRECT] [Fatal Error] :1:1: Premature end of file.
2025-06-28 09:34:52,970 [ERROR] LogOutputStream:75 - [STDERR_REDIRECT] 
2025-06-28 09:34:53,982 [ERROR] LogOutputStream:75 - [STDERR_REDIRECT] [Fatal Error] :1:1: Premature end of file.
2025-06-28 09:34:53,983 [ERROR] LogOutputStream:75 - [STDERR_REDIRECT] 
2025-06-28 09:34:54,991 [ERROR] LogOutputStream:75 - [STDERR_REDIRECT] [Fatal Error] :1:1: Premature end of file.
2025-06-28 09:34:54,991 [ERROR] LogOutputStream:75 - [STDERR_REDIRECT] 
2025-06-28 09:34:55,986 [ERROR] LogOutputStream:75 - [STDERR_REDIRECT] [Fatal Error] :1:1: Premature end of file.
2025-06-28 09:34:55,987 [ERROR] LogOutputStream:75 - [STDERR_REDIRECT] 
2025-06-28 09:34:56,986 [ERROR] LogOutputStream:75 - [STDERR_REDIRECT] [Fatal Error] :1:1: Premature end of file.
2025-06-28 09:34:56,987 [ERROR] LogOutputStream:75 - [STDERR_REDIRECT] 
2025-06-28 09:34:57,978 [ERROR] LogOutputStream:75 - [STDERR_REDIRECT] [Fatal Error] :1:1: Premature end of file.
2025-06-28 09:34:57,978 [ERROR] LogOutputStream:75 - [STDERR_REDIRECT] 
2025-06-28 09:34:58,989 [ERROR] LogOutputStream:75 - [STDERR_REDIRECT] [Fatal Error] :1:1: Premature end of file.
2025-06-28 09:34:58,989 [ERROR] LogOutputStream:75 - [STDERR_REDIRECT] 
2025-06-28 09:34:59,986 [ERROR] LogOutputStream:75 - [STDERR_REDIRECT] [Fatal Error] :1:1: Premature end of file.
2025-06-28 09:34:59,986 [ERROR] LogOutputStream:75 - [STDERR_REDIRECT] 
2025-06-28 09:35:00,963 [ERROR] LogOutputStream:75 - [STDERR_REDIRECT] [Fatal Error] :1:1: Premature end of file.
2025-06-28 09:35:00,963 [ERROR] LogOutputStream:75 - [STDERR_REDIRECT] 
2025-06-28 09:35:01,990 [ERROR] LogOutputStream:75 - [STDERR_REDIRECT] [Fatal Error] :1:1: Premature end of file.
2025-06-28 09:35:01,991 [ERROR] LogOutputStream:75 - [STDERR_REDIRECT] 
2025-06-28 09:35:02,981 [ERROR] LogOutputStream:75 - [STDERR_REDIRECT] [Fatal Error] :1:1: Premature end of file.
2025-06-28 09:35:02,981 [ERROR] LogOutputStream:75 - [STDERR_REDIRECT] 
2025-06-28 09:35:03,990 [ERROR] LogOutputStream:75 - [STDERR_REDIRECT] [Fatal Error] :1:1: Premature end of file.
2025-06-28 09:35:03,990 [ERROR] LogOutputStream:75 - [STDERR_REDIRECT] 
2025-06-28 09:35:04,991 [ERROR] LogOutputStream:75 - [STDERR_REDIRECT] [Fatal Error] :1:1: Premature end of file.
2025-06-28 09:35:04,991 [ERROR] LogOutputStream:75 - [STDERR_REDIRECT] 
2025-06-28 09:35:05,964 [ERROR] LogOutputStream:75 - [STDERR_REDIRECT] [Fatal Error] :1:1: Premature end of file.
2025-06-28 09:35:05,965 [ERROR] LogOutputStream:75 - [STDERR_REDIRECT] 
2025-06-28 09:35:06,984 [ERROR] LogOutputStream:75 - [STDERR_REDIRECT] [Fatal Error] :1:1: Premature end of file.
2025-06-28 09:35:06,985 [ERROR] LogOutputStream:75 - [STDERR_REDIRECT] 
2025-06-28 09:35:07,987 [ERROR] LogOutputStream:75 - [STDERR_REDIRECT] [Fatal Error] :1:1: Premature end of file.
2025-06-28 09:35:07,988 [ERROR] LogOutputStream:75 - [STDERR_REDIRECT] 
2025-06-28 09:35:08,989 [ERROR] LogOutputStream:75 - [STDERR_REDIRECT] [Fatal Error] :1:1: Premature end of file.
2025-06-28 09:35:08,989 [ERROR] LogOutputStream:75 - [STDERR_REDIRECT] 
2025-06-28 09:35:09,985 [ERROR] LogOutputStream:75 - [STDERR_REDIRECT] [Fatal Error] :1:1: Premature end of file.
2025-06-28 09:35:09,985 [ERROR] LogOutputStream:75 - [STDERR_REDIRECT] 
2025-06-28 09:35:10,992 [ERROR] LogOutputStream:75 - [STDERR_REDIRECT] [Fatal Error] :1:1: Premature end of file.
2025-06-28 09:35:10,993 [ERROR] LogOutputStream:75 - [STDERR_REDIRECT] 
2025-06-28 09:35:11,986 [ERROR] LogOutputStream:75 - [STDERR_REDIRECT] [Fatal Error] :1:1: Premature end of file.
2025-06-28 09:35:11,986 [ERROR] LogOutputStream:75 - [STDERR_REDIRECT] 
2025-06-28 09:35:12,982 [ERROR] LogOutputStream:75 - [STDERR_REDIRECT] [Fatal Error] :1:1: Premature end of file.
2025-06-28 09:35:12,982 [ERROR] LogOutputStream:75 - [STDERR_REDIRECT] 
2025-06-28 09:35:13,948 [ERROR] LogOutputStream:75 - [STDERR_REDIRECT] [Fatal Error] :1:1: Premature end of file.
2025-06-28 09:35:13,948 [ERROR] LogOutputStream:75 - [STDERR_REDIRECT] 
2025-06-28 09:35:14,978 [ERROR] LogOutputStream:75 - [STDERR_REDIRECT] [Fatal Error] :1:1: Premature end of file.
2025-06-28 09:35:14,978 [ERROR] LogOutputStream:75 - [STDERR_REDIRECT] 
2025-06-28 09:35:15,984 [ERROR] LogOutputStream:75 - [STDERR_REDIRECT] [Fatal Error] :1:1: Premature end of file.
2025-06-28 09:35:15,984 [ERROR] LogOutputStream:75 - [STDERR_REDIRECT] 
2025-06-28 09:35:16,972 [ERROR] LogOutputStream:75 - [STDERR_REDIRECT] [Fatal Error] :1:1: Premature end of file.
2025-06-28 09:35:16,974 [ERROR] LogOutputStream:75 - [STDERR_REDIRECT] 
2025-06-28 09:35:17,970 [ERROR] LogOutputStream:75 - [STDERR_REDIRECT] [Fatal Error] :1:1: Premature end of file.
2025-06-28 09:35:17,971 [ERROR] LogOutputStream:75 - [STDERR_REDIRECT] 
2025-06-28 09:35:18,984 [ERROR] LogOutputStream:75 - [STDERR_REDIRECT] [Fatal Error] :1:1: Premature end of file.
2025-06-28 09:35:18,984 [ERROR] LogOutputStream:75 - [STDERR_REDIRECT] 
2025-06-28 09:35:19,981 [ERROR] LogOutputStream:75 - [STDERR_REDIRECT] [Fatal Error] :1:1: Premature end of file.
2025-06-28 09:35:19,981 [ERROR] LogOutputStream:75 - [STDERR_REDIRECT] 
2025-06-28 09:35:20,985 [ERROR] LogOutputStream:75 - [STDERR_REDIRECT] [Fatal Error] :1:1: Premature end of file.
2025-06-28 09:35:20,985 [ERROR] LogOutputStream:75 - [STDERR_REDIRECT] 
2025-06-28 09:35:21,990 [ERROR] LogOutputStream:75 - [STDERR_REDIRECT] [Fatal Error] :1:1: Premature end of file.
2025-06-28 09:35:21,990 [ERROR] LogOutputStream:75 - [STDERR_REDIRECT] 
2025-06-28 09:35:22,969 [ERROR] LogOutputStream:75 - [STDERR_REDIRECT] [Fatal Error] :1:1: Premature end of file.
2025-06-28 09:35:22,971 [ERROR] LogOutputStream:75 - [STDERR_REDIRECT] 
2025-06-28 09:35:23,995 [ERROR] LogOutputStream:75 - [STDERR_REDIRECT] [Fatal Error] :1:1: Premature end of file.
2025-06-28 09:35:23,996 [ERROR] LogOutputStream:75 - [STDERR_REDIRECT] 
2025-06-28 09:35:24,983 [ERROR] LogOutputStream:75 - [STDERR_REDIRECT] [Fatal Error] :1:1: Premature end of file.
2025-06-28 09:35:24,984 [ERROR] LogOutputStream:75 - [STDERR_REDIRECT] 
2025-06-28 09:35:25,985 [ERROR] LogOutputStream:75 - [STDERR_REDIRECT] [Fatal Error] :1:1: Premature end of file.
2025-06-28 09:35:25,985 [ERROR] LogOutputStream:75 - [STDERR_REDIRECT] 
2025-06-28 09:35:26,992 [ERROR] LogOutputStream:75 - [STDERR_REDIRECT] [Fatal Error] :1:1: Premature end of file.
2025-06-28 09:35:26,992 [ERROR] LogOutputStream:75 - [STDERR_REDIRECT] 
2025-06-28 09:35:27,984 [ERROR] LogOutputStream:75 - [STDERR_REDIRECT] [Fatal Error] :1:1: Premature end of file.
2025-06-28 09:35:27,984 [ERROR] LogOutputStream:75 - [STDERR_REDIRECT] 
2025-06-28 09:35:28,967 [ERROR] LogOutputStream:75 - [STDERR_REDIRECT] [Fatal Error] :1:1: Premature end of file.
2025-06-28 09:35:28,967 [ERROR] LogOutputStream:75 - [STDERR_REDIRECT] 
2025-06-28 09:35:29,983 [ERROR] LogOutputStream:75 - [STDERR_REDIRECT] [Fatal Error] :1:1: Premature end of file.
2025-06-28 09:35:29,983 [ERROR] LogOutputStream:75 - [STDERR_REDIRECT] 
2025-06-28 09:35:30,983 [ERROR] LogOutputStream:75 - [STDERR_REDIRECT] [Fatal Error] :1:1: Premature end of file.
2025-06-28 09:35:30,984 [ERROR] LogOutputStream:75 - [STDERR_REDIRECT] 
2025-06-28 09:35:31,985 [ERROR] LogOutputStream:75 - [STDERR_REDIRECT] [Fatal Error] :1:1: Premature end of file.
2025-06-28 09:35:31,985 [ERROR] LogOutputStream:75 - [STDERR_REDIRECT] 
2025-06-28 09:35:32,983 [ERROR] LogOutputStream:75 - [STDERR_REDIRECT] [Fatal Error] :1:1: Premature end of file.
2025-06-28 09:35:32,983 [ERROR] LogOutputStream:75 - [STDERR_REDIRECT] 
2025-06-28 09:35:33,982 [ERROR] LogOutputStream:75 - [STDERR_REDIRECT] [Fatal Error] :1:1: Premature end of file.
2025-06-28 09:35:33,982 [ERROR] LogOutputStream:75 - [STDERR_REDIRECT] 
2025-06-28 09:35:34,963 [ERROR] LogOutputStream:75 - [STDERR_REDIRECT] [Fatal Error] :1:1: Premature end of file.
2025-06-28 09:35:34,963 [ERROR] LogOutputStream:75 - [STDERR_REDIRECT] 
2025-06-28 09:35:35,986 [ERROR] LogOutputStream:75 - [STDERR_REDIRECT] [Fatal Error] :1:1: Premature end of file.
2025-06-28 09:35:35,986 [ERROR] LogOutputStream:75 - [STDERR_REDIRECT] 
2025-06-28 09:35:36,983 [ERROR] LogOutputStream:75 - [STDERR_REDIRECT] [Fatal Error] :1:1: Premature end of file.
2025-06-28 09:35:36,983 [ERROR] LogOutputStream:75 - [STDERR_REDIRECT] 
2025-06-28 09:35:37,984 [ERROR] LogOutputStream:75 - [STDERR_REDIRECT] [Fatal Error] :1:1: Premature end of file.
2025-06-28 09:35:37,985 [ERROR] LogOutputStream:75 - [STDERR_REDIRECT] 
2025-06-28 09:35:38,973 [ERROR] LogOutputStream:75 - [STDERR_REDIRECT] [Fatal Error] :1:1: Premature end of file.
2025-06-28 09:35:38,973 [ERROR] LogOutputStream:75 - [STDERR_REDIRECT] 
2025-06-28 09:35:39,968 [ERROR] LogOutputStream:75 - [STDERR_REDIRECT] [Fatal Error] :1:1: Premature end of file.
2025-06-28 09:35:39,968 [ERROR] LogOutputStream:75 - [STDERR_REDIRECT] 
2025-06-28 09:35:40,981 [ERROR] LogOutputStream:75 - [STDERR_REDIRECT] [Fatal Error] :1:1: Premature end of file.
2025-06-28 09:35:40,981 [ERROR] LogOutputStream:75 - [STDERR_REDIRECT] 
2025-06-28 09:35:41,980 [ERROR] LogOutputStream:75 - [STDERR_REDIRECT] [Fatal Error] :1:1: Premature end of file.
2025-06-28 09:35:41,981 [ERROR] LogOutputStream:75 - [STDERR_REDIRECT] 
2025-06-28 09:35:42,983 [ERROR] LogOutputStream:75 - [STDERR_REDIRECT] [Fatal Error] :1:1: Premature end of file.
2025-06-28 09:35:42,983 [ERROR] LogOutputStream:75 - [STDERR_REDIRECT] 
2025-06-28 09:35:43,971 [ERROR] LogOutputStream:75 - [STDERR_REDIRECT] [Fatal Error] :1:1: Premature end of file.
2025-06-28 09:35:43,971 [ERROR] LogOutputStream:75 - [STDERR_REDIRECT] 
2025-06-28 09:35:44,982 [ERROR] LogOutputStream:75 - [STDERR_REDIRECT] [Fatal Error] :1:1: Premature end of file.
2025-06-28 09:35:44,982 [ERROR] LogOutputStream:75 - [STDERR_REDIRECT] 
2025-06-28 09:35:45,981 [ERROR] LogOutputStream:75 - [STDERR_REDIRECT] [Fatal Error] :1:1: Premature end of file.
2025-06-28 09:35:45,982 [ERROR] LogOutputStream:75 - [STDERR_REDIRECT] 
2025-06-28 09:35:46,960 [ERROR] LogOutputStream:75 - [STDERR_REDIRECT] [Fatal Error] :1:1: Premature end of file.
2025-06-28 09:35:46,960 [ERROR] LogOutputStream:75 - [STDERR_REDIRECT] 
2025-06-28 09:35:47,981 [ERROR] LogOutputStream:75 - [STDERR_REDIRECT] [Fatal Error] :1:1: Premature end of file.
2025-06-28 09:35:47,981 [ERROR] LogOutputStream:75 - [STDERR_REDIRECT] 
2025-06-28 09:35:48,984 [ERROR] LogOutputStream:75 - [STDERR_REDIRECT] [Fatal Error] :1:1: Premature end of file.
2025-06-28 09:35:48,985 [ERROR] LogOutputStream:75 - [STDERR_REDIRECT] 
2025-06-28 09:35:49,997 [ERROR] LogOutputStream:75 - [STDERR_REDIRECT] [Fatal Error] :1:1: Premature end of file.
2025-06-28 09:35:49,997 [ERROR] LogOutputStream:75 - [STDERR_REDIRECT] 
2025-06-28 09:35:50,986 [ERROR] LogOutputStream:75 - [STDERR_REDIRECT] [Fatal Error] :1:1: Premature end of file.
2025-06-28 09:35:50,986 [ERROR] LogOutputStream:75 - [STDERR_REDIRECT] 
2025-06-28 09:35:51,986 [ERROR] LogOutputStream:75 - [STDERR_REDIRECT] [Fatal Error] :1:1: Premature end of file.
2025-06-28 09:35:51,987 [ERROR] LogOutputStream:75 - [STDERR_REDIRECT] 
2025-06-28 09:35:52,973 [ERROR] LogOutputStream:75 - [STDERR_REDIRECT] [Fatal Error] :1:1: Premature end of file.
2025-06-28 09:35:52,973 [ERROR] LogOutputStream:75 - [STDERR_REDIRECT] 
2025-06-28 09:35:53,980 [ERROR] LogOutputStream:75 - [STDERR_REDIRECT] [Fatal Error] :1:1: Premature end of file.
2025-06-28 09:35:53,980 [ERROR] LogOutputStream:75 - [STDERR_REDIRECT] 
2025-06-28 09:35:54,988 [ERROR] LogOutputStream:75 - [STDERR_REDIRECT] [Fatal Error] :1:1: Premature end of file.
2025-06-28 09:35:54,988 [ERROR] LogOutputStream:75 - [STDERR_REDIRECT] 
2025-06-28 09:35:55,987 [ERROR] LogOutputStream:75 - [STDERR_REDIRECT] [Fatal Error] :1:1: Premature end of file.
2025-06-28 09:35:55,987 [ERROR] LogOutputStream:75 - [STDERR_REDIRECT] 
2025-06-28 09:35:56,988 [ERROR] LogOutputStream:75 - [STDERR_REDIRECT] [Fatal Error] :1:1: Premature end of file.
2025-06-28 09:35:56,988 [ERROR] LogOutputStream:75 - [STDERR_REDIRECT] 
2025-06-28 09:35:57,980 [ERROR] LogOutputStream:75 - [STDERR_REDIRECT] [Fatal Error] :1:1: Premature end of file.
2025-06-28 09:35:57,980 [ERROR] LogOutputStream:75 - [STDERR_REDIRECT] 
2025-06-28 09:35:58,980 [ERROR] LogOutputStream:75 - [STDERR_REDIRECT] [Fatal Error] :1:1: Premature end of file.
2025-06-28 09:35:58,980 [ERROR] LogOutputStream:75 - [STDERR_REDIRECT] 
2025-06-28 09:35:59,991 [ERROR] LogOutputStream:75 - [STDERR_REDIRECT] [Fatal Error] :1:1: Premature end of file.
2025-06-28 09:35:59,992 [ERROR] LogOutputStream:75 - [STDERR_REDIRECT] 
2025-06-28 09:36:00,970 [ERROR] LogOutputStream:75 - [STDERR_REDIRECT] [Fatal Error] :1:1: Premature end of file.
2025-06-28 09:36:00,971 [ERROR] LogOutputStream:75 - [STDERR_REDIRECT] 
2025-06-28 09:36:01,955 [ERROR] LogOutputStream:75 - [STDERR_REDIRECT] [Fatal Error] :1:1: Premature end of file.
2025-06-28 09:36:01,955 [ERROR] LogOutputStream:75 - [STDERR_REDIRECT] 
2025-06-28 09:36:02,985 [ERROR] LogOutputStream:75 - [STDERR_REDIRECT] [Fatal Error] :1:1: Premature end of file.
2025-06-28 09:36:02,986 [ERROR] LogOutputStream:75 - [STDERR_REDIRECT] 
2025-06-28 09:36:03,980 [ERROR] LogOutputStream:75 - [STDERR_REDIRECT] [Fatal Error] :1:1: Premature end of file.
2025-06-28 09:36:03,980 [ERROR] LogOutputStream:75 - [STDERR_REDIRECT] 
2025-06-28 09:36:04,982 [ERROR] LogOutputStream:75 - [STDERR_REDIRECT] [Fatal Error] :1:1: Premature end of file.
2025-06-28 09:36:04,982 [ERROR] LogOutputStream:75 - [STDERR_REDIRECT] 
2025-06-28 09:36:05,963 [ERROR] LogOutputStream:75 - [STDERR_REDIRECT] [Fatal Error] :1:1: Premature end of file.
2025-06-28 09:36:05,964 [ERROR] LogOutputStream:75 - [STDERR_REDIRECT] 
2025-06-28 09:36:06,947 [ERROR] LogOutputStream:75 - [STDERR_REDIRECT] [Fatal Error] :1:1: Premature end of file.
2025-06-28 09:36:06,947 [ERROR] LogOutputStream:75 - [STDERR_REDIRECT] 
2025-06-28 09:36:07,982 [ERROR] LogOutputStream:75 - [STDERR_REDIRECT] [Fatal Error] :1:1: Premature end of file.
2025-06-28 09:36:07,983 [ERROR] LogOutputStream:75 - [STDERR_REDIRECT] 
2025-06-28 09:36:08,985 [ERROR] LogOutputStream:75 - [STDERR_REDIRECT] [Fatal Error] :1:1: Premature end of file.
2025-06-28 09:36:08,985 [ERROR] LogOutputStream:75 - [STDERR_REDIRECT] 
2025-06-28 09:36:09,980 [ERROR] LogOutputStream:75 - [STDERR_REDIRECT] [Fatal Error] :1:1: Premature end of file.
2025-06-28 09:36:09,981 [ERROR] LogOutputStream:75 - [STDERR_REDIRECT] 
2025-06-28 09:36:10,981 [ERROR] LogOutputStream:75 - [STDERR_REDIRECT] [Fatal Error] :1:1: Premature end of file.
2025-06-28 09:36:10,981 [ERROR] LogOutputStream:75 - [STDERR_REDIRECT] 
2025-06-28 09:36:11,980 [ERROR] LogOutputStream:75 - [STDERR_REDIRECT] [Fatal Error] :1:1: Premature end of file.
2025-06-28 09:36:11,981 [ERROR] LogOutputStream:75 - [STDERR_REDIRECT] 
2025-06-28 09:36:12,987 [ERROR] LogOutputStream:75 - [STDERR_REDIRECT] [Fatal Error] :1:1: Premature end of file.
2025-06-28 09:36:12,987 [ERROR] LogOutputStream:75 - [STDERR_REDIRECT] 
2025-06-28 09:36:13,982 [ERROR] LogOutputStream:75 - [STDERR_REDIRECT] [Fatal Error] :1:1: Premature end of file.
2025-06-28 09:36:13,983 [ERROR] LogOutputStream:75 - [STDERR_REDIRECT] 
2025-06-28 09:36:14,981 [ERROR] LogOutputStream:75 - [STDERR_REDIRECT] [Fatal Error] :1:1: Premature end of file.
2025-06-28 09:36:14,981 [ERROR] LogOutputStream:75 - [STDERR_REDIRECT] 
2025-06-28 09:36:15,980 [ERROR] LogOutputStream:75 - [STDERR_REDIRECT] [Fatal Error] :1:1: Premature end of file.
2025-06-28 09:36:15,980 [ERROR] LogOutputStream:75 - [STDERR_REDIRECT] 
2025-06-28 09:36:16,983 [ERROR] LogOutputStream:75 - [STDERR_REDIRECT] [Fatal Error] :1:1: Premature end of file.
2025-06-28 09:36:16,983 [ERROR] LogOutputStream:75 - [STDERR_REDIRECT] 
2025-06-28 09:36:17,979 [ERROR] LogOutputStream:75 - [STDERR_REDIRECT] [Fatal Error] :1:1: Premature end of file.
2025-06-28 09:36:17,979 [ERROR] LogOutputStream:75 - [STDERR_REDIRECT] 
2025-06-28 09:36:18,977 [ERROR] LogOutputStream:75 - [STDERR_REDIRECT] [Fatal Error] :1:1: Premature end of file.
2025-06-28 09:36:18,978 [ERROR] LogOutputStream:75 - [STDERR_REDIRECT] 
2025-06-28 09:36:19,981 [ERROR] LogOutputStream:75 - [STDERR_REDIRECT] [Fatal Error] :1:1: Premature end of file.
2025-06-28 09:36:19,981 [ERROR] LogOutputStream:75 - [STDERR_REDIRECT] 
2025-06-28 09:36:20,984 [ERROR] LogOutputStream:75 - [STDERR_REDIRECT] [Fatal Error] :1:1: Premature end of file.
2025-06-28 09:36:20,984 [ERROR] LogOutputStream:75 - [STDERR_REDIRECT] 
2025-06-28 09:36:21,982 [ERROR] LogOutputStream:75 - [STDERR_REDIRECT] [Fatal Error] :1:1: Premature end of file.
2025-06-28 09:36:21,982 [ERROR] LogOutputStream:75 - [STDERR_REDIRECT] 
2025-06-28 09:36:22,981 [ERROR] LogOutputStream:75 - [STDERR_REDIRECT] [Fatal Error] :1:1: Premature end of file.
2025-06-28 09:36:22,981 [ERROR] LogOutputStream:75 - [STDERR_REDIRECT] 
2025-06-28 09:36:23,981 [ERROR] LogOutputStream:75 - [STDERR_REDIRECT] [Fatal Error] :1:1: Premature end of file.
2025-06-28 09:36:23,981 [ERROR] LogOutputStream:75 - [STDERR_REDIRECT] 
2025-06-28 09:36:24,982 [ERROR] LogOutputStream:75 - [STDERR_REDIRECT] [Fatal Error] :1:1: Premature end of file.
2025-06-28 09:36:24,982 [ERROR] LogOutputStream:75 - [STDERR_REDIRECT] 
2025-06-28 09:36:25,984 [ERROR] LogOutputStream:75 - [STDERR_REDIRECT] [Fatal Error] :1:1: Premature end of file.
2025-06-28 09:36:25,984 [ERROR] LogOutputStream:75 - [STDERR_REDIRECT] 
2025-06-28 09:36:26,981 [ERROR] LogOutputStream:75 - [STDERR_REDIRECT] [Fatal Error] :1:1: Premature end of file.
2025-06-28 09:36:26,981 [ERROR] LogOutputStream:75 - [STDERR_REDIRECT] 
2025-06-28 09:36:27,978 [ERROR] LogOutputStream:75 - [STDERR_REDIRECT] [Fatal Error] :1:1: Premature end of file.
2025-06-28 09:36:27,979 [ERROR] LogOutputStream:75 - [STDERR_REDIRECT] 
2025-06-28 09:36:28,976 [ERROR] LogOutputStream:75 - [STDERR_REDIRECT] [Fatal Error] :1:1: Premature end of file.
2025-06-28 09:36:28,976 [ERROR] LogOutputStream:75 - [STDERR_REDIRECT] 
2025-06-28 09:36:29,982 [ERROR] LogOutputStream:75 - [STDERR_REDIRECT] [Fatal Error] :1:1: Premature end of file.
2025-06-28 09:36:29,983 [ERROR] LogOutputStream:75 - [STDERR_REDIRECT] 
2025-06-28 09:36:30,980 [ERROR] LogOutputStream:75 - [STDERR_REDIRECT] [Fatal Error] :1:1: Premature end of file.
2025-06-28 09:36:30,980 [ERROR] LogOutputStream:75 - [STDERR_REDIRECT] 
2025-06-28 09:36:31,981 [ERROR] LogOutputStream:75 - [STDERR_REDIRECT] [Fatal Error] :1:1: Premature end of file.
2025-06-28 09:36:31,981 [ERROR] LogOutputStream:75 - [STDERR_REDIRECT] 
2025-06-28 09:36:32,984 [ERROR] LogOutputStream:75 - [STDERR_REDIRECT] [Fatal Error] :1:1: Premature end of file.
2025-06-28 09:36:32,984 [ERROR] LogOutputStream:75 - [STDERR_REDIRECT] 
2025-06-28 09:36:33,980 [ERROR] LogOutputStream:75 - [STDERR_REDIRECT] [Fatal Error] :1:1: Premature end of file.
2025-06-28 09:36:33,980 [ERROR] LogOutputStream:75 - [STDERR_REDIRECT] 
2025-06-28 09:36:34,980 [ERROR] LogOutputStream:75 - [STDERR_REDIRECT] [Fatal Error] :1:1: Premature end of file.
2025-06-28 09:36:34,981 [ERROR] LogOutputStream:75 - [STDERR_REDIRECT] 
2025-06-28 09:36:35,955 [ERROR] LogOutputStream:75 - [STDERR_REDIRECT] [Fatal Error] :1:1: Premature end of file.
2025-06-28 09:36:35,955 [ERROR] LogOutputStream:75 - [STDERR_REDIRECT] 
2025-06-28 09:36:36,980 [ERROR] LogOutputStream:75 - [STDERR_REDIRECT] [Fatal Error] :1:1: Premature end of file.
2025-06-28 09:36:36,980 [ERROR] LogOutputStream:75 - [STDERR_REDIRECT] 
2025-06-28 09:36:37,992 [ERROR] LogOutputStream:75 - [STDERR_REDIRECT] [Fatal Error] :1:1: Premature end of file.
2025-06-28 09:36:37,992 [ERROR] LogOutputStream:75 - [STDERR_REDIRECT] 
2025-06-28 09:36:38,992 [ERROR] LogOutputStream:75 - [STDERR_REDIRECT] [Fatal Error] :1:1: Premature end of file.
2025-06-28 09:36:38,992 [ERROR] LogOutputStream:75 - [STDERR_REDIRECT] 
2025-06-28 09:36:39,984 [ERROR] LogOutputStream:75 - [STDERR_REDIRECT] [Fatal Error] :1:1: Premature end of file.
2025-06-28 09:36:39,984 [ERROR] LogOutputStream:75 - [STDERR_REDIRECT] 
2025-06-28 09:36:40,983 [ERROR] LogOutputStream:75 - [STDERR_REDIRECT] [Fatal Error] :1:1: Premature end of file.
2025-06-28 09:36:40,984 [ERROR] LogOutputStream:75 - [STDERR_REDIRECT] 
2025-06-28 09:36:41,981 [ERROR] LogOutputStream:75 - [STDERR_REDIRECT] [Fatal Error] :1:1: Premature end of file.
2025-06-28 09:36:41,981 [ERROR] LogOutputStream:75 - [STDERR_REDIRECT] 
2025-06-28 09:36:42,978 [ERROR] LogOutputStream:75 - [STDERR_REDIRECT] [Fatal Error] :1:1: Premature end of file.
2025-06-28 09:36:42,978 [ERROR] LogOutputStream:75 - [STDERR_REDIRECT] 
2025-06-28 09:36:43,987 [ERROR] LogOutputStream:75 - [STDERR_REDIRECT] [Fatal Error] :1:1: Premature end of file.
2025-06-28 09:36:43,988 [ERROR] LogOutputStream:75 - [STDERR_REDIRECT] 
2025-06-28 09:36:44,988 [ERROR] LogOutputStream:75 - [STDERR_REDIRECT] [Fatal Error] :1:1: Premature end of file.
2025-06-28 09:36:44,988 [ERROR] LogOutputStream:75 - [STDERR_REDIRECT] 
2025-06-28 09:36:45,979 [ERROR] LogOutputStream:75 - [STDERR_REDIRECT] [Fatal Error] :1:1: Premature end of file.
2025-06-28 09:36:45,979 [ERROR] LogOutputStream:75 - [STDERR_REDIRECT] 
2025-06-28 09:36:46,980 [ERROR] LogOutputStream:75 - [STDERR_REDIRECT] [Fatal Error] :1:1: Premature end of file.
2025-06-28 09:36:46,981 [ERROR] LogOutputStream:75 - [STDERR_REDIRECT] 
2025-06-28 09:36:47,979 [ERROR] LogOutputStream:75 - [STDERR_REDIRECT] [Fatal Error] :1:1: Premature end of file.
2025-06-28 09:36:47,979 [ERROR] LogOutputStream:75 - [STDERR_REDIRECT] 
2025-06-28 09:36:48,985 [ERROR] LogOutputStream:75 - [STDERR_REDIRECT] [Fatal Error] :1:1: Premature end of file.
2025-06-28 09:36:48,985 [ERROR] LogOutputStream:75 - [STDERR_REDIRECT] 
2025-06-28 09:36:49,985 [ERROR] LogOutputStream:75 - [STDERR_REDIRECT] [Fatal Error] :1:1: Premature end of file.
2025-06-28 09:36:49,985 [ERROR] LogOutputStream:75 - [STDERR_REDIRECT] 
2025-06-28 09:36:50,977 [ERROR] LogOutputStream:75 - [STDERR_REDIRECT] [Fatal Error] :1:1: Premature end of file.
2025-06-28 09:36:50,978 [ERROR] LogOutputStream:75 - [STDERR_REDIRECT] 
2025-06-28 09:36:51,981 [ERROR] LogOutputStream:75 - [STDERR_REDIRECT] [Fatal Error] :1:1: Premature end of file.
2025-06-28 09:36:51,981 [ERROR] LogOutputStream:75 - [STDERR_REDIRECT] 
2025-06-28 09:36:52,984 [ERROR] LogOutputStream:75 - [STDERR_REDIRECT] [Fatal Error] :1:1: Premature end of file.
2025-06-28 09:36:52,985 [ERROR] LogOutputStream:75 - [STDERR_REDIRECT] 
2025-06-28 09:36:53,982 [ERROR] LogOutputStream:75 - [STDERR_REDIRECT] [Fatal Error] :1:1: Premature end of file.
2025-06-28 09:36:53,983 [ERROR] LogOutputStream:75 - [STDERR_REDIRECT] 
2025-06-28 09:36:54,979 [ERROR] LogOutputStream:75 - [STDERR_REDIRECT] [Fatal Error] :1:1: Premature end of file.
2025-06-28 09:36:54,980 [ERROR] LogOutputStream:75 - [STDERR_REDIRECT] 
2025-06-28 09:36:55,986 [ERROR] LogOutputStream:75 - [STDERR_REDIRECT] [Fatal Error] :1:1: Premature end of file.
2025-06-28 09:36:55,986 [ERROR] LogOutputStream:75 - [STDERR_REDIRECT] 
2025-06-28 09:36:56,963 [ERROR] LogOutputStream:75 - [STDERR_REDIRECT] [Fatal Error] :1:1: Premature end of file.
2025-06-28 09:36:56,963 [ERROR] LogOutputStream:75 - [STDERR_REDIRECT] 
2025-06-28 09:36:57,982 [ERROR] LogOutputStream:75 - [STDERR_REDIRECT] [Fatal Error] :1:1: Premature end of file.
2025-06-28 09:36:57,982 [ERROR] LogOutputStream:75 - [STDERR_REDIRECT] 
2025-06-28 09:36:58,976 [ERROR] LogOutputStream:75 - [STDERR_REDIRECT] [Fatal Error] :1:1: Premature end of file.
2025-06-28 09:36:58,976 [ERROR] LogOutputStream:75 - [STDERR_REDIRECT] 
2025-06-28 09:36:59,983 [ERROR] LogOutputStream:75 - [STDERR_REDIRECT] [Fatal Error] :1:1: Premature end of file.
2025-06-28 09:36:59,984 [ERROR] LogOutputStream:75 - [STDERR_REDIRECT] 
2025-06-28 09:37:00,980 [ERROR] LogOutputStream:75 - [STDERR_REDIRECT] [Fatal Error] :1:1: Premature end of file.
2025-06-28 09:37:00,980 [ERROR] LogOutputStream:75 - [STDERR_REDIRECT] 
2025-06-28 09:37:01,983 [ERROR] LogOutputStream:75 - [STDERR_REDIRECT] [Fatal Error] :1:1: Premature end of file.
2025-06-28 09:37:01,983 [ERROR] LogOutputStream:75 - [STDERR_REDIRECT] 
2025-06-28 09:37:02,980 [ERROR] LogOutputStream:75 - [STDERR_REDIRECT] [Fatal Error] :1:1: Premature end of file.
2025-06-28 09:37:02,981 [ERROR] LogOutputStream:75 - [STDERR_REDIRECT] 
2025-06-28 09:37:03,982 [ERROR] LogOutputStream:75 - [STDERR_REDIRECT] [Fatal Error] :1:1: Premature end of file.
2025-06-28 09:37:03,983 [ERROR] LogOutputStream:75 - [STDERR_REDIRECT] 
2025-06-28 09:37:04,983 [ERROR] LogOutputStream:75 - [STDERR_REDIRECT] [Fatal Error] :1:1: Premature end of file.
2025-06-28 09:37:04,983 [ERROR] LogOutputStream:75 - [STDERR_REDIRECT] 
2025-06-28 09:37:05,972 [ERROR] LogOutputStream:75 - [STDERR_REDIRECT] [Fatal Error] :1:1: Premature end of file.
2025-06-28 09:37:05,972 [ERROR] LogOutputStream:75 - [STDERR_REDIRECT] 
2025-06-28 09:37:06,982 [ERROR] LogOutputStream:75 - [STDERR_REDIRECT] [Fatal Error] :1:1: Premature end of file.
2025-06-28 09:37:06,982 [ERROR] LogOutputStream:75 - [STDERR_REDIRECT] 
2025-06-28 09:37:07,976 [ERROR] LogOutputStream:75 - [STDERR_REDIRECT] [Fatal Error] :1:1: Premature end of file.
2025-06-28 09:37:07,976 [ERROR] LogOutputStream:75 - [STDERR_REDIRECT] 
2025-06-28 09:37:08,982 [ERROR] LogOutputStream:75 - [STDERR_REDIRECT] [Fatal Error] :1:1: Premature end of file.
2025-06-28 09:37:08,983 [ERROR] LogOutputStream:75 - [STDERR_REDIRECT] 
2025-06-28 09:37:09,983 [ERROR] LogOutputStream:75 - [STDERR_REDIRECT] [Fatal Error] :1:1: Premature end of file.
2025-06-28 09:37:09,984 [ERROR] LogOutputStream:75 - [STDERR_REDIRECT] 
2025-06-28 09:37:10,983 [ERROR] LogOutputStream:75 - [STDERR_REDIRECT] [Fatal Error] :1:1: Premature end of file.
2025-06-28 09:37:10,984 [ERROR] LogOutputStream:75 - [STDERR_REDIRECT] 
2025-06-28 09:37:11,983 [ERROR] LogOutputStream:75 - [STDERR_REDIRECT] [Fatal Error] :1:1: Premature end of file.
2025-06-28 09:37:11,983 [ERROR] LogOutputStream:75 - [STDERR_REDIRECT] 
2025-06-28 09:37:12,981 [ERROR] LogOutputStream:75 - [STDERR_REDIRECT] [Fatal Error] :1:1: Premature end of file.
2025-06-28 09:37:12,981 [ERROR] LogOutputStream:75 - [STDERR_REDIRECT] 
2025-06-28 09:37:13,984 [ERROR] LogOutputStream:75 - [STDERR_REDIRECT] [Fatal Error] :1:1: Premature end of file.
2025-06-28 09:37:13,984 [ERROR] LogOutputStream:75 - [STDERR_REDIRECT] 
2025-06-28 09:37:14,982 [ERROR] LogOutputStream:75 - [STDERR_REDIRECT] [Fatal Error] :1:1: Premature end of file.
2025-06-28 09:37:14,982 [ERROR] LogOutputStream:75 - [STDERR_REDIRECT] 
2025-06-28 09:37:15,981 [ERROR] LogOutputStream:75 - [STDERR_REDIRECT] [Fatal Error] :1:1: Premature end of file.
2025-06-28 09:37:15,981 [ERROR] LogOutputStream:75 - [STDERR_REDIRECT] 
2025-06-28 09:37:16,983 [ERROR] LogOutputStream:75 - [STDERR_REDIRECT] [Fatal Error] :1:1: Premature end of file.
2025-06-28 09:37:16,984 [ERROR] LogOutputStream:75 - [STDERR_REDIRECT] 
2025-06-28 09:37:17,983 [ERROR] LogOutputStream:75 - [STDERR_REDIRECT] [Fatal Error] :1:1: Premature end of file.
2025-06-28 09:37:17,983 [ERROR] LogOutputStream:75 - [STDERR_REDIRECT] 
2025-06-28 09:37:18,982 [ERROR] LogOutputStream:75 - [STDERR_REDIRECT] [Fatal Error] :1:1: Premature end of file.
2025-06-28 09:37:18,982 [ERROR] LogOutputStream:75 - [STDERR_REDIRECT] 
2025-06-28 09:37:19,983 [ERROR] LogOutputStream:75 - [STDERR_REDIRECT] [Fatal Error] :1:1: Premature end of file.
2025-06-28 09:37:19,983 [ERROR] LogOutputStream:75 - [STDERR_REDIRECT] 
2025-06-28 09:37:20,977 [ERROR] LogOutputStream:75 - [STDERR_REDIRECT] [Fatal Error] :1:1: Premature end of file.
2025-06-28 09:37:20,978 [ERROR] LogOutputStream:75 - [STDERR_REDIRECT] 
2025-06-28 09:37:21,973 [ERROR] LogOutputStream:75 - [STDERR_REDIRECT] [Fatal Error] :1:1: Premature end of file.
2025-06-28 09:37:21,974 [ERROR] LogOutputStream:75 - [STDERR_REDIRECT] 
2025-06-28 09:37:22,973 [ERROR] LogOutputStream:75 - [STDERR_REDIRECT] [Fatal Error] :1:1: Premature end of file.
2025-06-28 09:37:22,974 [ERROR] LogOutputStream:75 - [STDERR_REDIRECT] 
2025-06-28 09:37:23,978 [ERROR] LogOutputStream:75 - [STDERR_REDIRECT] [Fatal Error] :1:1: Premature end of file.
2025-06-28 09:37:23,978 [ERROR] LogOutputStream:75 - [STDERR_REDIRECT] 
2025-06-28 09:37:24,991 [ERROR] LogOutputStream:75 - [STDERR_REDIRECT] [Fatal Error] :1:1: Premature end of file.
2025-06-28 09:37:24,992 [ERROR] LogOutputStream:75 - [STDERR_REDIRECT] 
2025-06-28 09:37:25,982 [ERROR] LogOutputStream:75 - [STDERR_REDIRECT] [Fatal Error] :1:1: Premature end of file.
2025-06-28 09:37:25,982 [ERROR] LogOutputStream:75 - [STDERR_REDIRECT] 
2025-06-28 09:37:26,982 [ERROR] LogOutputStream:75 - [STDERR_REDIRECT] [Fatal Error] :1:1: Premature end of file.
2025-06-28 09:37:26,982 [ERROR] LogOutputStream:75 - [STDERR_REDIRECT] 
2025-06-28 09:37:27,989 [ERROR] LogOutputStream:75 - [STDERR_REDIRECT] [Fatal Error] :1:1: Premature end of file.
2025-06-28 09:37:27,990 [ERROR] LogOutputStream:75 - [STDERR_REDIRECT] 
2025-06-28 09:37:28,982 [ERROR] LogOutputStream:75 - [STDERR_REDIRECT] [Fatal Error] :1:1: Premature end of file.
2025-06-28 09:37:28,982 [ERROR] LogOutputStream:75 - [STDERR_REDIRECT] 
2025-06-28 09:37:29,981 [ERROR] LogOutputStream:75 - [STDERR_REDIRECT] [Fatal Error] :1:1: Premature end of file.
2025-06-28 09:37:29,981 [ERROR] LogOutputStream:75 - [STDERR_REDIRECT] 
2025-06-28 09:37:30,983 [ERROR] LogOutputStream:75 - [STDERR_REDIRECT] [Fatal Error] :1:1: Premature end of file.
2025-06-28 09:37:30,983 [ERROR] LogOutputStream:75 - [STDERR_REDIRECT] 
2025-06-28 09:37:31,984 [ERROR] LogOutputStream:75 - [STDERR_REDIRECT] [Fatal Error] :1:1: Premature end of file.
2025-06-28 09:37:31,984 [ERROR] LogOutputStream:75 - [STDERR_REDIRECT] 
2025-06-28 09:37:32,984 [ERROR] LogOutputStream:75 - [STDERR_REDIRECT] [Fatal Error] :1:1: Premature end of file.
2025-06-28 09:37:32,984 [ERROR] LogOutputStream:75 - [STDERR_REDIRECT] 
2025-06-28 09:37:33,986 [ERROR] LogOutputStream:75 - [STDERR_REDIRECT] [Fatal Error] :1:1: Premature end of file.
2025-06-28 09:37:33,986 [ERROR] LogOutputStream:75 - [STDERR_REDIRECT] 
2025-06-28 09:37:34,990 [ERROR] LogOutputStream:75 - [STDERR_REDIRECT] [Fatal Error] :1:1: Premature end of file.
2025-06-28 09:37:34,990 [ERROR] LogOutputStream:75 - [STDERR_REDIRECT] 
2025-06-28 09:37:35,995 [ERROR] LogOutputStream:75 - [STDERR_REDIRECT] [Fatal Error] :1:1: Premature end of file.
2025-06-28 09:37:35,996 [ERROR] LogOutputStream:75 - [STDERR_REDIRECT] 
2025-06-28 09:37:37,004 [ERROR] LogOutputStream:75 - [STDERR_REDIRECT] [Fatal Error] :1:1: Premature end of file.
2025-06-28 09:37:37,004 [ERROR] LogOutputStream:75 - [STDERR_REDIRECT] 
2025-06-28 09:37:37,984 [ERROR] LogOutputStream:75 - [STDERR_REDIRECT] [Fatal Error] :1:1: Premature end of file.
2025-06-28 09:37:37,984 [ERROR] LogOutputStream:75 - [STDERR_REDIRECT] 
2025-06-28 09:37:38,981 [ERROR] LogOutputStream:75 - [STDERR_REDIRECT] [Fatal Error] :1:1: Premature end of file.
2025-06-28 09:37:38,981 [ERROR] LogOutputStream:75 - [STDERR_REDIRECT] 
2025-06-28 09:37:39,985 [ERROR] LogOutputStream:75 - [STDERR_REDIRECT] [Fatal Error] :1:1: Premature end of file.
2025-06-28 09:37:39,985 [ERROR] LogOutputStream:75 - [STDERR_REDIRECT] 
2025-06-28 09:37:40,985 [ERROR] LogOutputStream:75 - [STDERR_REDIRECT] [Fatal Error] :1:1: Premature end of file.
2025-06-28 09:37:40,985 [ERROR] LogOutputStream:75 - [STDERR_REDIRECT] 
2025-06-28 09:37:41,987 [ERROR] LogOutputStream:75 - [STDERR_REDIRECT] [Fatal Error] :1:1: Premature end of file.
2025-06-28 09:37:41,987 [ERROR] LogOutputStream:75 - [STDERR_REDIRECT] 
2025-06-28 09:37:42,981 [ERROR] LogOutputStream:75 - [STDERR_REDIRECT] [Fatal Error] :1:1: Premature end of file.
2025-06-28 09:37:42,981 [ERROR] LogOutputStream:75 - [STDERR_REDIRECT] 
2025-06-28 09:37:43,989 [ERROR] LogOutputStream:75 - [STDERR_REDIRECT] [Fatal Error] :1:1: Premature end of file.
2025-06-28 09:37:43,990 [ERROR] LogOutputStream:75 - [STDERR_REDIRECT] 
2025-06-28 09:37:44,984 [ERROR] LogOutputStream:75 - [STDERR_REDIRECT] [Fatal Error] :1:1: Premature end of file.
2025-06-28 09:37:44,984 [ERROR] LogOutputStream:75 - [STDERR_REDIRECT] 
2025-06-28 09:37:45,984 [ERROR] LogOutputStream:75 - [STDERR_REDIRECT] [Fatal Error] :1:1: Premature end of file.
2025-06-28 09:37:45,984 [ERROR] LogOutputStream:75 - [STDERR_REDIRECT] 
2025-06-28 09:37:46,975 [ERROR] LogOutputStream:75 - [STDERR_REDIRECT] [Fatal Error] :1:1: Premature end of file.
2025-06-28 09:37:46,975 [ERROR] LogOutputStream:75 - [STDERR_REDIRECT] 
2025-06-28 09:37:47,983 [ERROR] LogOutputStream:75 - [STDERR_REDIRECT] [Fatal Error] :1:1: Premature end of file.
2025-06-28 09:37:47,984 [ERROR] LogOutputStream:75 - [STDERR_REDIRECT] 
2025-06-28 09:37:48,967 [ERROR] LogOutputStream:75 - [STDERR_REDIRECT] [Fatal Error] :1:1: Premature end of file.
2025-06-28 09:37:48,967 [ERROR] LogOutputStream:75 - [STDERR_REDIRECT] 
2025-06-28 09:37:49,982 [ERROR] LogOutputStream:75 - [STDERR_REDIRECT] [Fatal Error] :1:1: Premature end of file.
2025-06-28 09:37:49,982 [ERROR] LogOutputStream:75 - [STDERR_REDIRECT] 
2025-06-28 09:37:50,983 [ERROR] LogOutputStream:75 - [STDERR_REDIRECT] [Fatal Error] :1:1: Premature end of file.
2025-06-28 09:37:50,983 [ERROR] LogOutputStream:75 - [STDERR_REDIRECT] 
2025-06-28 09:37:51,991 [ERROR] LogOutputStream:75 - [STDERR_REDIRECT] [Fatal Error] :1:1: Premature end of file.
2025-06-28 09:37:51,991 [ERROR] LogOutputStream:75 - [STDERR_REDIRECT] 
2025-06-28 09:37:52,979 [ERROR] LogOutputStream:75 - [STDERR_REDIRECT] [Fatal Error] :1:1: Premature end of file.
2025-06-28 09:37:52,980 [ERROR] LogOutputStream:75 - [STDERR_REDIRECT] 
2025-06-28 09:37:53,950 [ERROR] LogOutputStream:75 - [STDERR_REDIRECT] [Fatal Error] :1:1: Premature end of file.
2025-06-28 09:37:53,951 [ERROR] LogOutputStream:75 - [STDERR_REDIRECT] 
2025-06-28 09:37:54,988 [ERROR] LogOutputStream:75 - [STDERR_REDIRECT] [Fatal Error] :1:1: Premature end of file.
2025-06-28 09:37:54,988 [ERROR] LogOutputStream:75 - [STDERR_REDIRECT] 
2025-06-28 09:37:55,984 [ERROR] LogOutputStream:75 - [STDERR_REDIRECT] [Fatal Error] :1:1: Premature end of file.
2025-06-28 09:37:55,985 [ERROR] LogOutputStream:75 - [STDERR_REDIRECT] 
2025-06-28 09:37:56,958 [ERROR] LogOutputStream:75 - [STDERR_REDIRECT] [Fatal Error] :1:1: Premature end of file.
2025-06-28 09:37:56,958 [ERROR] LogOutputStream:75 - [STDERR_REDIRECT] 
2025-06-28 09:37:57,983 [ERROR] LogOutputStream:75 - [STDERR_REDIRECT] [Fatal Error] :1:1: Premature end of file.
2025-06-28 09:37:57,984 [ERROR] LogOutputStream:75 - [STDERR_REDIRECT] 
2025-06-28 09:37:58,981 [ERROR] LogOutputStream:75 - [STDERR_REDIRECT] [Fatal Error] :1:1: Premature end of file.
2025-06-28 09:37:58,982 [ERROR] LogOutputStream:75 - [STDERR_REDIRECT] 
2025-06-28 09:37:59,983 [ERROR] LogOutputStream:75 - [STDERR_REDIRECT] [Fatal Error] :1:1: Premature end of file.
2025-06-28 09:37:59,983 [ERROR] LogOutputStream:75 - [STDERR_REDIRECT] 
2025-06-28 09:38:01,002 [ERROR] LogOutputStream:75 - [STDERR_REDIRECT] [Fatal Error] :1:1: Premature end of file.
2025-06-28 09:38:01,002 [ERROR] LogOutputStream:75 - [STDERR_REDIRECT] 
2025-06-28 09:38:01,990 [ERROR] LogOutputStream:75 - [STDERR_REDIRECT] [Fatal Error] :1:1: Premature end of file.
2025-06-28 09:38:01,990 [ERROR] LogOutputStream:75 - [STDERR_REDIRECT] 
2025-06-28 09:38:02,985 [ERROR] LogOutputStream:75 - [STDERR_REDIRECT] [Fatal Error] :1:1: Premature end of file.
2025-06-28 09:38:02,985 [ERROR] LogOutputStream:75 - [STDERR_REDIRECT] 
2025-06-28 09:38:03,995 [ERROR] LogOutputStream:75 - [STDERR_REDIRECT] [Fatal Error] :1:1: Premature end of file.
2025-06-28 09:38:03,995 [ERROR] LogOutputStream:75 - [STDERR_REDIRECT] 
2025-06-28 09:38:04,987 [ERROR] LogOutputStream:75 - [STDERR_REDIRECT] [Fatal Error] :1:1: Premature end of file.
2025-06-28 09:38:04,987 [ERROR] LogOutputStream:75 - [STDERR_REDIRECT] 
2025-06-28 09:38:05,979 [ERROR] LogOutputStream:75 - [STDERR_REDIRECT] [Fatal Error] :1:1: Premature end of file.
2025-06-28 09:38:05,979 [ERROR] LogOutputStream:75 - [STDERR_REDIRECT] 
2025-06-28 09:38:06,982 [ERROR] LogOutputStream:75 - [STDERR_REDIRECT] [Fatal Error] :1:1: Premature end of file.
2025-06-28 09:38:06,982 [ERROR] LogOutputStream:75 - [STDERR_REDIRECT] 
2025-06-28 09:38:07,982 [ERROR] LogOutputStream:75 - [STDERR_REDIRECT] [Fatal Error] :1:1: Premature end of file.
2025-06-28 09:38:07,982 [ERROR] LogOutputStream:75 - [STDERR_REDIRECT] 
2025-06-28 09:38:08,986 [ERROR] LogOutputStream:75 - [STDERR_REDIRECT] [Fatal Error] :1:1: Premature end of file.
2025-06-28 09:38:08,986 [ERROR] LogOutputStream:75 - [STDERR_REDIRECT] 
2025-06-28 09:38:09,979 [ERROR] LogOutputStream:75 - [STDERR_REDIRECT] [Fatal Error] :1:1: Premature end of file.
2025-06-28 09:38:09,979 [ERROR] LogOutputStream:75 - [STDERR_REDIRECT] 
2025-06-28 09:38:10,979 [ERROR] LogOutputStream:75 - [STDERR_REDIRECT] [Fatal Error] :1:1: Premature end of file.
2025-06-28 09:38:10,979 [ERROR] LogOutputStream:75 - [STDERR_REDIRECT] 
2025-06-28 09:38:11,981 [ERROR] LogOutputStream:75 - [STDERR_REDIRECT] [Fatal Error] :1:1: Premature end of file.
2025-06-28 09:38:11,981 [ERROR] LogOutputStream:75 - [STDERR_REDIRECT] 
2025-06-28 09:38:12,977 [ERROR] LogOutputStream:75 - [STDERR_REDIRECT] [Fatal Error] :1:1: Premature end of file.
2025-06-28 09:38:12,978 [ERROR] LogOutputStream:75 - [STDERR_REDIRECT] 
2025-06-28 09:38:13,986 [ERROR] LogOutputStream:75 - [STDERR_REDIRECT] [Fatal Error] :1:1: Premature end of file.
2025-06-28 09:38:13,987 [ERROR] LogOutputStream:75 - [STDERR_REDIRECT] 
2025-06-28 09:38:14,980 [ERROR] LogOutputStream:75 - [STDERR_REDIRECT] [Fatal Error] :1:1: Premature end of file.
2025-06-28 09:38:14,980 [ERROR] LogOutputStream:75 - [STDERR_REDIRECT] 
2025-06-28 09:38:15,981 [ERROR] LogOutputStream:75 - [STDERR_REDIRECT] [Fatal Error] :1:1: Premature end of file.
2025-06-28 09:38:15,981 [ERROR] LogOutputStream:75 - [STDERR_REDIRECT] 
2025-06-28 09:38:16,984 [ERROR] LogOutputStream:75 - [STDERR_REDIRECT] [Fatal Error] :1:1: Premature end of file.
2025-06-28 09:38:16,984 [ERROR] LogOutputStream:75 - [STDERR_REDIRECT] 
2025-06-28 09:38:17,983 [ERROR] LogOutputStream:75 - [STDERR_REDIRECT] [Fatal Error] :1:1: Premature end of file.
2025-06-28 09:38:17,983 [ERROR] LogOutputStream:75 - [STDERR_REDIRECT] 
2025-06-28 09:38:18,987 [ERROR] LogOutputStream:75 - [STDERR_REDIRECT] [Fatal Error] :1:1: Premature end of file.
2025-06-28 09:38:18,987 [ERROR] LogOutputStream:75 - [STDERR_REDIRECT] 
2025-06-28 09:38:19,985 [ERROR] LogOutputStream:75 - [STDERR_REDIRECT] [Fatal Error] :1:1: Premature end of file.
2025-06-28 09:38:19,985 [ERROR] LogOutputStream:75 - [STDERR_REDIRECT] 
2025-06-28 09:38:20,975 [ERROR] LogOutputStream:75 - [STDERR_REDIRECT] [Fatal Error] :1:1: Premature end of file.
2025-06-28 09:38:20,975 [ERROR] LogOutputStream:75 - [STDERR_REDIRECT] 
2025-06-28 09:38:21,981 [ERROR] LogOutputStream:75 - [STDERR_REDIRECT] [Fatal Error] :1:1: Premature end of file.
2025-06-28 09:38:21,981 [ERROR] LogOutputStream:75 - [STDERR_REDIRECT] 
2025-06-28 09:38:22,978 [ERROR] LogOutputStream:75 - [STDERR_REDIRECT] [Fatal Error] :1:1: Premature end of file.
2025-06-28 09:38:22,978 [ERROR] LogOutputStream:75 - [STDERR_REDIRECT] 
2025-06-28 09:38:23,972 [ERROR] LogOutputStream:75 - [STDERR_REDIRECT] [Fatal Error] :1:1: Premature end of file.
2025-06-28 09:38:23,973 [ERROR] LogOutputStream:75 - [STDERR_REDIRECT] 
2025-06-28 09:38:24,991 [ERROR] LogOutputStream:75 - [STDERR_REDIRECT] [Fatal Error] :1:1: Premature end of file.
2025-06-28 09:38:24,992 [ERROR] LogOutputStream:75 - [STDERR_REDIRECT] 
2025-06-28 09:38:25,998 [ERROR] LogOutputStream:75 - [STDERR_REDIRECT] [Fatal Error] :1:1: Premature end of file.
2025-06-28 09:38:25,999 [ERROR] LogOutputStream:75 - [STDERR_REDIRECT] 
2025-06-28 09:38:26,977 [ERROR] LogOutputStream:75 - [STDERR_REDIRECT] [Fatal Error] :1:1: Premature end of file.
2025-06-28 09:38:26,977 [ERROR] LogOutputStream:75 - [STDERR_REDIRECT] 
2025-06-28 09:38:27,987 [ERROR] LogOutputStream:75 - [STDERR_REDIRECT] [Fatal Error] :1:1: Premature end of file.
2025-06-28 09:38:27,988 [ERROR] LogOutputStream:75 - [STDERR_REDIRECT] 
2025-06-28 09:38:28,985 [ERROR] LogOutputStream:75 - [STDERR_REDIRECT] [Fatal Error] :1:1: Premature end of file.
2025-06-28 09:38:28,985 [ERROR] LogOutputStream:75 - [STDERR_REDIRECT] 
2025-06-28 09:38:29,982 [ERROR] LogOutputStream:75 - [STDERR_REDIRECT] [Fatal Error] :1:1: Premature end of file.
2025-06-28 09:38:29,982 [ERROR] LogOutputStream:75 - [STDERR_REDIRECT] 
2025-06-28 09:38:30,982 [ERROR] LogOutputStream:75 - [STDERR_REDIRECT] [Fatal Error] :1:1: Premature end of file.
2025-06-28 09:38:30,982 [ERROR] LogOutputStream:75 - [STDERR_REDIRECT] 
2025-06-28 09:38:31,984 [ERROR] LogOutputStream:75 - [STDERR_REDIRECT] [Fatal Error] :1:1: Premature end of file.
2025-06-28 09:38:31,984 [ERROR] LogOutputStream:75 - [STDERR_REDIRECT] 
2025-06-28 09:38:32,984 [ERROR] LogOutputStream:75 - [STDERR_REDIRECT] [Fatal Error] :1:1: Premature end of file.
2025-06-28 09:38:32,984 [ERROR] LogOutputStream:75 - [STDERR_REDIRECT] 
2025-06-28 09:38:33,971 [ERROR] LogOutputStream:75 - [STDERR_REDIRECT] [Fatal Error] :1:1: Premature end of file.
2025-06-28 09:38:33,971 [ERROR] LogOutputStream:75 - [STDERR_REDIRECT] 
2025-06-28 09:38:35,008 [ERROR] LogOutputStream:75 - [STDERR_REDIRECT] [Fatal Error] :1:1: Premature end of file.
2025-06-28 09:38:35,008 [ERROR] LogOutputStream:75 - [STDERR_REDIRECT] 
2025-06-28 09:38:35,964 [ERROR] LogOutputStream:75 - [STDERR_REDIRECT] [Fatal Error] :1:1: Premature end of file.
2025-06-28 09:38:35,964 [ERROR] LogOutputStream:75 - [STDERR_REDIRECT] 
2025-06-28 09:38:36,977 [ERROR] LogOutputStream:75 - [STDERR_REDIRECT] [Fatal Error] :1:1: Premature end of file.
2025-06-28 09:38:36,977 [ERROR] LogOutputStream:75 - [STDERR_REDIRECT] 
2025-06-28 09:38:37,986 [ERROR] LogOutputStream:75 - [STDERR_REDIRECT] [Fatal Error] :1:1: Premature end of file.
2025-06-28 09:38:37,986 [ERROR] LogOutputStream:75 - [STDERR_REDIRECT] 
2025-06-28 09:38:38,992 [ERROR] LogOutputStream:75 - [STDERR_REDIRECT] [Fatal Error] :1:1: Premature end of file.
2025-06-28 09:38:38,992 [ERROR] LogOutputStream:75 - [STDERR_REDIRECT] 
2025-06-28 09:38:39,982 [ERROR] LogOutputStream:75 - [STDERR_REDIRECT] [Fatal Error] :1:1: Premature end of file.
2025-06-28 09:38:39,983 [ERROR] LogOutputStream:75 - [STDERR_REDIRECT] 
2025-06-28 09:38:40,985 [ERROR] LogOutputStream:75 - [STDERR_REDIRECT] [Fatal Error] :1:1: Premature end of file.
2025-06-28 09:38:40,985 [ERROR] LogOutputStream:75 - [STDERR_REDIRECT] 
2025-06-28 09:38:41,948 [ERROR] LogOutputStream:75 - [STDERR_REDIRECT] [Fatal Error] :1:1: Premature end of file.
2025-06-28 09:38:41,948 [ERROR] LogOutputStream:75 - [STDERR_REDIRECT] 
2025-06-28 09:38:42,996 [ERROR] LogOutputStream:75 - [STDERR_REDIRECT] [Fatal Error] :1:1: Premature end of file.
2025-06-28 09:38:42,996 [ERROR] LogOutputStream:75 - [STDERR_REDIRECT] 
2025-06-28 09:38:43,984 [ERROR] LogOutputStream:75 - [STDERR_REDIRECT] [Fatal Error] :1:1: Premature end of file.
2025-06-28 09:38:43,984 [ERROR] LogOutputStream:75 - [STDERR_REDIRECT] 
2025-06-28 09:38:44,986 [ERROR] LogOutputStream:75 - [STDERR_REDIRECT] [Fatal Error] :1:1: Premature end of file.
2025-06-28 09:38:44,986 [ERROR] LogOutputStream:75 - [STDERR_REDIRECT] 
2025-06-28 09:38:45,984 [ERROR] LogOutputStream:75 - [STDERR_REDIRECT] [Fatal Error] :1:1: Premature end of file.
2025-06-28 09:38:45,984 [ERROR] LogOutputStream:75 - [STDERR_REDIRECT] 
2025-06-28 09:38:46,977 [ERROR] LogOutputStream:75 - [STDERR_REDIRECT] [Fatal Error] :1:1: Premature end of file.
2025-06-28 09:38:46,978 [ERROR] LogOutputStream:75 - [STDERR_REDIRECT] 
2025-06-28 09:38:47,986 [ERROR] LogOutputStream:75 - [STDERR_REDIRECT] [Fatal Error] :1:1: Premature end of file.
2025-06-28 09:38:47,986 [ERROR] LogOutputStream:75 - [STDERR_REDIRECT] 
2025-06-28 09:38:48,967 [ERROR] LogOutputStream:75 - [STDERR_REDIRECT] [Fatal Error] :1:1: Premature end of file.
2025-06-28 09:38:48,967 [ERROR] LogOutputStream:75 - [STDERR_REDIRECT] 
2025-06-28 09:38:49,986 [ERROR] LogOutputStream:75 - [STDERR_REDIRECT] [Fatal Error] :1:1: Premature end of file.
2025-06-28 09:38:49,987 [ERROR] LogOutputStream:75 - [STDERR_REDIRECT] 
2025-06-28 09:38:50,983 [ERROR] LogOutputStream:75 - [STDERR_REDIRECT] [Fatal Error] :1:1: Premature end of file.
2025-06-28 09:38:50,983 [ERROR] LogOutputStream:75 - [STDERR_REDIRECT] 
2025-06-28 09:38:51,981 [ERROR] LogOutputStream:75 - [STDERR_REDIRECT] [Fatal Error] :1:1: Premature end of file.
2025-06-28 09:38:51,981 [ERROR] LogOutputStream:75 - [STDERR_REDIRECT] 
2025-06-28 09:38:52,984 [ERROR] LogOutputStream:75 - [STDERR_REDIRECT] [Fatal Error] :1:1: Premature end of file.
2025-06-28 09:38:52,985 [ERROR] LogOutputStream:75 - [STDERR_REDIRECT] 
2025-06-28 09:38:53,986 [ERROR] LogOutputStream:75 - [STDERR_REDIRECT] [Fatal Error] :1:1: Premature end of file.
2025-06-28 09:38:53,987 [ERROR] LogOutputStream:75 - [STDERR_REDIRECT] 
2025-06-28 09:38:54,953 [ERROR] LogOutputStream:75 - [STDERR_REDIRECT] [Fatal Error] :1:1: Premature end of file.
2025-06-28 09:38:54,953 [ERROR] LogOutputStream:75 - [STDERR_REDIRECT] 
2025-06-28 09:38:55,975 [ERROR] LogOutputStream:75 - [STDERR_REDIRECT] [Fatal Error] :1:1: Premature end of file.
2025-06-28 09:38:55,975 [ERROR] LogOutputStream:75 - [STDERR_REDIRECT] 
2025-06-28 09:38:56,990 [ERROR] LogOutputStream:75 - [STDERR_REDIRECT] [Fatal Error] :1:1: Premature end of file.
2025-06-28 09:38:56,991 [ERROR] LogOutputStream:75 - [STDERR_REDIRECT] 
2025-06-28 09:38:57,983 [ERROR] LogOutputStream:75 - [STDERR_REDIRECT] [Fatal Error] :1:1: Premature end of file.
2025-06-28 09:38:57,983 [ERROR] LogOutputStream:75 - [STDERR_REDIRECT] 
2025-06-28 09:38:58,979 [ERROR] LogOutputStream:75 - [STDERR_REDIRECT] [Fatal Error] :1:1: Premature end of file.
2025-06-28 09:38:58,979 [ERROR] LogOutputStream:75 - [STDERR_REDIRECT] 
2025-06-28 09:38:59,986 [ERROR] LogOutputStream:75 - [STDERR_REDIRECT] [Fatal Error] :1:1: Premature end of file.
2025-06-28 09:38:59,986 [ERROR] LogOutputStream:75 - [STDERR_REDIRECT] 
2025-06-28 09:39:00,988 [ERROR] LogOutputStream:75 - [STDERR_REDIRECT] [Fatal Error] :1:1: Premature end of file.
2025-06-28 09:39:00,988 [ERROR] LogOutputStream:75 - [STDERR_REDIRECT] 
2025-06-28 09:39:01,989 [ERROR] LogOutputStream:75 - [STDERR_REDIRECT] [Fatal Error] :1:1: Premature end of file.
2025-06-28 09:39:01,989 [ERROR] LogOutputStream:75 - [STDERR_REDIRECT] 
2025-06-28 09:39:02,984 [ERROR] LogOutputStream:75 - [STDERR_REDIRECT] [Fatal Error] :1:1: Premature end of file.
2025-06-28 09:39:02,984 [ERROR] LogOutputStream:75 - [STDERR_REDIRECT] 
2025-06-28 09:39:03,987 [ERROR] LogOutputStream:75 - [STDERR_REDIRECT] [Fatal Error] :1:1: Premature end of file.
2025-06-28 09:39:03,987 [ERROR] LogOutputStream:75 - [STDERR_REDIRECT] 
2025-06-28 09:39:04,986 [ERROR] LogOutputStream:75 - [STDERR_REDIRECT] [Fatal Error] :1:1: Premature end of file.
2025-06-28 09:39:04,987 [ERROR] LogOutputStream:75 - [STDERR_REDIRECT] 
2025-06-28 09:39:05,990 [ERROR] LogOutputStream:75 - [STDERR_REDIRECT] [Fatal Error] :1:1: Premature end of file.
2025-06-28 09:39:05,990 [ERROR] LogOutputStream:75 - [STDERR_REDIRECT] 
2025-06-28 09:39:06,970 [ERROR] LogOutputStream:75 - [STDERR_REDIRECT] [Fatal Error] :1:1: Premature end of file.
2025-06-28 09:39:06,970 [ERROR] LogOutputStream:75 - [STDERR_REDIRECT] 
2025-06-28 09:39:07,987 [ERROR] LogOutputStream:75 - [STDERR_REDIRECT] [Fatal Error] :1:1: Premature end of file.
2025-06-28 09:39:07,987 [ERROR] LogOutputStream:75 - [STDERR_REDIRECT] 
2025-06-28 09:39:09,004 [ERROR] LogOutputStream:75 - [STDERR_REDIRECT] [Fatal Error] :1:1: Premature end of file.
2025-06-28 09:39:09,004 [ERROR] LogOutputStream:75 - [STDERR_REDIRECT] 
2025-06-28 09:39:09,991 [ERROR] LogOutputStream:75 - [STDERR_REDIRECT] [Fatal Error] :1:1: Premature end of file.
2025-06-28 09:39:09,992 [ERROR] LogOutputStream:75 - [STDERR_REDIRECT] 
2025-06-28 09:39:10,991 [ERROR] LogOutputStream:75 - [STDERR_REDIRECT] [Fatal Error] :1:1: Premature end of file.
2025-06-28 09:39:10,991 [ERROR] LogOutputStream:75 - [STDERR_REDIRECT] 
2025-06-28 09:39:11,981 [ERROR] LogOutputStream:75 - [STDERR_REDIRECT] [Fatal Error] :1:1: Premature end of file.
2025-06-28 09:39:11,981 [ERROR] LogOutputStream:75 - [STDERR_REDIRECT] 
2025-06-28 09:39:12,988 [ERROR] LogOutputStream:75 - [STDERR_REDIRECT] [Fatal Error] :1:1: Premature end of file.
2025-06-28 09:39:12,989 [ERROR] LogOutputStream:75 - [STDERR_REDIRECT] 
2025-06-28 09:39:13,986 [ERROR] LogOutputStream:75 - [STDERR_REDIRECT] [Fatal Error] :1:1: Premature end of file.
2025-06-28 09:39:13,986 [ERROR] LogOutputStream:75 - [STDERR_REDIRECT] 
2025-06-28 09:39:14,984 [ERROR] LogOutputStream:75 - [STDERR_REDIRECT] [Fatal Error] :1:1: Premature end of file.
2025-06-28 09:39:14,985 [ERROR] LogOutputStream:75 - [STDERR_REDIRECT] 
2025-06-28 09:39:15,952 [ERROR] LogOutputStream:75 - [STDERR_REDIRECT] [Fatal Error] :1:1: Premature end of file.
2025-06-28 09:39:15,952 [ERROR] LogOutputStream:75 - [STDERR_REDIRECT] 
2025-06-28 09:39:16,992 [ERROR] LogOutputStream:75 - [STDERR_REDIRECT] [Fatal Error] :1:1: Premature end of file.
2025-06-28 09:39:16,992 [ERROR] LogOutputStream:75 - [STDERR_REDIRECT] 
2025-06-28 09:39:17,992 [ERROR] LogOutputStream:75 - [STDERR_REDIRECT] [Fatal Error] :1:1: Premature end of file.
2025-06-28 09:39:17,992 [ERROR] LogOutputStream:75 - [STDERR_REDIRECT] 
2025-06-28 09:39:19,000 [ERROR] LogOutputStream:75 - [STDERR_REDIRECT] [Fatal Error] :1:1: Premature end of file.
2025-06-28 09:39:19,000 [ERROR] LogOutputStream:75 - [STDERR_REDIRECT] 
2025-06-28 09:39:19,991 [ERROR] LogOutputStream:75 - [STDERR_REDIRECT] [Fatal Error] :1:1: Premature end of file.
2025-06-28 09:39:19,992 [ERROR] LogOutputStream:75 - [STDERR_REDIRECT] 
2025-06-28 09:39:20,992 [ERROR] LogOutputStream:75 - [STDERR_REDIRECT] [Fatal Error] :1:1: Premature end of file.
2025-06-28 09:39:20,992 [ERROR] LogOutputStream:75 - [STDERR_REDIRECT] 
2025-06-28 09:39:21,999 [ERROR] LogOutputStream:75 - [STDERR_REDIRECT] [Fatal Error] :1:1: Premature end of file.
2025-06-28 09:39:21,999 [ERROR] LogOutputStream:75 - [STDERR_REDIRECT] 
2025-06-28 09:39:22,991 [ERROR] LogOutputStream:75 - [STDERR_REDIRECT] [Fatal Error] :1:1: Premature end of file.
2025-06-28 09:39:22,991 [ERROR] LogOutputStream:75 - [STDERR_REDIRECT] 
2025-06-28 09:39:23,991 [ERROR] LogOutputStream:75 - [STDERR_REDIRECT] [Fatal Error] :1:1: Premature end of file.
2025-06-28 09:39:23,991 [ERROR] LogOutputStream:75 - [STDERR_REDIRECT] 
2025-06-28 09:39:24,991 [ERROR] LogOutputStream:75 - [STDERR_REDIRECT] [Fatal Error] :1:1: Premature end of file.
2025-06-28 09:39:24,991 [ERROR] LogOutputStream:75 - [STDERR_REDIRECT] 
2025-06-28 09:39:25,982 [ERROR] LogOutputStream:75 - [STDERR_REDIRECT] [Fatal Error] :1:1: Premature end of file.
2025-06-28 09:39:25,982 [ERROR] LogOutputStream:75 - [STDERR_REDIRECT] 
2025-06-28 09:39:26,984 [ERROR] LogOutputStream:75 - [STDERR_REDIRECT] [Fatal Error] :1:1: Premature end of file.
2025-06-28 09:39:26,984 [ERROR] LogOutputStream:75 - [STDERR_REDIRECT] 
2025-06-28 09:39:27,982 [ERROR] LogOutputStream:75 - [STDERR_REDIRECT] [Fatal Error] :1:1: Premature end of file.
2025-06-28 09:39:27,983 [ERROR] LogOutputStream:75 - [STDERR_REDIRECT] 
2025-06-28 09:39:28,960 [ERROR] LogOutputStream:75 - [STDERR_REDIRECT] [Fatal Error] :1:1: Premature end of file.
2025-06-28 09:39:28,960 [ERROR] LogOutputStream:75 - [STDERR_REDIRECT] 
2025-06-28 09:39:29,978 [ERROR] LogOutputStream:75 - [STDERR_REDIRECT] [Fatal Error] :1:1: Premature end of file.
2025-06-28 09:39:29,978 [ERROR] LogOutputStream:75 - [STDERR_REDIRECT] 
2025-06-28 09:39:30,983 [ERROR] LogOutputStream:75 - [STDERR_REDIRECT] [Fatal Error] :1:1: Premature end of file.
2025-06-28 09:39:30,983 [ERROR] LogOutputStream:75 - [STDERR_REDIRECT] 
2025-06-28 09:39:31,988 [ERROR] LogOutputStream:75 - [STDERR_REDIRECT] [Fatal Error] :1:1: Premature end of file.
2025-06-28 09:39:31,989 [ERROR] LogOutputStream:75 - [STDERR_REDIRECT] 
2025-06-28 09:39:32,981 [ERROR] LogOutputStream:75 - [STDERR_REDIRECT] [Fatal Error] :1:1: Premature end of file.
2025-06-28 09:39:32,981 [ERROR] LogOutputStream:75 - [STDERR_REDIRECT] 
2025-06-28 09:39:33,984 [ERROR] LogOutputStream:75 - [STDERR_REDIRECT] [Fatal Error] :1:1: Premature end of file.
2025-06-28 09:39:33,984 [ERROR] LogOutputStream:75 - [STDERR_REDIRECT] 
2025-06-28 09:39:34,985 [ERROR] LogOutputStream:75 - [STDERR_REDIRECT] [Fatal Error] :1:1: Premature end of file.
2025-06-28 09:39:34,985 [ERROR] LogOutputStream:75 - [STDERR_REDIRECT] 
2025-06-28 09:39:35,961 [ERROR] LogOutputStream:75 - [STDERR_REDIRECT] [Fatal Error] :1:1: Premature end of file.
2025-06-28 09:39:35,961 [ERROR] LogOutputStream:75 - [STDERR_REDIRECT] 
2025-06-28 09:39:37,006 [ERROR] LogOutputStream:75 - [STDERR_REDIRECT] [Fatal Error] :1:1: Premature end of file.
2025-06-28 09:39:37,006 [ERROR] LogOutputStream:75 - [STDERR_REDIRECT] 
2025-06-28 09:39:37,987 [ERROR] LogOutputStream:75 - [STDERR_REDIRECT] [Fatal Error] :1:1: Premature end of file.
2025-06-28 09:39:37,987 [ERROR] LogOutputStream:75 - [STDERR_REDIRECT] 
2025-06-28 09:39:38,989 [ERROR] LogOutputStream:75 - [STDERR_REDIRECT] [Fatal Error] :1:1: Premature end of file.
2025-06-28 09:39:38,989 [ERROR] LogOutputStream:75 - [STDERR_REDIRECT] 
2025-06-28 09:39:39,979 [ERROR] LogOutputStream:75 - [STDERR_REDIRECT] [Fatal Error] :1:1: Premature end of file.
2025-06-28 09:39:39,979 [ERROR] LogOutputStream:75 - [STDERR_REDIRECT] 
2025-06-28 09:39:40,995 [ERROR] LogOutputStream:75 - [STDERR_REDIRECT] [Fatal Error] :1:1: Premature end of file.
2025-06-28 09:39:40,995 [ERROR] LogOutputStream:75 - [STDERR_REDIRECT] 
2025-06-28 09:39:41,990 [ERROR] LogOutputStream:75 - [STDERR_REDIRECT] [Fatal Error] :1:1: Premature end of file.
2025-06-28 09:39:41,990 [ERROR] LogOutputStream:75 - [STDERR_REDIRECT] 
2025-06-28 09:39:42,992 [ERROR] LogOutputStream:75 - [STDERR_REDIRECT] [Fatal Error] :1:1: Premature end of file.
2025-06-28 09:39:42,992 [ERROR] LogOutputStream:75 - [STDERR_REDIRECT] 
2025-06-28 09:39:43,991 [ERROR] LogOutputStream:75 - [STDERR_REDIRECT] [Fatal Error] :1:1: Premature end of file.
2025-06-28 09:39:43,991 [ERROR] LogOutputStream:75 - [STDERR_REDIRECT] 
2025-06-28 09:39:44,988 [ERROR] LogOutputStream:75 - [STDERR_REDIRECT] [Fatal Error] :1:1: Premature end of file.
2025-06-28 09:39:44,989 [ERROR] LogOutputStream:75 - [STDERR_REDIRECT] 
2025-06-28 09:39:45,985 [ERROR] LogOutputStream:75 - [STDERR_REDIRECT] [Fatal Error] :1:1: Premature end of file.
2025-06-28 09:39:45,985 [ERROR] LogOutputStream:75 - [STDERR_REDIRECT] 
2025-06-28 09:39:46,991 [ERROR] LogOutputStream:75 - [STDERR_REDIRECT] [Fatal Error] :1:1: Premature end of file.
2025-06-28 09:39:46,991 [ERROR] LogOutputStream:75 - [STDERR_REDIRECT] 
2025-06-28 09:39:47,989 [ERROR] LogOutputStream:75 - [STDERR_REDIRECT] [Fatal Error] :1:1: Premature end of file.
2025-06-28 09:39:47,989 [ERROR] LogOutputStream:75 - [STDERR_REDIRECT] 
2025-06-28 09:39:49,021 [ERROR] LogOutputStream:75 - [STDERR_REDIRECT] [Fatal Error] :1:1: Premature end of file.
2025-06-28 09:39:49,021 [ERROR] LogOutputStream:75 - [STDERR_REDIRECT] 
2025-06-28 09:39:49,990 [ERROR] LogOutputStream:75 - [STDERR_REDIRECT] [Fatal Error] :1:1: Premature end of file.
2025-06-28 09:39:49,990 [ERROR] LogOutputStream:75 - [STDERR_REDIRECT] 
2025-06-28 09:39:50,985 [ERROR] LogOutputStream:75 - [STDERR_REDIRECT] [Fatal Error] :1:1: Premature end of file.
2025-06-28 09:39:50,985 [ERROR] LogOutputStream:75 - [STDERR_REDIRECT] 
2025-06-28 09:39:51,984 [ERROR] LogOutputStream:75 - [STDERR_REDIRECT] [Fatal Error] :1:1: Premature end of file.
2025-06-28 09:39:51,984 [ERROR] LogOutputStream:75 - [STDERR_REDIRECT] 
2025-06-28 09:39:52,980 [ERROR] LogOutputStream:75 - [STDERR_REDIRECT] [Fatal Error] :1:1: Premature end of file.
2025-06-28 09:39:52,981 [ERROR] LogOutputStream:75 - [STDERR_REDIRECT] 
2025-06-28 09:39:53,983 [ERROR] LogOutputStream:75 - [STDERR_REDIRECT] [Fatal Error] :1:1: Premature end of file.
2025-06-28 09:39:53,984 [ERROR] LogOutputStream:75 - [STDERR_REDIRECT] 
2025-06-28 09:39:54,983 [ERROR] LogOutputStream:75 - [STDERR_REDIRECT] [Fatal Error] :1:1: Premature end of file.
2025-06-28 09:39:54,984 [ERROR] LogOutputStream:75 - [STDERR_REDIRECT] 
2025-06-28 09:39:55,967 [ERROR] LogOutputStream:75 - [STDERR_REDIRECT] [Fatal Error] :1:1: Premature end of file.
2025-06-28 09:39:55,967 [ERROR] LogOutputStream:75 - [STDERR_REDIRECT] 
2025-06-28 09:39:56,997 [ERROR] LogOutputStream:75 - [STDERR_REDIRECT] [Fatal Error] :1:1: Premature end of file.
2025-06-28 09:39:56,997 [ERROR] LogOutputStream:75 - [STDERR_REDIRECT] 
2025-06-28 09:39:57,993 [ERROR] LogOutputStream:75 - [STDERR_REDIRECT] [Fatal Error] :1:1: Premature end of file.
2025-06-28 09:39:57,993 [ERROR] LogOutputStream:75 - [STDERR_REDIRECT] 
2025-06-28 09:39:58,986 [ERROR] LogOutputStream:75 - [STDERR_REDIRECT] [Fatal Error] :1:1: Premature end of file.
2025-06-28 09:39:58,987 [ERROR] LogOutputStream:75 - [STDERR_REDIRECT] 
2025-06-28 09:39:59,997 [ERROR] LogOutputStream:75 - [STDERR_REDIRECT] [Fatal Error] :1:1: Premature end of file.
2025-06-28 09:39:59,997 [ERROR] LogOutputStream:75 - [STDERR_REDIRECT] 
2025-06-28 09:40:00,989 [ERROR] LogOutputStream:75 - [STDERR_REDIRECT] [Fatal Error] :1:1: Premature end of file.
2025-06-28 09:40:00,989 [ERROR] LogOutputStream:75 - [STDERR_REDIRECT] 
2025-06-28 09:40:01,984 [ERROR] LogOutputStream:75 - [STDERR_REDIRECT] [Fatal Error] :1:1: Premature end of file.
2025-06-28 09:40:01,984 [ERROR] LogOutputStream:75 - [STDERR_REDIRECT] 
2025-06-28 09:40:02,989 [ERROR] LogOutputStream:75 - [STDERR_REDIRECT] [Fatal Error] :1:1: Premature end of file.
2025-06-28 09:40:02,989 [ERROR] LogOutputStream:75 - [STDERR_REDIRECT] 
2025-06-28 09:40:03,986 [ERROR] LogOutputStream:75 - [STDERR_REDIRECT] [Fatal Error] :1:1: Premature end of file.
2025-06-28 09:40:03,986 [ERROR] LogOutputStream:75 - [STDERR_REDIRECT] 
2025-06-28 09:40:05,015 [ERROR] LogOutputStream:75 - [STDERR_REDIRECT] [Fatal Error] :1:1: Premature end of file.
2025-06-28 09:40:05,015 [ERROR] LogOutputStream:75 - [STDERR_REDIRECT] 
2025-06-28 09:40:05,983 [ERROR] LogOutputStream:75 - [STDERR_REDIRECT] [Fatal Error] :1:1: Premature end of file.
2025-06-28 09:40:05,983 [ERROR] LogOutputStream:75 - [STDERR_REDIRECT] 
2025-06-28 09:40:06,989 [ERROR] LogOutputStream:75 - [STDERR_REDIRECT] [Fatal Error] :1:1: Premature end of file.
2025-06-28 09:40:06,989 [ERROR] LogOutputStream:75 - [STDERR_REDIRECT] 
2025-06-28 09:40:07,987 [ERROR] LogOutputStream:75 - [STDERR_REDIRECT] [Fatal Error] :1:1: Premature end of file.
2025-06-28 09:40:07,987 [ERROR] LogOutputStream:75 - [STDERR_REDIRECT] 
2025-06-28 09:40:08,975 [ERROR] LogOutputStream:75 - [STDERR_REDIRECT] [Fatal Error] :1:1: Premature end of file.
2025-06-28 09:40:08,975 [ERROR] LogOutputStream:75 - [STDERR_REDIRECT] 
2025-06-28 09:40:09,988 [ERROR] LogOutputStream:75 - [STDERR_REDIRECT] [Fatal Error] :1:1: Premature end of file.
2025-06-28 09:40:09,988 [ERROR] LogOutputStream:75 - [STDERR_REDIRECT] 
2025-06-28 09:40:10,987 [ERROR] LogOutputStream:75 - [STDERR_REDIRECT] [Fatal Error] :1:1: Premature end of file.
2025-06-28 09:40:10,988 [ERROR] LogOutputStream:75 - [STDERR_REDIRECT] 
2025-06-28 09:40:11,994 [ERROR] LogOutputStream:75 - [STDERR_REDIRECT] [Fatal Error] :1:1: Premature end of file.
2025-06-28 09:40:11,994 [ERROR] LogOutputStream:75 - [STDERR_REDIRECT] 
2025-06-28 09:40:12,990 [ERROR] LogOutputStream:75 - [STDERR_REDIRECT] [Fatal Error] :1:1: Premature end of file.
2025-06-28 09:40:12,990 [ERROR] LogOutputStream:75 - [STDERR_REDIRECT] 
2025-06-28 09:40:13,990 [ERROR] LogOutputStream:75 - [STDERR_REDIRECT] [Fatal Error] :1:1: Premature end of file.
2025-06-28 09:40:13,990 [ERROR] LogOutputStream:75 - [STDERR_REDIRECT] 
2025-06-28 09:40:14,989 [ERROR] LogOutputStream:75 - [STDERR_REDIRECT] [Fatal Error] :1:1: Premature end of file.
2025-06-28 09:40:14,989 [ERROR] LogOutputStream:75 - [STDERR_REDIRECT] 
2025-06-28 09:40:15,989 [ERROR] LogOutputStream:75 - [STDERR_REDIRECT] [Fatal Error] :1:1: Premature end of file.
2025-06-28 09:40:15,989 [ERROR] LogOutputStream:75 - [STDERR_REDIRECT] 
2025-06-28 09:40:16,990 [ERROR] LogOutputStream:75 - [STDERR_REDIRECT] [Fatal Error] :1:1: Premature end of file.
2025-06-28 09:40:16,990 [ERROR] LogOutputStream:75 - [STDERR_REDIRECT] 
2025-06-28 09:40:17,991 [ERROR] LogOutputStream:75 - [STDERR_REDIRECT] [Fatal Error] :1:1: Premature end of file.
2025-06-28 09:40:17,991 [ERROR] LogOutputStream:75 - [STDERR_REDIRECT] 
2025-06-28 09:40:18,996 [ERROR] LogOutputStream:75 - [STDERR_REDIRECT] [Fatal Error] :1:1: Premature end of file.
2025-06-28 09:40:18,996 [ERROR] LogOutputStream:75 - [STDERR_REDIRECT] 
2025-06-28 09:40:20,010 [ERROR] LogOutputStream:75 - [STDERR_REDIRECT] [Fatal Error] :1:1: Premature end of file.
2025-06-28 09:40:20,010 [ERROR] LogOutputStream:75 - [STDERR_REDIRECT] 
2025-06-28 09:40:20,995 [ERROR] LogOutputStream:75 - [STDERR_REDIRECT] [Fatal Error] :1:1: Premature end of file.
2025-06-28 09:40:20,995 [ERROR] LogOutputStream:75 - [STDERR_REDIRECT] 
2025-06-28 09:40:21,995 [ERROR] LogOutputStream:75 - [STDERR_REDIRECT] [Fatal Error] :1:1: Premature end of file.
2025-06-28 09:40:21,996 [ERROR] LogOutputStream:75 - [STDERR_REDIRECT] 
2025-06-28 09:40:22,990 [ERROR] LogOutputStream:75 - [STDERR_REDIRECT] [Fatal Error] :1:1: Premature end of file.
2025-06-28 09:40:22,990 [ERROR] LogOutputStream:75 - [STDERR_REDIRECT] 
2025-06-28 09:40:23,983 [ERROR] LogOutputStream:75 - [STDERR_REDIRECT] [Fatal Error] :1:1: Premature end of file.
2025-06-28 09:40:23,984 [ERROR] LogOutputStream:75 - [STDERR_REDIRECT] 
2025-06-28 09:40:24,970 [ERROR] LogOutputStream:75 - [STDERR_REDIRECT] [Fatal Error] :1:1: Premature end of file.
2025-06-28 09:40:24,970 [ERROR] LogOutputStream:75 - [STDERR_REDIRECT] 
2025-06-28 09:40:25,981 [ERROR] LogOutputStream:75 - [STDERR_REDIRECT] [Fatal Error] :1:1: Premature end of file.
2025-06-28 09:40:25,981 [ERROR] LogOutputStream:75 - [STDERR_REDIRECT] 
2025-06-28 09:40:26,981 [ERROR] LogOutputStream:75 - [STDERR_REDIRECT] [Fatal Error] :1:1: Premature end of file.
2025-06-28 09:40:26,981 [ERROR] LogOutputStream:75 - [STDERR_REDIRECT] 
2025-06-28 09:40:27,985 [ERROR] LogOutputStream:75 - [STDERR_REDIRECT] [Fatal Error] :1:1: Premature end of file.
2025-06-28 09:40:27,986 [ERROR] LogOutputStream:75 - [STDERR_REDIRECT] 
2025-06-28 09:40:28,976 [ERROR] LogOutputStream:75 - [STDERR_REDIRECT] [Fatal Error] :1:1: Premature end of file.
2025-06-28 09:40:28,976 [ERROR] LogOutputStream:75 - [STDERR_REDIRECT] 
2025-06-28 09:40:29,972 [ERROR] LogOutputStream:75 - [STDERR_REDIRECT] [Fatal Error] :1:1: Premature end of file.
2025-06-28 09:40:29,972 [ERROR] LogOutputStream:75 - [STDERR_REDIRECT] 
2025-06-28 09:40:30,944 [ERROR] LogOutputStream:75 - [STDERR_REDIRECT] [Fatal Error] :1:1: Premature end of file.
2025-06-28 09:40:30,944 [ERROR] LogOutputStream:75 - [STDERR_REDIRECT] 
2025-06-28 09:40:31,986 [ERROR] LogOutputStream:75 - [STDERR_REDIRECT] [Fatal Error] :1:1: Premature end of file.
2025-06-28 09:40:31,986 [ERROR] LogOutputStream:75 - [STDERR_REDIRECT] 
2025-06-28 09:40:32,989 [ERROR] LogOutputStream:75 - [STDERR_REDIRECT] [Fatal Error] :1:1: Premature end of file.
2025-06-28 09:40:32,989 [ERROR] LogOutputStream:75 - [STDERR_REDIRECT] 
2025-06-28 09:40:33,981 [ERROR] LogOutputStream:75 - [STDERR_REDIRECT] [Fatal Error] :1:1: Premature end of file.
2025-06-28 09:40:33,981 [ERROR] LogOutputStream:75 - [STDERR_REDIRECT] 
2025-06-28 09:40:34,997 [ERROR] LogOutputStream:75 - [STDERR_REDIRECT] [Fatal Error] :1:1: Premature end of file.
2025-06-28 09:40:34,997 [ERROR] LogOutputStream:75 - [STDERR_REDIRECT] 
2025-06-28 09:40:35,976 [ERROR] LogOutputStream:75 - [STDERR_REDIRECT] [Fatal Error] :1:1: Premature end of file.
2025-06-28 09:40:35,976 [ERROR] LogOutputStream:75 - [STDERR_REDIRECT] 
2025-06-28 09:40:36,954 [ERROR] LogOutputStream:75 - [STDERR_REDIRECT] [Fatal Error] :1:1: Premature end of file.
2025-06-28 09:40:36,954 [ERROR] LogOutputStream:75 - [STDERR_REDIRECT] 
2025-06-28 09:40:37,953 [ERROR] LogOutputStream:75 - [STDERR_REDIRECT] [Fatal Error] :1:1: Premature end of file.
2025-06-28 09:40:37,953 [ERROR] LogOutputStream:75 - [STDERR_REDIRECT] 
2025-06-28 09:40:38,973 [ERROR] LogOutputStream:75 - [STDERR_REDIRECT] [Fatal Error] :1:1: Premature end of file.
2025-06-28 09:40:38,973 [ERROR] LogOutputStream:75 - [STDERR_REDIRECT] 
2025-06-28 09:40:39,965 [ERROR] LogOutputStream:75 - [STDERR_REDIRECT] [Fatal Error] :1:1: Premature end of file.
2025-06-28 09:40:39,965 [ERROR] LogOutputStream:75 - [STDERR_REDIRECT] 
2025-06-28 09:40:40,988 [ERROR] LogOutputStream:75 - [STDERR_REDIRECT] [Fatal Error] :1:1: Premature end of file.
2025-06-28 09:40:40,988 [ERROR] LogOutputStream:75 - [STDERR_REDIRECT] 
2025-06-28 09:40:41,977 [ERROR] LogOutputStream:75 - [STDERR_REDIRECT] [Fatal Error] :1:1: Premature end of file.
2025-06-28 09:40:41,977 [ERROR] LogOutputStream:75 - [STDERR_REDIRECT] 
2025-06-28 09:40:42,986 [ERROR] LogOutputStream:75 - [STDERR_REDIRECT] [Fatal Error] :1:1: Premature end of file.
2025-06-28 09:40:42,986 [ERROR] LogOutputStream:75 - [STDERR_REDIRECT] 
2025-06-28 09:40:43,996 [ERROR] LogOutputStream:75 - [STDERR_REDIRECT] [Fatal Error] :1:1: Premature end of file.
2025-06-28 09:40:43,996 [ERROR] LogOutputStream:75 - [STDERR_REDIRECT] 
2025-06-28 09:40:44,970 [ERROR] LogOutputStream:75 - [STDERR_REDIRECT] [Fatal Error] :1:1: Premature end of file.
2025-06-28 09:40:44,970 [ERROR] LogOutputStream:75 - [STDERR_REDIRECT] 
2025-06-28 09:40:45,965 [ERROR] LogOutputStream:75 - [STDERR_REDIRECT] [Fatal Error] :1:1: Premature end of file.
2025-06-28 09:40:45,965 [ERROR] LogOutputStream:75 - [STDERR_REDIRECT] 
2025-06-28 09:40:46,985 [ERROR] LogOutputStream:75 - [STDERR_REDIRECT] [Fatal Error] :1:1: Premature end of file.
2025-06-28 09:40:46,986 [ERROR] LogOutputStream:75 - [STDERR_REDIRECT] 
2025-06-28 09:40:47,978 [ERROR] LogOutputStream:75 - [STDERR_REDIRECT] [Fatal Error] :1:1: Premature end of file.
2025-06-28 09:40:47,979 [ERROR] LogOutputStream:75 - [STDERR_REDIRECT] 
2025-06-28 09:40:48,966 [ERROR] LogOutputStream:75 - [STDERR_REDIRECT] [Fatal Error] :1:1: Premature end of file.
2025-06-28 09:40:48,966 [ERROR] LogOutputStream:75 - [STDERR_REDIRECT] 
2025-06-28 09:40:49,985 [ERROR] LogOutputStream:75 - [STDERR_REDIRECT] [Fatal Error] :1:1: Premature end of file.
2025-06-28 09:40:49,986 [ERROR] LogOutputStream:75 - [STDERR_REDIRECT] 
2025-06-28 09:40:51,005 [ERROR] LogOutputStream:75 - [STDERR_REDIRECT] [Fatal Error] :1:1: Premature end of file.
2025-06-28 09:40:51,005 [ERROR] LogOutputStream:75 - [STDERR_REDIRECT] 
2025-06-28 09:40:51,989 [ERROR] LogOutputStream:75 - [STDERR_REDIRECT] [Fatal Error] :1:1: Premature end of file.
2025-06-28 09:40:51,989 [ERROR] LogOutputStream:75 - [STDERR_REDIRECT] 
2025-06-28 09:40:52,988 [ERROR] LogOutputStream:75 - [STDERR_REDIRECT] [Fatal Error] :1:1: Premature end of file.
2025-06-28 09:40:52,988 [ERROR] LogOutputStream:75 - [STDERR_REDIRECT] 
2025-06-28 09:40:53,975 [ERROR] LogOutputStream:75 - [STDERR_REDIRECT] [Fatal Error] :1:1: Premature end of file.
2025-06-28 09:40:53,975 [ERROR] LogOutputStream:75 - [STDERR_REDIRECT] 
2025-06-28 09:40:54,988 [ERROR] LogOutputStream:75 - [STDERR_REDIRECT] [Fatal Error] :1:1: Premature end of file.
2025-06-28 09:40:54,988 [ERROR] LogOutputStream:75 - [STDERR_REDIRECT] 
2025-06-28 09:40:55,987 [ERROR] LogOutputStream:75 - [STDERR_REDIRECT] [Fatal Error] :1:1: Premature end of file.
2025-06-28 09:40:55,987 [ERROR] LogOutputStream:75 - [STDERR_REDIRECT] 
2025-06-28 09:40:56,976 [ERROR] LogOutputStream:75 - [STDERR_REDIRECT] [Fatal Error] :1:1: Premature end of file.
2025-06-28 09:40:56,976 [ERROR] LogOutputStream:75 - [STDERR_REDIRECT] 
2025-06-28 09:40:57,986 [ERROR] LogOutputStream:75 - [STDERR_REDIRECT] [Fatal Error] :1:1: Premature end of file.
2025-06-28 09:40:57,986 [ERROR] LogOutputStream:75 - [STDERR_REDIRECT] 
2025-06-28 09:40:58,988 [ERROR] LogOutputStream:75 - [STDERR_REDIRECT] [Fatal Error] :1:1: Premature end of file.
2025-06-28 09:40:58,988 [ERROR] LogOutputStream:75 - [STDERR_REDIRECT] 
2025-06-28 09:40:59,987 [ERROR] LogOutputStream:75 - [STDERR_REDIRECT] [Fatal Error] :1:1: Premature end of file.
2025-06-28 09:40:59,987 [ERROR] LogOutputStream:75 - [STDERR_REDIRECT] 
2025-06-28 09:41:00,990 [ERROR] LogOutputStream:75 - [STDERR_REDIRECT] [Fatal Error] :1:1: Premature end of file.
2025-06-28 09:41:00,990 [ERROR] LogOutputStream:75 - [STDERR_REDIRECT] 
2025-06-28 09:41:01,987 [ERROR] LogOutputStream:75 - [STDERR_REDIRECT] [Fatal Error] :1:1: Premature end of file.
2025-06-28 09:41:01,987 [ERROR] LogOutputStream:75 - [STDERR_REDIRECT] 
2025-06-28 09:41:02,981 [ERROR] LogOutputStream:75 - [STDERR_REDIRECT] [Fatal Error] :1:1: Premature end of file.
2025-06-28 09:41:02,982 [ERROR] LogOutputStream:75 - [STDERR_REDIRECT] 
2025-06-28 09:41:03,978 [ERROR] LogOutputStream:75 - [STDERR_REDIRECT] [Fatal Error] :1:1: Premature end of file.
2025-06-28 09:41:03,978 [ERROR] LogOutputStream:75 - [STDERR_REDIRECT] 
2025-06-28 09:41:04,984 [ERROR] LogOutputStream:75 - [STDERR_REDIRECT] [Fatal Error] :1:1: Premature end of file.
2025-06-28 09:41:04,984 [ERROR] LogOutputStream:75 - [STDERR_REDIRECT] 
2025-06-28 09:41:05,989 [ERROR] LogOutputStream:75 - [STDERR_REDIRECT] [Fatal Error] :1:1: Premature end of file.
2025-06-28 09:41:05,989 [ERROR] LogOutputStream:75 - [STDERR_REDIRECT] 
2025-06-28 09:41:06,980 [ERROR] LogOutputStream:75 - [STDERR_REDIRECT] [Fatal Error] :1:1: Premature end of file.
2025-06-28 09:41:06,980 [ERROR] LogOutputStream:75 - [STDERR_REDIRECT] 
2025-06-28 09:41:07,981 [ERROR] LogOutputStream:75 - [STDERR_REDIRECT] [Fatal Error] :1:1: Premature end of file.
2025-06-28 09:41:07,982 [ERROR] LogOutputStream:75 - [STDERR_REDIRECT] 
2025-06-28 09:41:08,981 [ERROR] LogOutputStream:75 - [STDERR_REDIRECT] [Fatal Error] :1:1: Premature end of file.
2025-06-28 09:41:08,981 [ERROR] LogOutputStream:75 - [STDERR_REDIRECT] 
2025-06-28 09:41:09,982 [ERROR] LogOutputStream:75 - [STDERR_REDIRECT] [Fatal Error] :1:1: Premature end of file.
2025-06-28 09:41:09,983 [ERROR] LogOutputStream:75 - [STDERR_REDIRECT] 
2025-06-28 09:41:10,980 [ERROR] LogOutputStream:75 - [STDERR_REDIRECT] [Fatal Error] :1:1: Premature end of file.
2025-06-28 09:41:10,980 [ERROR] LogOutputStream:75 - [STDERR_REDIRECT] 
2025-06-28 09:41:11,979 [ERROR] LogOutputStream:75 - [STDERR_REDIRECT] [Fatal Error] :1:1: Premature end of file.
2025-06-28 09:41:11,979 [ERROR] LogOutputStream:75 - [STDERR_REDIRECT] 
2025-06-28 09:41:12,988 [ERROR] LogOutputStream:75 - [STDERR_REDIRECT] [Fatal Error] :1:1: Premature end of file.
2025-06-28 09:41:12,988 [ERROR] LogOutputStream:75 - [STDERR_REDIRECT] 
2025-06-28 09:41:13,985 [ERROR] LogOutputStream:75 - [STDERR_REDIRECT] [Fatal Error] :1:1: Premature end of file.
2025-06-28 09:41:13,986 [ERROR] LogOutputStream:75 - [STDERR_REDIRECT] 
2025-06-28 09:41:14,980 [ERROR] LogOutputStream:75 - [STDERR_REDIRECT] [Fatal Error] :1:1: Premature end of file.
2025-06-28 09:41:14,980 [ERROR] LogOutputStream:75 - [STDERR_REDIRECT] 
2025-06-28 09:41:15,985 [ERROR] LogOutputStream:75 - [STDERR_REDIRECT] [Fatal Error] :1:1: Premature end of file.
2025-06-28 09:41:15,985 [ERROR] LogOutputStream:75 - [STDERR_REDIRECT] 
2025-06-28 09:41:16,985 [ERROR] LogOutputStream:75 - [STDERR_REDIRECT] [Fatal Error] :1:1: Premature end of file.
2025-06-28 09:41:16,985 [ERROR] LogOutputStream:75 - [STDERR_REDIRECT] 
2025-06-28 09:41:17,988 [ERROR] LogOutputStream:75 - [STDERR_REDIRECT] [Fatal Error] :1:1: Premature end of file.
2025-06-28 09:41:17,988 [ERROR] LogOutputStream:75 - [STDERR_REDIRECT] 
2025-06-28 09:41:18,986 [ERROR] LogOutputStream:75 - [STDERR_REDIRECT] [Fatal Error] :1:1: Premature end of file.
2025-06-28 09:41:18,986 [ERROR] LogOutputStream:75 - [STDERR_REDIRECT] 
2025-06-28 09:41:19,985 [ERROR] LogOutputStream:75 - [STDERR_REDIRECT] [Fatal Error] :1:1: Premature end of file.
2025-06-28 09:41:19,986 [ERROR] LogOutputStream:75 - [STDERR_REDIRECT] 
2025-06-28 09:41:20,987 [ERROR] LogOutputStream:75 - [STDERR_REDIRECT] [Fatal Error] :1:1: Premature end of file.
2025-06-28 09:41:20,988 [ERROR] LogOutputStream:75 - [STDERR_REDIRECT] 
2025-06-28 09:41:21,987 [ERROR] LogOutputStream:75 - [STDERR_REDIRECT] [Fatal Error] :1:1: Premature end of file.
2025-06-28 09:41:21,988 [ERROR] LogOutputStream:75 - [STDERR_REDIRECT] 
2025-06-28 09:41:22,978 [ERROR] LogOutputStream:75 - [STDERR_REDIRECT] [Fatal Error] :1:1: Premature end of file.
2025-06-28 09:41:22,978 [ERROR] LogOutputStream:75 - [STDERR_REDIRECT] 
2025-06-28 09:41:23,986 [ERROR] LogOutputStream:75 - [STDERR_REDIRECT] [Fatal Error] :1:1: Premature end of file.
2025-06-28 09:41:23,987 [ERROR] LogOutputStream:75 - [STDERR_REDIRECT] 
2025-06-28 09:41:24,993 [ERROR] LogOutputStream:75 - [STDERR_REDIRECT] [Fatal Error] :1:1: Premature end of file.
2025-06-28 09:41:24,993 [ERROR] LogOutputStream:75 - [STDERR_REDIRECT] 
2025-06-28 09:41:25,990 [ERROR] LogOutputStream:75 - [STDERR_REDIRECT] [Fatal Error] :1:1: Premature end of file.
2025-06-28 09:41:25,990 [ERROR] LogOutputStream:75 - [STDERR_REDIRECT] 
2025-06-28 09:41:26,977 [ERROR] LogOutputStream:75 - [STDERR_REDIRECT] [Fatal Error] :1:1: Premature end of file.
2025-06-28 09:41:26,977 [ERROR] LogOutputStream:75 - [STDERR_REDIRECT] 
2025-06-28 09:41:27,987 [ERROR] LogOutputStream:75 - [STDERR_REDIRECT] [Fatal Error] :1:1: Premature end of file.
2025-06-28 09:41:27,987 [ERROR] LogOutputStream:75 - [STDERR_REDIRECT] 
2025-06-28 09:41:28,983 [ERROR] LogOutputStream:75 - [STDERR_REDIRECT] [Fatal Error] :1:1: Premature end of file.
2025-06-28 09:41:28,983 [ERROR] LogOutputStream:75 - [STDERR_REDIRECT] 
2025-06-28 09:41:29,988 [ERROR] LogOutputStream:75 - [STDERR_REDIRECT] [Fatal Error] :1:1: Premature end of file.
2025-06-28 09:41:29,988 [ERROR] LogOutputStream:75 - [STDERR_REDIRECT] 
2025-06-28 09:41:30,985 [ERROR] LogOutputStream:75 - [STDERR_REDIRECT] [Fatal Error] :1:1: Premature end of file.
2025-06-28 09:41:30,985 [ERROR] LogOutputStream:75 - [STDERR_REDIRECT] 
2025-06-28 09:41:31,977 [ERROR] LogOutputStream:75 - [STDERR_REDIRECT] [Fatal Error] :1:1: Premature end of file.
2025-06-28 09:41:31,977 [ERROR] LogOutputStream:75 - [STDERR_REDIRECT] 
2025-06-28 09:41:32,986 [ERROR] LogOutputStream:75 - [STDERR_REDIRECT] [Fatal Error] :1:1: Premature end of file.
2025-06-28 09:41:32,986 [ERROR] LogOutputStream:75 - [STDERR_REDIRECT] 
2025-06-28 09:41:33,975 [ERROR] LogOutputStream:75 - [STDERR_REDIRECT] [Fatal Error] :1:1: Premature end of file.
2025-06-28 09:41:33,975 [ERROR] LogOutputStream:75 - [STDERR_REDIRECT] 
2025-06-28 09:41:34,976 [ERROR] LogOutputStream:75 - [STDERR_REDIRECT] [Fatal Error] :1:1: Premature end of file.
2025-06-28 09:41:34,976 [ERROR] LogOutputStream:75 - [STDERR_REDIRECT] 
2025-06-28 09:41:35,986 [ERROR] LogOutputStream:75 - [STDERR_REDIRECT] [Fatal Error] :1:1: Premature end of file.
2025-06-28 09:41:35,986 [ERROR] LogOutputStream:75 - [STDERR_REDIRECT] 
2025-06-28 09:41:36,984 [ERROR] LogOutputStream:75 - [STDERR_REDIRECT] [Fatal Error] :1:1: Premature end of file.
2025-06-28 09:41:36,984 [ERROR] LogOutputStream:75 - [STDERR_REDIRECT] 
2025-06-28 09:41:37,990 [ERROR] LogOutputStream:75 - [STDERR_REDIRECT] [Fatal Error] :1:1: Premature end of file.
2025-06-28 09:41:37,990 [ERROR] LogOutputStream:75 - [STDERR_REDIRECT] 
2025-06-28 09:41:38,983 [ERROR] LogOutputStream:75 - [STDERR_REDIRECT] [Fatal Error] :1:1: Premature end of file.
2025-06-28 09:41:38,983 [ERROR] LogOutputStream:75 - [STDERR_REDIRECT] 
2025-06-28 09:41:39,986 [ERROR] LogOutputStream:75 - [STDERR_REDIRECT] [Fatal Error] :1:1: Premature end of file.
2025-06-28 09:41:39,986 [ERROR] LogOutputStream:75 - [STDERR_REDIRECT] 
2025-06-28 09:41:40,970 [ERROR] LogOutputStream:75 - [STDERR_REDIRECT] [Fatal Error] :1:1: Premature end of file.
2025-06-28 09:41:40,970 [ERROR] LogOutputStream:75 - [STDERR_REDIRECT] 
2025-06-28 09:41:41,984 [ERROR] LogOutputStream:75 - [STDERR_REDIRECT] [Fatal Error] :1:1: Premature end of file.
2025-06-28 09:41:41,985 [ERROR] LogOutputStream:75 - [STDERR_REDIRECT] 
2025-06-28 09:41:42,990 [ERROR] LogOutputStream:75 - [STDERR_REDIRECT] [Fatal Error] :1:1: Premature end of file.
2025-06-28 09:41:42,990 [ERROR] LogOutputStream:75 - [STDERR_REDIRECT] 
2025-06-28 09:41:43,989 [ERROR] LogOutputStream:75 - [STDERR_REDIRECT] [Fatal Error] :1:1: Premature end of file.
2025-06-28 09:41:43,989 [ERROR] LogOutputStream:75 - [STDERR_REDIRECT] 
2025-06-28 09:41:44,961 [ERROR] LogOutputStream:75 - [STDERR_REDIRECT] [Fatal Error] :1:1: Premature end of file.
2025-06-28 09:41:44,962 [ERROR] LogOutputStream:75 - [STDERR_REDIRECT] 
2025-06-28 09:41:45,991 [ERROR] LogOutputStream:75 - [STDERR_REDIRECT] [Fatal Error] :1:1: Premature end of file.
2025-06-28 09:41:45,992 [ERROR] LogOutputStream:75 - [STDERR_REDIRECT] 
2025-06-28 09:41:46,984 [ERROR] LogOutputStream:75 - [STDERR_REDIRECT] [Fatal Error] :1:1: Premature end of file.
2025-06-28 09:41:46,984 [ERROR] LogOutputStream:75 - [STDERR_REDIRECT] 
2025-06-28 09:41:47,974 [ERROR] LogOutputStream:75 - [STDERR_REDIRECT] [Fatal Error] :1:1: Premature end of file.
2025-06-28 09:41:47,974 [ERROR] LogOutputStream:75 - [STDERR_REDIRECT] 
2025-06-28 09:41:48,986 [ERROR] LogOutputStream:75 - [STDERR_REDIRECT] [Fatal Error] :1:1: Premature end of file.
2025-06-28 09:41:48,987 [ERROR] LogOutputStream:75 - [STDERR_REDIRECT] 
2025-06-28 09:41:49,987 [ERROR] LogOutputStream:75 - [STDERR_REDIRECT] [Fatal Error] :1:1: Premature end of file.
2025-06-28 09:41:49,987 [ERROR] LogOutputStream:75 - [STDERR_REDIRECT] 
2025-06-28 09:41:50,986 [ERROR] LogOutputStream:75 - [STDERR_REDIRECT] [Fatal Error] :1:1: Premature end of file.
2025-06-28 09:41:50,986 [ERROR] LogOutputStream:75 - [STDERR_REDIRECT] 
2025-06-28 09:41:51,981 [ERROR] LogOutputStream:75 - [STDERR_REDIRECT] [Fatal Error] :1:1: Premature end of file.
2025-06-28 09:41:51,981 [ERROR] LogOutputStream:75 - [STDERR_REDIRECT] 
2025-06-28 09:41:52,982 [ERROR] LogOutputStream:75 - [STDERR_REDIRECT] [Fatal Error] :1:1: Premature end of file.
2025-06-28 09:41:52,982 [ERROR] LogOutputStream:75 - [STDERR_REDIRECT] 
2025-06-28 09:41:53,985 [ERROR] LogOutputStream:75 - [STDERR_REDIRECT] [Fatal Error] :1:1: Premature end of file.
2025-06-28 09:41:53,985 [ERROR] LogOutputStream:75 - [STDERR_REDIRECT] 
2025-06-28 09:41:54,987 [ERROR] LogOutputStream:75 - [STDERR_REDIRECT] [Fatal Error] :1:1: Premature end of file.
2025-06-28 09:41:54,987 [ERROR] LogOutputStream:75 - [STDERR_REDIRECT] 
2025-06-28 09:41:55,986 [ERROR] LogOutputStream:75 - [STDERR_REDIRECT] [Fatal Error] :1:1: Premature end of file.
2025-06-28 09:41:55,986 [ERROR] LogOutputStream:75 - [STDERR_REDIRECT] 
2025-06-28 09:41:56,989 [ERROR] LogOutputStream:75 - [STDERR_REDIRECT] [Fatal Error] :1:1: Premature end of file.
2025-06-28 09:41:56,989 [ERROR] LogOutputStream:75 - [STDERR_REDIRECT] 
2025-06-28 09:41:58,007 [ERROR] LogOutputStream:75 - [STDERR_REDIRECT] [Fatal Error] :1:1: Premature end of file.
2025-06-28 09:41:58,008 [ERROR] LogOutputStream:75 - [STDERR_REDIRECT] 
2025-06-28 09:41:58,987 [ERROR] LogOutputStream:75 - [STDERR_REDIRECT] [Fatal Error] :1:1: Premature end of file.
2025-06-28 09:41:58,988 [ERROR] LogOutputStream:75 - [STDERR_REDIRECT] 
2025-06-28 09:41:59,976 [ERROR] LogOutputStream:75 - [STDERR_REDIRECT] [Fatal Error] :1:1: Premature end of file.
2025-06-28 09:41:59,976 [ERROR] LogOutputStream:75 - [STDERR_REDIRECT] 
2025-06-28 09:42:00,996 [ERROR] LogOutputStream:75 - [STDERR_REDIRECT] [Fatal Error] :1:1: Premature end of file.
2025-06-28 09:42:00,996 [ERROR] LogOutputStream:75 - [STDERR_REDIRECT] 
2025-06-28 09:42:01,987 [ERROR] LogOutputStream:75 - [STDERR_REDIRECT] [Fatal Error] :1:1: Premature end of file.
2025-06-28 09:42:01,987 [ERROR] LogOutputStream:75 - [STDERR_REDIRECT] 
2025-06-28 09:42:02,987 [ERROR] LogOutputStream:75 - [STDERR_REDIRECT] [Fatal Error] :1:1: Premature end of file.
2025-06-28 09:42:02,987 [ERROR] LogOutputStream:75 - [STDERR_REDIRECT] 
2025-06-28 09:42:03,984 [ERROR] LogOutputStream:75 - [STDERR_REDIRECT] [Fatal Error] :1:1: Premature end of file.
2025-06-28 09:42:03,984 [ERROR] LogOutputStream:75 - [STDERR_REDIRECT] 
2025-06-28 09:42:04,988 [ERROR] LogOutputStream:75 - [STDERR_REDIRECT] [Fatal Error] :1:1: Premature end of file.
2025-06-28 09:42:04,988 [ERROR] LogOutputStream:75 - [STDERR_REDIRECT] 
2025-06-28 09:42:05,987 [ERROR] LogOutputStream:75 - [STDERR_REDIRECT] [Fatal Error] :1:1: Premature end of file.
2025-06-28 09:42:05,987 [ERROR] LogOutputStream:75 - [STDERR_REDIRECT] 
2025-06-28 09:42:06,987 [ERROR] LogOutputStream:75 - [STDERR_REDIRECT] [Fatal Error] :1:1: Premature end of file.
2025-06-28 09:42:06,987 [ERROR] LogOutputStream:75 - [STDERR_REDIRECT] 
2025-06-28 09:42:07,988 [ERROR] LogOutputStream:75 - [STDERR_REDIRECT] [Fatal Error] :1:1: Premature end of file.
2025-06-28 09:42:07,989 [ERROR] LogOutputStream:75 - [STDERR_REDIRECT] 
2025-06-28 09:42:08,986 [ERROR] LogOutputStream:75 - [STDERR_REDIRECT] [Fatal Error] :1:1: Premature end of file.
2025-06-28 09:42:08,987 [ERROR] LogOutputStream:75 - [STDERR_REDIRECT] 
2025-06-28 09:42:09,991 [ERROR] LogOutputStream:75 - [STDERR_REDIRECT] [Fatal Error] :1:1: Premature end of file.
2025-06-28 09:42:09,991 [ERROR] LogOutputStream:75 - [STDERR_REDIRECT] 
2025-06-28 09:42:10,977 [ERROR] LogOutputStream:75 - [STDERR_REDIRECT] [Fatal Error] :1:1: Premature end of file.
2025-06-28 09:42:10,977 [ERROR] LogOutputStream:75 - [STDERR_REDIRECT] 
2025-06-28 09:42:12,005 [ERROR] LogOutputStream:75 - [STDERR_REDIRECT] [Fatal Error] :1:1: Premature end of file.
2025-06-28 09:42:12,005 [ERROR] LogOutputStream:75 - [STDERR_REDIRECT] 
2025-06-28 09:42:12,984 [ERROR] LogOutputStream:75 - [STDERR_REDIRECT] [Fatal Error] :1:1: Premature end of file.
2025-06-28 09:42:12,984 [ERROR] LogOutputStream:75 - [STDERR_REDIRECT] 
2025-06-28 09:42:13,954 [ERROR] LogOutputStream:75 - [STDERR_REDIRECT] [Fatal Error] :1:1: Premature end of file.
2025-06-28 09:42:13,954 [ERROR] LogOutputStream:75 - [STDERR_REDIRECT] 
2025-06-28 09:42:14,981 [ERROR] LogOutputStream:75 - [STDERR_REDIRECT] [Fatal Error] :1:1: Premature end of file.
2025-06-28 09:42:14,981 [ERROR] LogOutputStream:75 - [STDERR_REDIRECT] 
2025-06-28 09:42:15,980 [ERROR] LogOutputStream:75 - [STDERR_REDIRECT] [Fatal Error] :1:1: Premature end of file.
2025-06-28 09:42:15,980 [ERROR] LogOutputStream:75 - [STDERR_REDIRECT] 
2025-06-28 09:42:16,981 [ERROR] LogOutputStream:75 - [STDERR_REDIRECT] [Fatal Error] :1:1: Premature end of file.
2025-06-28 09:42:16,981 [ERROR] LogOutputStream:75 - [STDERR_REDIRECT] 
2025-06-28 09:42:17,399 [ERROR] AdobePublisher:162 - Exception while opening the connection: java.net.SocketTimeoutException: Connect timed out
2025-06-28 09:42:17,983 [ERROR] LogOutputStream:75 - [STDERR_REDIRECT] [Fatal Error] :1:1: Premature end of file.
2025-06-28 09:42:17,984 [ERROR] LogOutputStream:75 - [STDERR_REDIRECT] 
2025-06-28 09:42:18,975 [ERROR] LogOutputStream:75 - [STDERR_REDIRECT] [Fatal Error] :1:1: Premature end of file.
2025-06-28 09:42:18,975 [ERROR] LogOutputStream:75 - [STDERR_REDIRECT] 
2025-06-28 09:42:19,997 [ERROR] LogOutputStream:75 - [STDERR_REDIRECT] [Fatal Error] :1:1: Premature end of file.
2025-06-28 09:42:19,997 [ERROR] LogOutputStream:75 - [STDERR_REDIRECT] 
2025-06-28 09:42:20,989 [ERROR] LogOutputStream:75 - [STDERR_REDIRECT] [Fatal Error] :1:1: Premature end of file.
2025-06-28 09:42:20,989 [ERROR] LogOutputStream:75 - [STDERR_REDIRECT] 
2025-06-28 09:42:21,989 [ERROR] LogOutputStream:75 - [STDERR_REDIRECT] [Fatal Error] :1:1: Premature end of file.
2025-06-28 09:42:21,989 [ERROR] LogOutputStream:75 - [STDERR_REDIRECT] 
2025-06-28 09:42:22,988 [ERROR] LogOutputStream:75 - [STDERR_REDIRECT] [Fatal Error] :1:1: Premature end of file.
2025-06-28 09:42:22,989 [ERROR] LogOutputStream:75 - [STDERR_REDIRECT] 
2025-06-28 09:42:23,988 [ERROR] LogOutputStream:75 - [STDERR_REDIRECT] [Fatal Error] :1:1: Premature end of file.
2025-06-28 09:42:23,989 [ERROR] LogOutputStream:75 - [STDERR_REDIRECT] 
2025-06-28 09:42:24,993 [ERROR] LogOutputStream:75 - [STDERR_REDIRECT] [Fatal Error] :1:1: Premature end of file.
2025-06-28 09:42:24,993 [ERROR] LogOutputStream:75 - [STDERR_REDIRECT] 
2025-06-28 09:42:25,988 [ERROR] LogOutputStream:75 - [STDERR_REDIRECT] [Fatal Error] :1:1: Premature end of file.
2025-06-28 09:42:25,988 [ERROR] LogOutputStream:75 - [STDERR_REDIRECT] 
2025-06-28 09:42:26,982 [ERROR] LogOutputStream:75 - [STDERR_REDIRECT] [Fatal Error] :1:1: Premature end of file.
2025-06-28 09:42:26,982 [ERROR] LogOutputStream:75 - [STDERR_REDIRECT] 
2025-06-28 09:42:27,987 [ERROR] LogOutputStream:75 - [STDERR_REDIRECT] [Fatal Error] :1:1: Premature end of file.
2025-06-28 09:42:27,987 [ERROR] LogOutputStream:75 - [STDERR_REDIRECT] 
2025-06-28 09:42:28,976 [ERROR] LogOutputStream:75 - [STDERR_REDIRECT] [Fatal Error] :1:1: Premature end of file.
2025-06-28 09:42:28,976 [ERROR] LogOutputStream:75 - [STDERR_REDIRECT] 
2025-06-28 09:42:29,966 [ERROR] LogOutputStream:75 - [STDERR_REDIRECT] [Fatal Error] :1:1: Premature end of file.
2025-06-28 09:42:29,966 [ERROR] LogOutputStream:75 - [STDERR_REDIRECT] 
2025-06-28 09:42:30,961 [ERROR] LogOutputStream:75 - [STDERR_REDIRECT] [Fatal Error] :1:1: Premature end of file.
2025-06-28 09:42:30,961 [ERROR] LogOutputStream:75 - [STDERR_REDIRECT] 
2025-06-28 09:42:31,985 [ERROR] LogOutputStream:75 - [STDERR_REDIRECT] [Fatal Error] :1:1: Premature end of file.
2025-06-28 09:42:31,985 [ERROR] LogOutputStream:75 - [STDERR_REDIRECT] 
2025-06-28 09:42:32,994 [ERROR] LogOutputStream:75 - [STDERR_REDIRECT] [Fatal Error] :1:1: Premature end of file.
2025-06-28 09:42:32,994 [ERROR] LogOutputStream:75 - [STDERR_REDIRECT] 
2025-06-28 09:42:33,986 [ERROR] LogOutputStream:75 - [STDERR_REDIRECT] [Fatal Error] :1:1: Premature end of file.
2025-06-28 09:42:33,986 [ERROR] LogOutputStream:75 - [STDERR_REDIRECT] 
2025-06-28 09:42:34,973 [ERROR] LogOutputStream:75 - [STDERR_REDIRECT] [Fatal Error] :1:1: Premature end of file.
2025-06-28 09:42:34,973 [ERROR] LogOutputStream:75 - [STDERR_REDIRECT] 
2025-06-28 09:42:35,985 [ERROR] LogOutputStream:75 - [STDERR_REDIRECT] [Fatal Error] :1:1: Premature end of file.
2025-06-28 09:42:35,985 [ERROR] LogOutputStream:75 - [STDERR_REDIRECT] 
2025-06-28 09:42:36,964 [ERROR] LogOutputStream:75 - [STDERR_REDIRECT] [Fatal Error] :1:1: Premature end of file.
2025-06-28 09:42:36,964 [ERROR] LogOutputStream:75 - [STDERR_REDIRECT] 
2025-06-28 09:42:37,985 [ERROR] LogOutputStream:75 - [STDERR_REDIRECT] [Fatal Error] :1:1: Premature end of file.
2025-06-28 09:42:37,985 [ERROR] LogOutputStream:75 - [STDERR_REDIRECT] 
2025-06-28 09:42:38,985 [ERROR] LogOutputStream:75 - [STDERR_REDIRECT] [Fatal Error] :1:1: Premature end of file.
2025-06-28 09:42:38,985 [ERROR] LogOutputStream:75 - [STDERR_REDIRECT] 
2025-06-28 09:42:39,976 [ERROR] LogOutputStream:75 - [STDERR_REDIRECT] [Fatal Error] :1:1: Premature end of file.
2025-06-28 09:42:39,977 [ERROR] LogOutputStream:75 - [STDERR_REDIRECT] 
2025-06-28 09:42:40,985 [ERROR] LogOutputStream:75 - [STDERR_REDIRECT] [Fatal Error] :1:1: Premature end of file.
2025-06-28 09:42:40,985 [ERROR] LogOutputStream:75 - [STDERR_REDIRECT] 
2025-06-28 09:42:41,950 [ERROR] LogOutputStream:75 - [STDERR_REDIRECT] [Fatal Error] :1:1: Premature end of file.
2025-06-28 09:42:41,950 [ERROR] LogOutputStream:75 - [STDERR_REDIRECT] 
2025-06-28 09:42:42,949 [ERROR] LogOutputStream:75 - [STDERR_REDIRECT] [Fatal Error] :1:1: Premature end of file.
2025-06-28 09:42:42,950 [ERROR] LogOutputStream:75 - [STDERR_REDIRECT] 
2025-06-28 09:42:43,982 [ERROR] LogOutputStream:75 - [STDERR_REDIRECT] [Fatal Error] :1:1: Premature end of file.
2025-06-28 09:42:43,982 [ERROR] LogOutputStream:75 - [STDERR_REDIRECT] 
2025-06-28 09:42:44,988 [ERROR] LogOutputStream:75 - [STDERR_REDIRECT] [Fatal Error] :1:1: Premature end of file.
2025-06-28 09:42:44,989 [ERROR] LogOutputStream:75 - [STDERR_REDIRECT] 
2025-06-28 09:42:45,986 [ERROR] LogOutputStream:75 - [STDERR_REDIRECT] [Fatal Error] :1:1: Premature end of file.
2025-06-28 09:42:45,986 [ERROR] LogOutputStream:75 - [STDERR_REDIRECT] 
2025-06-28 09:42:46,985 [ERROR] LogOutputStream:75 - [STDERR_REDIRECT] [Fatal Error] :1:1: Premature end of file.
2025-06-28 09:42:46,985 [ERROR] LogOutputStream:75 - [STDERR_REDIRECT] 
2025-06-28 09:42:47,991 [ERROR] LogOutputStream:75 - [STDERR_REDIRECT] [Fatal Error] :1:1: Premature end of file.
2025-06-28 09:42:47,991 [ERROR] LogOutputStream:75 - [STDERR_REDIRECT] 
2025-06-28 09:42:48,989 [ERROR] LogOutputStream:75 - [STDERR_REDIRECT] [Fatal Error] :1:1: Premature end of file.
2025-06-28 09:42:48,989 [ERROR] LogOutputStream:75 - [STDERR_REDIRECT] 
2025-06-28 09:42:49,985 [ERROR] LogOutputStream:75 - [STDERR_REDIRECT] [Fatal Error] :1:1: Premature end of file.
2025-06-28 09:42:49,986 [ERROR] LogOutputStream:75 - [STDERR_REDIRECT] 
2025-06-28 09:42:50,981 [ERROR] LogOutputStream:75 - [STDERR_REDIRECT] [Fatal Error] :1:1: Premature end of file.
2025-06-28 09:42:50,981 [ERROR] LogOutputStream:75 - [STDERR_REDIRECT] 
2025-06-28 09:42:51,989 [ERROR] LogOutputStream:75 - [STDERR_REDIRECT] [Fatal Error] :1:1: Premature end of file.
2025-06-28 09:42:51,989 [ERROR] LogOutputStream:75 - [STDERR_REDIRECT] 
2025-06-28 09:42:52,989 [ERROR] LogOutputStream:75 - [STDERR_REDIRECT] [Fatal Error] :1:1: Premature end of file.
2025-06-28 09:42:52,989 [ERROR] LogOutputStream:75 - [STDERR_REDIRECT] 
2025-06-28 09:42:53,987 [ERROR] LogOutputStream:75 - [STDERR_REDIRECT] [Fatal Error] :1:1: Premature end of file.
2025-06-28 09:42:53,987 [ERROR] LogOutputStream:75 - [STDERR_REDIRECT] 
2025-06-28 09:42:54,981 [ERROR] LogOutputStream:75 - [STDERR_REDIRECT] [Fatal Error] :1:1: Premature end of file.
2025-06-28 09:42:54,982 [ERROR] LogOutputStream:75 - [STDERR_REDIRECT] 
2025-06-28 09:42:55,986 [ERROR] LogOutputStream:75 - [STDERR_REDIRECT] [Fatal Error] :1:1: Premature end of file.
2025-06-28 09:42:55,987 [ERROR] LogOutputStream:75 - [STDERR_REDIRECT] 
2025-06-28 09:42:56,981 [ERROR] LogOutputStream:75 - [STDERR_REDIRECT] [Fatal Error] :1:1: Premature end of file.
2025-06-28 09:42:56,982 [ERROR] LogOutputStream:75 - [STDERR_REDIRECT] 
2025-06-28 09:42:57,984 [ERROR] LogOutputStream:75 - [STDERR_REDIRECT] [Fatal Error] :1:1: Premature end of file.
2025-06-28 09:42:57,984 [ERROR] LogOutputStream:75 - [STDERR_REDIRECT] 
2025-06-28 09:42:58,981 [ERROR] LogOutputStream:75 - [STDERR_REDIRECT] [Fatal Error] :1:1: Premature end of file.
2025-06-28 09:42:58,981 [ERROR] LogOutputStream:75 - [STDERR_REDIRECT] 
2025-06-28 09:42:59,988 [ERROR] LogOutputStream:75 - [STDERR_REDIRECT] [Fatal Error] :1:1: Premature end of file.
2025-06-28 09:42:59,988 [ERROR] LogOutputStream:75 - [STDERR_REDIRECT] 
2025-06-28 09:43:00,980 [ERROR] LogOutputStream:75 - [STDERR_REDIRECT] [Fatal Error] :1:1: Premature end of file.
2025-06-28 09:43:00,980 [ERROR] LogOutputStream:75 - [STDERR_REDIRECT] 
2025-06-28 09:43:01,985 [ERROR] LogOutputStream:75 - [STDERR_REDIRECT] [Fatal Error] :1:1: Premature end of file.
2025-06-28 09:43:01,985 [ERROR] LogOutputStream:75 - [STDERR_REDIRECT] 
2025-06-28 09:43:02,967 [ERROR] LogOutputStream:75 - [STDERR_REDIRECT] [Fatal Error] :1:1: Premature end of file.
2025-06-28 09:43:02,967 [ERROR] LogOutputStream:75 - [STDERR_REDIRECT] 
2025-06-28 09:43:03,989 [ERROR] LogOutputStream:75 - [STDERR_REDIRECT] [Fatal Error] :1:1: Premature end of file.
2025-06-28 09:43:03,989 [ERROR] LogOutputStream:75 - [STDERR_REDIRECT] 
2025-06-28 09:43:04,988 [ERROR] LogOutputStream:75 - [STDERR_REDIRECT] [Fatal Error] :1:1: Premature end of file.
2025-06-28 09:43:04,988 [ERROR] LogOutputStream:75 - [STDERR_REDIRECT] 
2025-06-28 09:43:05,991 [ERROR] LogOutputStream:75 - [STDERR_REDIRECT] [Fatal Error] :1:1: Premature end of file.
2025-06-28 09:43:05,991 [ERROR] LogOutputStream:75 - [STDERR_REDIRECT] 
2025-06-28 09:43:06,985 [ERROR] LogOutputStream:75 - [STDERR_REDIRECT] [Fatal Error] :1:1: Premature end of file.
2025-06-28 09:43:06,985 [ERROR] LogOutputStream:75 - [STDERR_REDIRECT] 
2025-06-28 09:43:07,980 [ERROR] LogOutputStream:75 - [STDERR_REDIRECT] [Fatal Error] :1:1: Premature end of file.
2025-06-28 09:43:07,980 [ERROR] LogOutputStream:75 - [STDERR_REDIRECT] 
2025-06-28 09:43:08,975 [ERROR] LogOutputStream:75 - [STDERR_REDIRECT] [Fatal Error] :1:1: Premature end of file.
2025-06-28 09:43:08,975 [ERROR] LogOutputStream:75 - [STDERR_REDIRECT] 
2025-06-28 09:43:09,986 [ERROR] LogOutputStream:75 - [STDERR_REDIRECT] [Fatal Error] :1:1: Premature end of file.
2025-06-28 09:43:09,987 [ERROR] LogOutputStream:75 - [STDERR_REDIRECT] 
2025-06-28 09:43:10,984 [ERROR] LogOutputStream:75 - [STDERR_REDIRECT] [Fatal Error] :1:1: Premature end of file.
2025-06-28 09:43:10,984 [ERROR] LogOutputStream:75 - [STDERR_REDIRECT] 
2025-06-28 09:43:11,981 [ERROR] LogOutputStream:75 - [STDERR_REDIRECT] [Fatal Error] :1:1: Premature end of file.
2025-06-28 09:43:11,981 [ERROR] LogOutputStream:75 - [STDERR_REDIRECT] 
2025-06-28 09:43:12,980 [ERROR] LogOutputStream:75 - [STDERR_REDIRECT] [Fatal Error] :1:1: Premature end of file.
2025-06-28 09:43:12,981 [ERROR] LogOutputStream:75 - [STDERR_REDIRECT] 
2025-06-28 09:43:13,982 [ERROR] LogOutputStream:75 - [STDERR_REDIRECT] [Fatal Error] :1:1: Premature end of file.
2025-06-28 09:43:13,982 [ERROR] LogOutputStream:75 - [STDERR_REDIRECT] 
2025-06-28 09:43:14,985 [ERROR] LogOutputStream:75 - [STDERR_REDIRECT] [Fatal Error] :1:1: Premature end of file.
2025-06-28 09:43:14,985 [ERROR] LogOutputStream:75 - [STDERR_REDIRECT] 
2025-06-28 09:43:15,953 [ERROR] LogOutputStream:75 - [STDERR_REDIRECT] [Fatal Error] :1:1: Premature end of file.
2025-06-28 09:43:15,953 [ERROR] LogOutputStream:75 - [STDERR_REDIRECT] 
2025-06-28 09:43:17,012 [ERROR] LogOutputStream:75 - [STDERR_REDIRECT] [Fatal Error] :1:1: Premature end of file.
2025-06-28 09:43:17,013 [ERROR] LogOutputStream:75 - [STDERR_REDIRECT] 
2025-06-28 09:43:17,991 [ERROR] LogOutputStream:75 - [STDERR_REDIRECT] [Fatal Error] :1:1: Premature end of file.
2025-06-28 09:43:17,991 [ERROR] LogOutputStream:75 - [STDERR_REDIRECT] 
2025-06-28 09:43:18,986 [ERROR] LogOutputStream:75 - [STDERR_REDIRECT] [Fatal Error] :1:1: Premature end of file.
2025-06-28 09:43:18,986 [ERROR] LogOutputStream:75 - [STDERR_REDIRECT] 
2025-06-28 09:43:19,953 [ERROR] LogOutputStream:75 - [STDERR_REDIRECT] [Fatal Error] :1:1: Premature end of file.
2025-06-28 09:43:19,953 [ERROR] LogOutputStream:75 - [STDERR_REDIRECT] 
2025-06-28 09:43:20,985 [ERROR] LogOutputStream:75 - [STDERR_REDIRECT] [Fatal Error] :1:1: Premature end of file.
2025-06-28 09:43:20,985 [ERROR] LogOutputStream:75 - [STDERR_REDIRECT] 
2025-06-28 09:43:21,953 [ERROR] LogOutputStream:75 - [STDERR_REDIRECT] [Fatal Error] :1:1: Premature end of file.
2025-06-28 09:43:21,953 [ERROR] LogOutputStream:75 - [STDERR_REDIRECT] 
2025-06-28 09:43:22,967 [ERROR] LogOutputStream:75 - [STDERR_REDIRECT] [Fatal Error] :1:1: Premature end of file.
2025-06-28 09:43:22,967 [ERROR] LogOutputStream:75 - [STDERR_REDIRECT] 
2025-06-28 09:43:23,985 [ERROR] LogOutputStream:75 - [STDERR_REDIRECT] [Fatal Error] :1:1: Premature end of file.
2025-06-28 09:43:23,986 [ERROR] LogOutputStream:75 - [STDERR_REDIRECT] 
2025-06-28 09:43:24,984 [ERROR] LogOutputStream:75 - [STDERR_REDIRECT] [Fatal Error] :1:1: Premature end of file.
2025-06-28 09:43:24,985 [ERROR] LogOutputStream:75 - [STDERR_REDIRECT] 
2025-06-28 09:43:25,989 [ERROR] LogOutputStream:75 - [STDERR_REDIRECT] [Fatal Error] :1:1: Premature end of file.
2025-06-28 09:43:25,989 [ERROR] LogOutputStream:75 - [STDERR_REDIRECT] 
2025-06-28 09:43:26,139 [ERROR] ConfigurationRetriever:142 - IOException on connection: Connect timed out
2025-06-28 09:43:26,995 [ERROR] LogOutputStream:75 - [STDERR_REDIRECT] [Fatal Error] :1:1: Premature end of file.
2025-06-28 09:43:26,996 [ERROR] LogOutputStream:75 - [STDERR_REDIRECT] 
2025-06-28 09:43:27,977 [ERROR] LogOutputStream:75 - [STDERR_REDIRECT] [Fatal Error] :1:1: Premature end of file.
2025-06-28 09:43:27,977 [ERROR] LogOutputStream:75 - [STDERR_REDIRECT] 
2025-06-28 09:43:28,995 [ERROR] LogOutputStream:75 - [STDERR_REDIRECT] [Fatal Error] :1:1: Premature end of file.
2025-06-28 09:43:28,995 [ERROR] LogOutputStream:75 - [STDERR_REDIRECT] 
2025-06-28 09:43:29,994 [ERROR] LogOutputStream:75 - [STDERR_REDIRECT] [Fatal Error] :1:1: Premature end of file.
2025-06-28 09:43:29,994 [ERROR] LogOutputStream:75 - [STDERR_REDIRECT] 
2025-06-28 09:43:30,991 [ERROR] LogOutputStream:75 - [STDERR_REDIRECT] [Fatal Error] :1:1: Premature end of file.
2025-06-28 09:43:30,992 [ERROR] LogOutputStream:75 - [STDERR_REDIRECT] 
2025-06-28 09:43:31,992 [ERROR] LogOutputStream:75 - [STDERR_REDIRECT] [Fatal Error] :1:1: Premature end of file.
2025-06-28 09:43:31,993 [ERROR] LogOutputStream:75 - [STDERR_REDIRECT] 
2025-06-28 09:43:32,989 [ERROR] LogOutputStream:75 - [STDERR_REDIRECT] [Fatal Error] :1:1: Premature end of file.
2025-06-28 09:43:32,990 [ERROR] LogOutputStream:75 - [STDERR_REDIRECT] 
2025-06-28 09:43:33,994 [ERROR] LogOutputStream:75 - [STDERR_REDIRECT] [Fatal Error] :1:1: Premature end of file.
2025-06-28 09:43:33,994 [ERROR] LogOutputStream:75 - [STDERR_REDIRECT] 
2025-06-28 09:43:34,993 [ERROR] LogOutputStream:75 - [STDERR_REDIRECT] [Fatal Error] :1:1: Premature end of file.
2025-06-28 09:43:34,993 [ERROR] LogOutputStream:75 - [STDERR_REDIRECT] 
2025-06-28 09:43:35,987 [ERROR] LogOutputStream:75 - [STDERR_REDIRECT] [Fatal Error] :1:1: Premature end of file.
2025-06-28 09:43:35,987 [ERROR] LogOutputStream:75 - [STDERR_REDIRECT] 
2025-06-28 09:43:36,988 [ERROR] LogOutputStream:75 - [STDERR_REDIRECT] [Fatal Error] :1:1: Premature end of file.
2025-06-28 09:43:36,988 [ERROR] LogOutputStream:75 - [STDERR_REDIRECT] 
2025-06-28 09:43:37,989 [ERROR] LogOutputStream:75 - [STDERR_REDIRECT] [Fatal Error] :1:1: Premature end of file.
2025-06-28 09:43:37,990 [ERROR] LogOutputStream:75 - [STDERR_REDIRECT] 
2025-06-28 09:43:38,988 [ERROR] LogOutputStream:75 - [STDERR_REDIRECT] [Fatal Error] :1:1: Premature end of file.
2025-06-28 09:43:38,988 [ERROR] LogOutputStream:75 - [STDERR_REDIRECT] 
2025-06-28 09:43:40,009 [ERROR] LogOutputStream:75 - [STDERR_REDIRECT] [Fatal Error] :1:1: Premature end of file.
2025-06-28 09:43:40,009 [ERROR] LogOutputStream:75 - [STDERR_REDIRECT] 
2025-06-28 09:43:40,986 [ERROR] LogOutputStream:75 - [STDERR_REDIRECT] [Fatal Error] :1:1: Premature end of file.
2025-06-28 09:43:40,987 [ERROR] LogOutputStream:75 - [STDERR_REDIRECT] 
2025-06-28 09:43:41,975 [ERROR] LogOutputStream:75 - [STDERR_REDIRECT] [Fatal Error] :1:1: Premature end of file.
2025-06-28 09:43:41,975 [ERROR] LogOutputStream:75 - [STDERR_REDIRECT] 
2025-06-28 09:43:42,987 [ERROR] LogOutputStream:75 - [STDERR_REDIRECT] [Fatal Error] :1:1: Premature end of file.
2025-06-28 09:43:42,987 [ERROR] LogOutputStream:75 - [STDERR_REDIRECT] 
2025-06-28 09:43:43,988 [ERROR] LogOutputStream:75 - [STDERR_REDIRECT] [Fatal Error] :1:1: Premature end of file.
2025-06-28 09:43:43,989 [ERROR] LogOutputStream:75 - [STDERR_REDIRECT] 
2025-06-28 09:43:44,987 [ERROR] LogOutputStream:75 - [STDERR_REDIRECT] [Fatal Error] :1:1: Premature end of file.
2025-06-28 09:43:44,987 [ERROR] LogOutputStream:75 - [STDERR_REDIRECT] 
2025-06-28 09:43:45,983 [ERROR] LogOutputStream:75 - [STDERR_REDIRECT] [Fatal Error] :1:1: Premature end of file.
2025-06-28 09:43:45,984 [ERROR] LogOutputStream:75 - [STDERR_REDIRECT] 
2025-06-28 09:43:46,985 [ERROR] LogOutputStream:75 - [STDERR_REDIRECT] [Fatal Error] :1:1: Premature end of file.
2025-06-28 09:43:46,985 [ERROR] LogOutputStream:75 - [STDERR_REDIRECT] 
2025-06-28 09:43:47,987 [ERROR] LogOutputStream:75 - [STDERR_REDIRECT] [Fatal Error] :1:1: Premature end of file.
2025-06-28 09:43:47,987 [ERROR] LogOutputStream:75 - [STDERR_REDIRECT] 
2025-06-28 09:43:48,978 [ERROR] LogOutputStream:75 - [STDERR_REDIRECT] [Fatal Error] :1:1: Premature end of file.
2025-06-28 09:43:48,979 [ERROR] LogOutputStream:75 - [STDERR_REDIRECT] 
2025-06-28 09:43:49,956 [ERROR] LogOutputStream:75 - [STDERR_REDIRECT] [Fatal Error] :1:1: Premature end of file.
2025-06-28 09:43:49,956 [ERROR] LogOutputStream:75 - [STDERR_REDIRECT] 
2025-06-28 09:43:50,993 [ERROR] LogOutputStream:75 - [STDERR_REDIRECT] [Fatal Error] :1:1: Premature end of file.
2025-06-28 09:43:50,993 [ERROR] LogOutputStream:75 - [STDERR_REDIRECT] 
2025-06-28 09:43:51,973 [ERROR] LogOutputStream:75 - [STDERR_REDIRECT] [Fatal Error] :1:1: Premature end of file.
2025-06-28 09:43:51,974 [ERROR] LogOutputStream:75 - [STDERR_REDIRECT] 
2025-06-28 09:43:52,993 [ERROR] LogOutputStream:75 - [STDERR_REDIRECT] [Fatal Error] :1:1: Premature end of file.
2025-06-28 09:43:52,994 [ERROR] LogOutputStream:75 - [STDERR_REDIRECT] 
2025-06-28 09:43:53,988 [ERROR] LogOutputStream:75 - [STDERR_REDIRECT] [Fatal Error] :1:1: Premature end of file.
2025-06-28 09:43:53,989 [ERROR] LogOutputStream:75 - [STDERR_REDIRECT] 
2025-06-28 09:43:55,013 [ERROR] LogOutputStream:75 - [STDERR_REDIRECT] [Fatal Error] :1:1: Premature end of file.
2025-06-28 09:43:55,013 [ERROR] LogOutputStream:75 - [STDERR_REDIRECT] 
2025-06-28 09:43:55,993 [ERROR] LogOutputStream:75 - [STDERR_REDIRECT] [Fatal Error] :1:1: Premature end of file.
2025-06-28 09:43:55,994 [ERROR] LogOutputStream:75 - [STDERR_REDIRECT] 
2025-06-28 09:43:56,992 [ERROR] LogOutputStream:75 - [STDERR_REDIRECT] [Fatal Error] :1:1: Premature end of file.
2025-06-28 09:43:56,992 [ERROR] LogOutputStream:75 - [STDERR_REDIRECT] 
2025-06-28 09:43:57,994 [ERROR] LogOutputStream:75 - [STDERR_REDIRECT] [Fatal Error] :1:1: Premature end of file.
2025-06-28 09:43:57,994 [ERROR] LogOutputStream:75 - [STDERR_REDIRECT] 
2025-06-28 09:43:58,992 [ERROR] LogOutputStream:75 - [STDERR_REDIRECT] [Fatal Error] :1:1: Premature end of file.
2025-06-28 09:43:58,992 [ERROR] LogOutputStream:75 - [STDERR_REDIRECT] 
2025-06-28 09:43:59,990 [ERROR] LogOutputStream:75 - [STDERR_REDIRECT] [Fatal Error] :1:1: Premature end of file.
2025-06-28 09:43:59,990 [ERROR] LogOutputStream:75 - [STDERR_REDIRECT] 
2025-06-28 09:44:00,989 [ERROR] LogOutputStream:75 - [STDERR_REDIRECT] [Fatal Error] :1:1: Premature end of file.
2025-06-28 09:44:00,989 [ERROR] LogOutputStream:75 - [STDERR_REDIRECT] 
2025-06-28 09:44:01,948 [ERROR] LogOutputStream:75 - [STDERR_REDIRECT] [Fatal Error] :1:1: Premature end of file.
2025-06-28 09:44:01,948 [ERROR] LogOutputStream:75 - [STDERR_REDIRECT] 
2025-06-28 09:44:02,966 [ERROR] LogOutputStream:75 - [STDERR_REDIRECT] [Fatal Error] :1:1: Premature end of file.
2025-06-28 09:44:02,966 [ERROR] LogOutputStream:75 - [STDERR_REDIRECT] 
2025-06-28 09:44:03,966 [ERROR] LogOutputStream:75 - [STDERR_REDIRECT] [Fatal Error] :1:1: Premature end of file.
2025-06-28 09:44:03,966 [ERROR] LogOutputStream:75 - [STDERR_REDIRECT] 
2025-06-28 09:44:04,993 [ERROR] LogOutputStream:75 - [STDERR_REDIRECT] [Fatal Error] :1:1: Premature end of file.
2025-06-28 09:44:04,994 [ERROR] LogOutputStream:75 - [STDERR_REDIRECT] 
2025-06-28 09:44:05,994 [ERROR] LogOutputStream:75 - [STDERR_REDIRECT] [Fatal Error] :1:1: Premature end of file.
2025-06-28 09:44:05,994 [ERROR] LogOutputStream:75 - [STDERR_REDIRECT] 
2025-06-28 09:44:06,990 [ERROR] LogOutputStream:75 - [STDERR_REDIRECT] [Fatal Error] :1:1: Premature end of file.
2025-06-28 09:44:06,991 [ERROR] LogOutputStream:75 - [STDERR_REDIRECT] 
2025-06-28 09:44:07,982 [ERROR] LogOutputStream:75 - [STDERR_REDIRECT] [Fatal Error] :1:1: Premature end of file.
2025-06-28 09:44:07,982 [ERROR] LogOutputStream:75 - [STDERR_REDIRECT] 
2025-06-28 09:44:08,986 [ERROR] LogOutputStream:75 - [STDERR_REDIRECT] [Fatal Error] :1:1: Premature end of file.
2025-06-28 09:44:08,987 [ERROR] LogOutputStream:75 - [STDERR_REDIRECT] 
2025-06-28 09:44:09,991 [ERROR] LogOutputStream:75 - [STDERR_REDIRECT] [Fatal Error] :1:1: Premature end of file.
2025-06-28 09:44:09,991 [ERROR] LogOutputStream:75 - [STDERR_REDIRECT] 
2025-06-28 09:44:10,986 [ERROR] LogOutputStream:75 - [STDERR_REDIRECT] [Fatal Error] :1:1: Premature end of file.
2025-06-28 09:44:10,986 [ERROR] LogOutputStream:75 - [STDERR_REDIRECT] 
2025-06-28 09:44:11,991 [ERROR] LogOutputStream:75 - [STDERR_REDIRECT] [Fatal Error] :1:1: Premature end of file.
2025-06-28 09:44:11,991 [ERROR] LogOutputStream:75 - [STDERR_REDIRECT] 
2025-06-28 09:44:12,987 [ERROR] LogOutputStream:75 - [STDERR_REDIRECT] [Fatal Error] :1:1: Premature end of file.
2025-06-28 09:44:12,988 [ERROR] LogOutputStream:75 - [STDERR_REDIRECT] 
2025-06-28 09:44:13,996 [ERROR] LogOutputStream:75 - [STDERR_REDIRECT] [Fatal Error] :1:1: Premature end of file.
2025-06-28 09:44:13,996 [ERROR] LogOutputStream:75 - [STDERR_REDIRECT] 
2025-06-28 09:44:14,989 [ERROR] LogOutputStream:75 - [STDERR_REDIRECT] [Fatal Error] :1:1: Premature end of file.
2025-06-28 09:44:14,989 [ERROR] LogOutputStream:75 - [STDERR_REDIRECT] 
2025-06-28 09:44:15,968 [ERROR] LogOutputStream:75 - [STDERR_REDIRECT] [Fatal Error] :1:1: Premature end of file.
2025-06-28 09:44:15,968 [ERROR] LogOutputStream:75 - [STDERR_REDIRECT] 
2025-06-28 09:44:16,994 [ERROR] LogOutputStream:75 - [STDERR_REDIRECT] [Fatal Error] :1:1: Premature end of file.
2025-06-28 09:44:16,994 [ERROR] LogOutputStream:75 - [STDERR_REDIRECT] 
2025-06-28 09:44:17,953 [ERROR] LogOutputStream:75 - [STDERR_REDIRECT] [Fatal Error] :1:1: Premature end of file.
2025-06-28 09:44:17,953 [ERROR] LogOutputStream:75 - [STDERR_REDIRECT] 
2025-06-28 09:44:18,996 [ERROR] LogOutputStream:75 - [STDERR_REDIRECT] [Fatal Error] :1:1: Premature end of file.
2025-06-28 09:44:18,996 [ERROR] LogOutputStream:75 - [STDERR_REDIRECT] 
2025-06-28 09:44:20,030 [ERROR] LogOutputStream:75 - [STDERR_REDIRECT] [Fatal Error] :1:1: Premature end of file.
2025-06-28 09:44:20,030 [ERROR] LogOutputStream:75 - [STDERR_REDIRECT] 
2025-06-28 09:44:20,974 [ERROR] LogOutputStream:75 - [STDERR_REDIRECT] [Fatal Error] :1:1: Premature end of file.
2025-06-28 09:44:20,974 [ERROR] LogOutputStream:75 - [STDERR_REDIRECT] 
2025-06-28 09:44:21,993 [ERROR] LogOutputStream:75 - [STDERR_REDIRECT] [Fatal Error] :1:1: Premature end of file.
2025-06-28 09:44:21,994 [ERROR] LogOutputStream:75 - [STDERR_REDIRECT] 
2025-06-28 09:44:22,992 [ERROR] LogOutputStream:75 - [STDERR_REDIRECT] [Fatal Error] :1:1: Premature end of file.
2025-06-28 09:44:22,992 [ERROR] LogOutputStream:75 - [STDERR_REDIRECT] 
2025-06-28 09:44:23,993 [ERROR] LogOutputStream:75 - [STDERR_REDIRECT] [Fatal Error] :1:1: Premature end of file.
2025-06-28 09:44:23,993 [ERROR] LogOutputStream:75 - [STDERR_REDIRECT] 
2025-06-28 09:44:24,990 [ERROR] LogOutputStream:75 - [STDERR_REDIRECT] [Fatal Error] :1:1: Premature end of file.
2025-06-28 09:44:24,991 [ERROR] LogOutputStream:75 - [STDERR_REDIRECT] 
2025-06-28 09:44:25,992 [ERROR] LogOutputStream:75 - [STDERR_REDIRECT] [Fatal Error] :1:1: Premature end of file.
2025-06-28 09:44:25,993 [ERROR] LogOutputStream:75 - [STDERR_REDIRECT] 
2025-06-28 09:44:26,977 [ERROR] LogOutputStream:75 - [STDERR_REDIRECT] [Fatal Error] :1:1: Premature end of file.
2025-06-28 09:44:26,977 [ERROR] LogOutputStream:75 - [STDERR_REDIRECT] 
2025-06-28 09:44:27,992 [ERROR] LogOutputStream:75 - [STDERR_REDIRECT] [Fatal Error] :1:1: Premature end of file.
2025-06-28 09:44:27,992 [ERROR] LogOutputStream:75 - [STDERR_REDIRECT] 
2025-06-28 09:44:28,987 [ERROR] LogOutputStream:75 - [STDERR_REDIRECT] [Fatal Error] :1:1: Premature end of file.
2025-06-28 09:44:28,987 [ERROR] LogOutputStream:75 - [STDERR_REDIRECT] 
2025-06-28 09:44:29,985 [ERROR] LogOutputStream:75 - [STDERR_REDIRECT] [Fatal Error] :1:1: Premature end of file.
2025-06-28 09:44:29,985 [ERROR] LogOutputStream:75 - [STDERR_REDIRECT] 
2025-06-28 09:44:30,984 [ERROR] LogOutputStream:75 - [STDERR_REDIRECT] [Fatal Error] :1:1: Premature end of file.
2025-06-28 09:44:30,985 [ERROR] LogOutputStream:75 - [STDERR_REDIRECT] 
2025-06-28 09:44:31,958 [ERROR] LogOutputStream:75 - [STDERR_REDIRECT] [Fatal Error] :1:1: Premature end of file.
2025-06-28 09:44:31,958 [ERROR] LogOutputStream:75 - [STDERR_REDIRECT] 
2025-06-28 09:44:32,984 [ERROR] LogOutputStream:75 - [STDERR_REDIRECT] [Fatal Error] :1:1: Premature end of file.
2025-06-28 09:44:32,984 [ERROR] LogOutputStream:75 - [STDERR_REDIRECT] 
2025-06-28 09:44:33,982 [ERROR] LogOutputStream:75 - [STDERR_REDIRECT] [Fatal Error] :1:1: Premature end of file.
2025-06-28 09:44:33,983 [ERROR] LogOutputStream:75 - [STDERR_REDIRECT] 
2025-06-28 09:44:34,995 [ERROR] LogOutputStream:75 - [STDERR_REDIRECT] [Fatal Error] :1:1: Premature end of file.
2025-06-28 09:44:34,995 [ERROR] LogOutputStream:75 - [STDERR_REDIRECT] 
2025-06-28 09:44:35,982 [ERROR] LogOutputStream:75 - [STDERR_REDIRECT] [Fatal Error] :1:1: Premature end of file.
2025-06-28 09:44:35,982 [ERROR] LogOutputStream:75 - [STDERR_REDIRECT] 
2025-06-28 09:44:36,993 [ERROR] LogOutputStream:75 - [STDERR_REDIRECT] [Fatal Error] :1:1: Premature end of file.
2025-06-28 09:44:36,994 [ERROR] LogOutputStream:75 - [STDERR_REDIRECT] 
2025-06-28 09:44:37,989 [ERROR] LogOutputStream:75 - [STDERR_REDIRECT] [Fatal Error] :1:1: Premature end of file.
2025-06-28 09:44:37,990 [ERROR] LogOutputStream:75 - [STDERR_REDIRECT] 
2025-06-28 09:44:38,990 [ERROR] LogOutputStream:75 - [STDERR_REDIRECT] [Fatal Error] :1:1: Premature end of file.
2025-06-28 09:44:38,990 [ERROR] LogOutputStream:75 - [STDERR_REDIRECT] 
2025-06-28 09:44:39,983 [ERROR] LogOutputStream:75 - [STDERR_REDIRECT] [Fatal Error] :1:1: Premature end of file.
2025-06-28 09:44:39,984 [ERROR] LogOutputStream:75 - [STDERR_REDIRECT] 
2025-06-28 09:44:40,991 [ERROR] LogOutputStream:75 - [STDERR_REDIRECT] [Fatal Error] :1:1: Premature end of file.
2025-06-28 09:44:40,992 [ERROR] LogOutputStream:75 - [STDERR_REDIRECT] 
2025-06-28 09:44:41,990 [ERROR] LogOutputStream:75 - [STDERR_REDIRECT] [Fatal Error] :1:1: Premature end of file.
2025-06-28 09:44:41,990 [ERROR] LogOutputStream:75 - [STDERR_REDIRECT] 
2025-06-28 09:44:42,991 [ERROR] LogOutputStream:75 - [STDERR_REDIRECT] [Fatal Error] :1:1: Premature end of file.
2025-06-28 09:44:42,991 [ERROR] LogOutputStream:75 - [STDERR_REDIRECT] 
2025-06-28 09:44:43,984 [ERROR] LogOutputStream:75 - [STDERR_REDIRECT] [Fatal Error] :1:1: Premature end of file.
2025-06-28 09:44:43,984 [ERROR] LogOutputStream:75 - [STDERR_REDIRECT] 
2025-06-28 09:44:44,988 [ERROR] LogOutputStream:75 - [STDERR_REDIRECT] [Fatal Error] :1:1: Premature end of file.
2025-06-28 09:44:44,988 [ERROR] LogOutputStream:75 - [STDERR_REDIRECT] 
2025-06-28 09:44:45,991 [ERROR] LogOutputStream:75 - [STDERR_REDIRECT] [Fatal Error] :1:1: Premature end of file.
2025-06-28 09:44:45,991 [ERROR] LogOutputStream:75 - [STDERR_REDIRECT] 
2025-06-28 09:44:46,985 [ERROR] LogOutputStream:75 - [STDERR_REDIRECT] [Fatal Error] :1:1: Premature end of file.
2025-06-28 09:44:46,985 [ERROR] LogOutputStream:75 - [STDERR_REDIRECT] 
2025-06-28 09:44:47,990 [ERROR] LogOutputStream:75 - [STDERR_REDIRECT] [Fatal Error] :1:1: Premature end of file.
2025-06-28 09:44:47,990 [ERROR] LogOutputStream:75 - [STDERR_REDIRECT] 
2025-06-28 09:44:48,988 [ERROR] LogOutputStream:75 - [STDERR_REDIRECT] [Fatal Error] :1:1: Premature end of file.
2025-06-28 09:44:48,988 [ERROR] LogOutputStream:75 - [STDERR_REDIRECT] 
2025-06-28 09:44:49,991 [ERROR] LogOutputStream:75 - [STDERR_REDIRECT] [Fatal Error] :1:1: Premature end of file.
2025-06-28 09:44:49,991 [ERROR] LogOutputStream:75 - [STDERR_REDIRECT] 
2025-06-28 09:44:50,963 [ERROR] LogOutputStream:75 - [STDERR_REDIRECT] [Fatal Error] :1:1: Premature end of file.
2025-06-28 09:44:50,964 [ERROR] LogOutputStream:75 - [STDERR_REDIRECT] 
2025-06-28 09:44:51,982 [ERROR] LogOutputStream:75 - [STDERR_REDIRECT] [Fatal Error] :1:1: Premature end of file.
2025-06-28 09:44:51,983 [ERROR] LogOutputStream:75 - [STDERR_REDIRECT] 
2025-06-28 09:44:52,989 [ERROR] LogOutputStream:75 - [STDERR_REDIRECT] [Fatal Error] :1:1: Premature end of file.
2025-06-28 09:44:52,990 [ERROR] LogOutputStream:75 - [STDERR_REDIRECT] 
2025-06-28 09:44:53,986 [ERROR] LogOutputStream:75 - [STDERR_REDIRECT] [Fatal Error] :1:1: Premature end of file.
2025-06-28 09:44:53,987 [ERROR] LogOutputStream:75 - [STDERR_REDIRECT] 
2025-06-28 09:44:54,984 [ERROR] LogOutputStream:75 - [STDERR_REDIRECT] [Fatal Error] :1:1: Premature end of file.
2025-06-28 09:44:54,984 [ERROR] LogOutputStream:75 - [STDERR_REDIRECT] 
2025-06-28 09:44:55,988 [ERROR] LogOutputStream:75 - [STDERR_REDIRECT] [Fatal Error] :1:1: Premature end of file.
2025-06-28 09:44:55,988 [ERROR] LogOutputStream:75 - [STDERR_REDIRECT] 
2025-06-28 09:44:56,983 [ERROR] LogOutputStream:75 - [STDERR_REDIRECT] [Fatal Error] :1:1: Premature end of file.
2025-06-28 09:44:56,983 [ERROR] LogOutputStream:75 - [STDERR_REDIRECT] 
2025-06-28 09:44:57,966 [ERROR] LogOutputStream:75 - [STDERR_REDIRECT] [Fatal Error] :1:1: Premature end of file.
2025-06-28 09:44:57,966 [ERROR] LogOutputStream:75 - [STDERR_REDIRECT] 
2025-06-28 09:44:59,013 [ERROR] LogOutputStream:75 - [STDERR_REDIRECT] [Fatal Error] :1:1: Premature end of file.
2025-06-28 09:44:59,013 [ERROR] LogOutputStream:75 - [STDERR_REDIRECT] 
2025-06-28 09:44:59,957 [ERROR] LogOutputStream:75 - [STDERR_REDIRECT] [Fatal Error] :1:1: Premature end of file.
2025-06-28 09:44:59,957 [ERROR] LogOutputStream:75 - [STDERR_REDIRECT] 
2025-06-28 09:45:00,989 [ERROR] LogOutputStream:75 - [STDERR_REDIRECT] [Fatal Error] :1:1: Premature end of file.
2025-06-28 09:45:00,989 [ERROR] LogOutputStream:75 - [STDERR_REDIRECT] 
2025-06-28 09:45:01,987 [ERROR] LogOutputStream:75 - [STDERR_REDIRECT] [Fatal Error] :1:1: Premature end of file.
2025-06-28 09:45:01,987 [ERROR] LogOutputStream:75 - [STDERR_REDIRECT] 
2025-06-28 09:45:02,990 [ERROR] LogOutputStream:75 - [STDERR_REDIRECT] [Fatal Error] :1:1: Premature end of file.
2025-06-28 09:45:02,990 [ERROR] LogOutputStream:75 - [STDERR_REDIRECT] 
2025-06-28 09:45:03,963 [ERROR] LogOutputStream:75 - [STDERR_REDIRECT] [Fatal Error] :1:1: Premature end of file.
2025-06-28 09:45:03,964 [ERROR] LogOutputStream:75 - [STDERR_REDIRECT] 
2025-06-28 09:45:04,989 [ERROR] LogOutputStream:75 - [STDERR_REDIRECT] [Fatal Error] :1:1: Premature end of file.
2025-06-28 09:45:04,989 [ERROR] LogOutputStream:75 - [STDERR_REDIRECT] 
2025-06-28 09:45:05,987 [ERROR] LogOutputStream:75 - [STDERR_REDIRECT] [Fatal Error] :1:1: Premature end of file.
2025-06-28 09:45:05,987 [ERROR] LogOutputStream:75 - [STDERR_REDIRECT] 
2025-06-28 09:45:06,988 [ERROR] LogOutputStream:75 - [STDERR_REDIRECT] [Fatal Error] :1:1: Premature end of file.
2025-06-28 09:45:06,988 [ERROR] LogOutputStream:75 - [STDERR_REDIRECT] 
2025-06-28 09:45:07,989 [ERROR] LogOutputStream:75 - [STDERR_REDIRECT] [Fatal Error] :1:1: Premature end of file.
2025-06-28 09:45:07,989 [ERROR] LogOutputStream:75 - [STDERR_REDIRECT] 
2025-06-28 09:45:08,982 [ERROR] LogOutputStream:75 - [STDERR_REDIRECT] [Fatal Error] :1:1: Premature end of file.
2025-06-28 09:45:08,982 [ERROR] LogOutputStream:75 - [STDERR_REDIRECT] 
2025-06-28 09:45:09,990 [ERROR] LogOutputStream:75 - [STDERR_REDIRECT] [Fatal Error] :1:1: Premature end of file.
2025-06-28 09:45:09,990 [ERROR] LogOutputStream:75 - [STDERR_REDIRECT] 
2025-06-28 09:45:10,966 [ERROR] LogOutputStream:75 - [STDERR_REDIRECT] [Fatal Error] :1:1: Premature end of file.
2025-06-28 09:45:10,967 [ERROR] LogOutputStream:75 - [STDERR_REDIRECT] 
2025-06-28 09:45:11,986 [ERROR] LogOutputStream:75 - [STDERR_REDIRECT] [Fatal Error] :1:1: Premature end of file.
2025-06-28 09:45:11,987 [ERROR] LogOutputStream:75 - [STDERR_REDIRECT] 
2025-06-28 09:45:13,002 [ERROR] LogOutputStream:75 - [STDERR_REDIRECT] [Fatal Error] :1:1: Premature end of file.
2025-06-28 09:45:13,002 [ERROR] LogOutputStream:75 - [STDERR_REDIRECT] 
2025-06-28 09:45:13,988 [ERROR] LogOutputStream:75 - [STDERR_REDIRECT] [Fatal Error] :1:1: Premature end of file.
2025-06-28 09:45:13,988 [ERROR] LogOutputStream:75 - [STDERR_REDIRECT] 
2025-06-28 09:45:14,982 [ERROR] LogOutputStream:75 - [STDERR_REDIRECT] [Fatal Error] :1:1: Premature end of file.
2025-06-28 09:45:14,983 [ERROR] LogOutputStream:75 - [STDERR_REDIRECT] 
2025-06-28 09:45:15,982 [ERROR] LogOutputStream:75 - [STDERR_REDIRECT] [Fatal Error] :1:1: Premature end of file.
2025-06-28 09:45:15,982 [ERROR] LogOutputStream:75 - [STDERR_REDIRECT] 
2025-06-28 09:45:16,983 [ERROR] LogOutputStream:75 - [STDERR_REDIRECT] [Fatal Error] :1:1: Premature end of file.
2025-06-28 09:45:16,983 [ERROR] LogOutputStream:75 - [STDERR_REDIRECT] 
2025-06-28 09:45:17,980 [ERROR] LogOutputStream:75 - [STDERR_REDIRECT] [Fatal Error] :1:1: Premature end of file.
2025-06-28 09:45:17,981 [ERROR] LogOutputStream:75 - [STDERR_REDIRECT] 
2025-06-28 09:45:18,984 [ERROR] LogOutputStream:75 - [STDERR_REDIRECT] [Fatal Error] :1:1: Premature end of file.
2025-06-28 09:45:18,984 [ERROR] LogOutputStream:75 - [STDERR_REDIRECT] 
2025-06-28 09:45:19,985 [ERROR] LogOutputStream:75 - [STDERR_REDIRECT] [Fatal Error] :1:1: Premature end of file.
2025-06-28 09:45:19,985 [ERROR] LogOutputStream:75 - [STDERR_REDIRECT] 
2025-06-28 09:45:20,970 [ERROR] LogOutputStream:75 - [STDERR_REDIRECT] [Fatal Error] :1:1: Premature end of file.
2025-06-28 09:45:20,971 [ERROR] LogOutputStream:75 - [STDERR_REDIRECT] 
2025-06-28 09:45:21,988 [ERROR] LogOutputStream:75 - [STDERR_REDIRECT] [Fatal Error] :1:1: Premature end of file.
2025-06-28 09:45:21,989 [ERROR] LogOutputStream:75 - [STDERR_REDIRECT] 
2025-06-28 09:45:22,987 [ERROR] LogOutputStream:75 - [STDERR_REDIRECT] [Fatal Error] :1:1: Premature end of file.
2025-06-28 09:45:22,987 [ERROR] LogOutputStream:75 - [STDERR_REDIRECT] 
2025-06-28 09:45:23,505 [ERROR] ConfigurationRetriever:142 - IOException on connection: Connect timed out
2025-06-28 09:45:23,989 [ERROR] LogOutputStream:75 - [STDERR_REDIRECT] [Fatal Error] :1:1: Premature end of file.
2025-06-28 09:45:23,989 [ERROR] LogOutputStream:75 - [STDERR_REDIRECT] 
2025-06-28 09:45:24,990 [ERROR] LogOutputStream:75 - [STDERR_REDIRECT] [Fatal Error] :1:1: Premature end of file.
2025-06-28 09:45:24,990 [ERROR] LogOutputStream:75 - [STDERR_REDIRECT] 
2025-06-28 09:45:25,985 [ERROR] LogOutputStream:75 - [STDERR_REDIRECT] [Fatal Error] :1:1: Premature end of file.
2025-06-28 09:45:25,986 [ERROR] LogOutputStream:75 - [STDERR_REDIRECT] 
2025-06-28 09:45:26,990 [ERROR] LogOutputStream:75 - [STDERR_REDIRECT] [Fatal Error] :1:1: Premature end of file.
2025-06-28 09:45:26,990 [ERROR] LogOutputStream:75 - [STDERR_REDIRECT] 
2025-06-28 09:45:27,980 [ERROR] LogOutputStream:75 - [STDERR_REDIRECT] [Fatal Error] :1:1: Premature end of file.
2025-06-28 09:45:27,981 [ERROR] LogOutputStream:75 - [STDERR_REDIRECT] 
2025-06-28 09:45:28,988 [ERROR] LogOutputStream:75 - [STDERR_REDIRECT] [Fatal Error] :1:1: Premature end of file.
2025-06-28 09:45:28,988 [ERROR] LogOutputStream:75 - [STDERR_REDIRECT] 
2025-06-28 09:45:29,987 [ERROR] LogOutputStream:75 - [STDERR_REDIRECT] [Fatal Error] :1:1: Premature end of file.
2025-06-28 09:45:29,987 [ERROR] LogOutputStream:75 - [STDERR_REDIRECT] 
2025-06-28 09:45:30,992 [ERROR] LogOutputStream:75 - [STDERR_REDIRECT] [Fatal Error] :1:1: Premature end of file.
2025-06-28 09:45:30,992 [ERROR] LogOutputStream:75 - [STDERR_REDIRECT] 
2025-06-28 09:45:31,986 [ERROR] LogOutputStream:75 - [STDERR_REDIRECT] [Fatal Error] :1:1: Premature end of file.
2025-06-28 09:45:31,986 [ERROR] LogOutputStream:75 - [STDERR_REDIRECT] 
2025-06-28 09:45:32,985 [ERROR] LogOutputStream:75 - [STDERR_REDIRECT] [Fatal Error] :1:1: Premature end of file.
2025-06-28 09:45:32,985 [ERROR] LogOutputStream:75 - [STDERR_REDIRECT] 
2025-06-28 09:45:33,994 [ERROR] LogOutputStream:75 - [STDERR_REDIRECT] [Fatal Error] :1:1: Premature end of file.
2025-06-28 09:45:33,994 [ERROR] LogOutputStream:75 - [STDERR_REDIRECT] 
2025-06-28 09:45:34,956 [ERROR] LogOutputStream:75 - [STDERR_REDIRECT] [Fatal Error] :1:1: Premature end of file.
2025-06-28 09:45:34,956 [ERROR] LogOutputStream:75 - [STDERR_REDIRECT] 
2025-06-28 09:45:35,985 [ERROR] LogOutputStream:75 - [STDERR_REDIRECT] [Fatal Error] :1:1: Premature end of file.
2025-06-28 09:45:35,985 [ERROR] LogOutputStream:75 - [STDERR_REDIRECT] 
2025-06-28 09:45:36,993 [ERROR] LogOutputStream:75 - [STDERR_REDIRECT] [Fatal Error] :1:1: Premature end of file.
2025-06-28 09:45:36,993 [ERROR] LogOutputStream:75 - [STDERR_REDIRECT] 
2025-06-28 09:45:37,991 [ERROR] LogOutputStream:75 - [STDERR_REDIRECT] [Fatal Error] :1:1: Premature end of file.
2025-06-28 09:45:37,992 [ERROR] LogOutputStream:75 - [STDERR_REDIRECT] 
2025-06-28 09:45:38,989 [ERROR] LogOutputStream:75 - [STDERR_REDIRECT] [Fatal Error] :1:1: Premature end of file.
2025-06-28 09:45:38,990 [ERROR] LogOutputStream:75 - [STDERR_REDIRECT] 
2025-06-28 09:45:39,973 [ERROR] LogOutputStream:75 - [STDERR_REDIRECT] [Fatal Error] :1:1: Premature end of file.
2025-06-28 09:45:39,973 [ERROR] LogOutputStream:75 - [STDERR_REDIRECT] 
2025-06-28 09:45:40,981 [ERROR] LogOutputStream:75 - [STDERR_REDIRECT] [Fatal Error] :1:1: Premature end of file.
2025-06-28 09:45:40,981 [ERROR] LogOutputStream:75 - [STDERR_REDIRECT] 
2025-06-28 09:45:41,985 [ERROR] LogOutputStream:75 - [STDERR_REDIRECT] [Fatal Error] :1:1: Premature end of file.
2025-06-28 09:45:41,985 [ERROR] LogOutputStream:75 - [STDERR_REDIRECT] 
2025-06-28 09:45:42,986 [ERROR] LogOutputStream:75 - [STDERR_REDIRECT] [Fatal Error] :1:1: Premature end of file.
2025-06-28 09:45:42,986 [ERROR] LogOutputStream:75 - [STDERR_REDIRECT] 
2025-06-28 09:45:43,988 [ERROR] LogOutputStream:75 - [STDERR_REDIRECT] [Fatal Error] :1:1: Premature end of file.
2025-06-28 09:45:43,988 [ERROR] LogOutputStream:75 - [STDERR_REDIRECT] 
2025-06-28 09:45:44,988 [ERROR] LogOutputStream:75 - [STDERR_REDIRECT] [Fatal Error] :1:1: Premature end of file.
2025-06-28 09:45:44,988 [ERROR] LogOutputStream:75 - [STDERR_REDIRECT] 
2025-06-28 09:45:45,994 [ERROR] LogOutputStream:75 - [STDERR_REDIRECT] [Fatal Error] :1:1: Premature end of file.
2025-06-28 09:45:45,994 [ERROR] LogOutputStream:75 - [STDERR_REDIRECT] 
2025-06-28 09:45:46,995 [ERROR] LogOutputStream:75 - [STDERR_REDIRECT] [Fatal Error] :1:1: Premature end of file.
2025-06-28 09:45:46,995 [ERROR] LogOutputStream:75 - [STDERR_REDIRECT] 
2025-06-28 09:45:47,987 [ERROR] LogOutputStream:75 - [STDERR_REDIRECT] [Fatal Error] :1:1: Premature end of file.
2025-06-28 09:45:47,987 [ERROR] LogOutputStream:75 - [STDERR_REDIRECT] 
2025-06-28 09:45:48,992 [ERROR] LogOutputStream:75 - [STDERR_REDIRECT] [Fatal Error] :1:1: Premature end of file.
2025-06-28 09:45:48,992 [ERROR] LogOutputStream:75 - [STDERR_REDIRECT] 
2025-06-28 09:45:49,990 [ERROR] LogOutputStream:75 - [STDERR_REDIRECT] [Fatal Error] :1:1: Premature end of file.
2025-06-28 09:45:49,990 [ERROR] LogOutputStream:75 - [STDERR_REDIRECT] 
2025-06-28 09:45:50,988 [ERROR] LogOutputStream:75 - [STDERR_REDIRECT] [Fatal Error] :1:1: Premature end of file.
2025-06-28 09:45:50,988 [ERROR] LogOutputStream:75 - [STDERR_REDIRECT] 
2025-06-28 09:45:51,966 [ERROR] LogOutputStream:75 - [STDERR_REDIRECT] [Fatal Error] :1:1: Premature end of file.
2025-06-28 09:45:51,966 [ERROR] LogOutputStream:75 - [STDERR_REDIRECT] 
2025-06-28 09:45:52,963 [ERROR] LogOutputStream:75 - [STDERR_REDIRECT] [Fatal Error] :1:1: Premature end of file.
2025-06-28 09:45:52,963 [ERROR] LogOutputStream:75 - [STDERR_REDIRECT] 
2025-06-28 09:45:53,987 [ERROR] LogOutputStream:75 - [STDERR_REDIRECT] [Fatal Error] :1:1: Premature end of file.
2025-06-28 09:45:53,987 [ERROR] LogOutputStream:75 - [STDERR_REDIRECT] 
2025-06-28 09:45:54,972 [ERROR] LogOutputStream:75 - [STDERR_REDIRECT] [Fatal Error] :1:1: Premature end of file.
2025-06-28 09:45:54,973 [ERROR] LogOutputStream:75 - [STDERR_REDIRECT] 
2025-06-28 09:45:55,978 [ERROR] LogOutputStream:75 - [STDERR_REDIRECT] [Fatal Error] :1:1: Premature end of file.
2025-06-28 09:45:55,978 [ERROR] LogOutputStream:75 - [STDERR_REDIRECT] 
2025-06-28 09:45:56,981 [ERROR] LogOutputStream:75 - [STDERR_REDIRECT] [Fatal Error] :1:1: Premature end of file.
2025-06-28 09:45:56,981 [ERROR] LogOutputStream:75 - [STDERR_REDIRECT] 
2025-06-28 09:45:57,976 [ERROR] LogOutputStream:75 - [STDERR_REDIRECT] [Fatal Error] :1:1: Premature end of file.
2025-06-28 09:45:57,976 [ERROR] LogOutputStream:75 - [STDERR_REDIRECT] 
2025-06-28 09:45:58,986 [ERROR] LogOutputStream:75 - [STDERR_REDIRECT] [Fatal Error] :1:1: Premature end of file.
2025-06-28 09:45:58,986 [ERROR] LogOutputStream:75 - [STDERR_REDIRECT] 
2025-06-28 09:45:59,977 [ERROR] LogOutputStream:75 - [STDERR_REDIRECT] [Fatal Error] :1:1: Premature end of file.
2025-06-28 09:45:59,978 [ERROR] LogOutputStream:75 - [STDERR_REDIRECT] 
2025-06-28 09:46:00,987 [ERROR] LogOutputStream:75 - [STDERR_REDIRECT] [Fatal Error] :1:1: Premature end of file.
2025-06-28 09:46:00,987 [ERROR] LogOutputStream:75 - [STDERR_REDIRECT] 
2025-06-28 09:46:01,986 [ERROR] LogOutputStream:75 - [STDERR_REDIRECT] [Fatal Error] :1:1: Premature end of file.
2025-06-28 09:46:01,986 [ERROR] LogOutputStream:75 - [STDERR_REDIRECT] 
2025-06-28 09:46:02,989 [ERROR] LogOutputStream:75 - [STDERR_REDIRECT] [Fatal Error] :1:1: Premature end of file.
2025-06-28 09:46:02,989 [ERROR] LogOutputStream:75 - [STDERR_REDIRECT] 
2025-06-28 09:46:03,986 [ERROR] LogOutputStream:75 - [STDERR_REDIRECT] [Fatal Error] :1:1: Premature end of file.
2025-06-28 09:46:03,986 [ERROR] LogOutputStream:75 - [STDERR_REDIRECT] 
2025-06-28 09:46:04,991 [ERROR] LogOutputStream:75 - [STDERR_REDIRECT] [Fatal Error] :1:1: Premature end of file.
2025-06-28 09:46:04,991 [ERROR] LogOutputStream:75 - [STDERR_REDIRECT] 
2025-06-28 09:46:05,985 [ERROR] LogOutputStream:75 - [STDERR_REDIRECT] [Fatal Error] :1:1: Premature end of file.
2025-06-28 09:46:05,985 [ERROR] LogOutputStream:75 - [STDERR_REDIRECT] 
2025-06-28 09:46:06,991 [ERROR] LogOutputStream:75 - [STDERR_REDIRECT] [Fatal Error] :1:1: Premature end of file.
2025-06-28 09:46:06,991 [ERROR] LogOutputStream:75 - [STDERR_REDIRECT] 
2025-06-28 09:46:07,992 [ERROR] LogOutputStream:75 - [STDERR_REDIRECT] [Fatal Error] :1:1: Premature end of file.
2025-06-28 09:46:07,992 [ERROR] LogOutputStream:75 - [STDERR_REDIRECT] 
2025-06-28 09:46:08,986 [ERROR] LogOutputStream:75 - [STDERR_REDIRECT] [Fatal Error] :1:1: Premature end of file.
2025-06-28 09:46:08,986 [ERROR] LogOutputStream:75 - [STDERR_REDIRECT] 
2025-06-28 09:46:09,944 [ERROR] LogOutputStream:75 - [STDERR_REDIRECT] [Fatal Error] :1:1: Premature end of file.
2025-06-28 09:46:09,945 [ERROR] LogOutputStream:75 - [STDERR_REDIRECT] 
2025-06-28 09:46:10,961 [ERROR] LogOutputStream:75 - [STDERR_REDIRECT] [Fatal Error] :1:1: Premature end of file.
2025-06-28 09:46:10,961 [ERROR] LogOutputStream:75 - [STDERR_REDIRECT] 
2025-06-28 09:46:11,991 [ERROR] LogOutputStream:75 - [STDERR_REDIRECT] [Fatal Error] :1:1: Premature end of file.
2025-06-28 09:46:11,992 [ERROR] LogOutputStream:75 - [STDERR_REDIRECT] 
2025-06-28 09:46:12,976 [ERROR] LogOutputStream:75 - [STDERR_REDIRECT] [Fatal Error] :1:1: Premature end of file.
2025-06-28 09:46:12,976 [ERROR] LogOutputStream:75 - [STDERR_REDIRECT] 
2025-06-28 09:46:13,987 [ERROR] LogOutputStream:75 - [STDERR_REDIRECT] [Fatal Error] :1:1: Premature end of file.
2025-06-28 09:46:13,987 [ERROR] LogOutputStream:75 - [STDERR_REDIRECT] 
2025-06-28 09:46:14,985 [ERROR] LogOutputStream:75 - [STDERR_REDIRECT] [Fatal Error] :1:1: Premature end of file.
2025-06-28 09:46:14,985 [ERROR] LogOutputStream:75 - [STDERR_REDIRECT] 
2025-06-28 09:46:15,979 [ERROR] LogOutputStream:75 - [STDERR_REDIRECT] [Fatal Error] :1:1: Premature end of file.
2025-06-28 09:46:15,979 [ERROR] LogOutputStream:75 - [STDERR_REDIRECT] 
2025-06-28 09:46:16,987 [ERROR] LogOutputStream:75 - [STDERR_REDIRECT] [Fatal Error] :1:1: Premature end of file.
2025-06-28 09:46:16,988 [ERROR] LogOutputStream:75 - [STDERR_REDIRECT] 
2025-06-28 09:46:17,988 [ERROR] LogOutputStream:75 - [STDERR_REDIRECT] [Fatal Error] :1:1: Premature end of file.
2025-06-28 09:46:17,988 [ERROR] LogOutputStream:75 - [STDERR_REDIRECT] 
2025-06-28 09:46:18,983 [ERROR] LogOutputStream:75 - [STDERR_REDIRECT] [Fatal Error] :1:1: Premature end of file.
2025-06-28 09:46:18,983 [ERROR] LogOutputStream:75 - [STDERR_REDIRECT] 
2025-06-28 09:46:19,980 [ERROR] LogOutputStream:75 - [STDERR_REDIRECT] [Fatal Error] :1:1: Premature end of file.
2025-06-28 09:46:19,980 [ERROR] LogOutputStream:75 - [STDERR_REDIRECT] 
2025-06-28 09:46:20,974 [ERROR] LogOutputStream:75 - [STDERR_REDIRECT] [Fatal Error] :1:1: Premature end of file.
2025-06-28 09:46:20,974 [ERROR] LogOutputStream:75 - [STDERR_REDIRECT] 
2025-06-28 09:46:21,986 [ERROR] LogOutputStream:75 - [STDERR_REDIRECT] [Fatal Error] :1:1: Premature end of file.
2025-06-28 09:46:21,987 [ERROR] LogOutputStream:75 - [STDERR_REDIRECT] 
2025-06-28 09:46:22,953 [ERROR] LogOutputStream:75 - [STDERR_REDIRECT] [Fatal Error] :1:1: Premature end of file.
2025-06-28 09:46:22,953 [ERROR] LogOutputStream:75 - [STDERR_REDIRECT] 
2025-06-28 09:46:23,961 [ERROR] LogOutputStream:75 - [STDERR_REDIRECT] [Fatal Error] :1:1: Premature end of file.
2025-06-28 09:46:23,961 [ERROR] LogOutputStream:75 - [STDERR_REDIRECT] 
2025-06-28 09:46:24,989 [ERROR] LogOutputStream:75 - [STDERR_REDIRECT] [Fatal Error] :1:1: Premature end of file.
2025-06-28 09:46:24,989 [ERROR] LogOutputStream:75 - [STDERR_REDIRECT] 
2025-06-28 09:46:25,990 [ERROR] LogOutputStream:75 - [STDERR_REDIRECT] [Fatal Error] :1:1: Premature end of file.
2025-06-28 09:46:25,990 [ERROR] LogOutputStream:75 - [STDERR_REDIRECT] 
2025-06-28 09:46:26,986 [ERROR] LogOutputStream:75 - [STDERR_REDIRECT] [Fatal Error] :1:1: Premature end of file.
2025-06-28 09:46:26,986 [ERROR] LogOutputStream:75 - [STDERR_REDIRECT] 
2025-06-28 09:46:27,085 [ERROR] AdobePublisher:162 - Exception while opening the connection: java.net.SocketTimeoutException: Connect timed out
2025-06-28 09:46:27,987 [ERROR] LogOutputStream:75 - [STDERR_REDIRECT] [Fatal Error] :1:1: Premature end of file.
2025-06-28 09:46:27,987 [ERROR] LogOutputStream:75 - [STDERR_REDIRECT] 
2025-06-28 09:46:28,990 [ERROR] LogOutputStream:75 - [STDERR_REDIRECT] [Fatal Error] :1:1: Premature end of file.
2025-06-28 09:46:28,990 [ERROR] LogOutputStream:75 - [STDERR_REDIRECT] 
2025-06-28 09:46:29,998 [ERROR] LogOutputStream:75 - [STDERR_REDIRECT] [Fatal Error] :1:1: Premature end of file.
2025-06-28 09:46:29,998 [ERROR] LogOutputStream:75 - [STDERR_REDIRECT] 
2025-06-28 09:46:30,973 [ERROR] LogOutputStream:75 - [STDERR_REDIRECT] [Fatal Error] :1:1: Premature end of file.
2025-06-28 09:46:30,973 [ERROR] LogOutputStream:75 - [STDERR_REDIRECT] 
2025-06-28 09:46:31,969 [ERROR] LogOutputStream:75 - [STDERR_REDIRECT] [Fatal Error] :1:1: Premature end of file.
2025-06-28 09:46:31,969 [ERROR] LogOutputStream:75 - [STDERR_REDIRECT] 
2025-06-28 09:46:32,974 [ERROR] LogOutputStream:75 - [STDERR_REDIRECT] [Fatal Error] :1:1: Premature end of file.
2025-06-28 09:46:32,974 [ERROR] LogOutputStream:75 - [STDERR_REDIRECT] 
2025-06-28 09:46:33,977 [ERROR] LogOutputStream:75 - [STDERR_REDIRECT] [Fatal Error] :1:1: Premature end of file.
2025-06-28 09:46:33,977 [ERROR] LogOutputStream:75 - [STDERR_REDIRECT] 
2025-06-28 09:46:34,988 [ERROR] LogOutputStream:75 - [STDERR_REDIRECT] [Fatal Error] :1:1: Premature end of file.
2025-06-28 09:46:34,989 [ERROR] LogOutputStream:75 - [STDERR_REDIRECT] 
2025-06-28 09:46:35,987 [ERROR] LogOutputStream:75 - [STDERR_REDIRECT] [Fatal Error] :1:1: Premature end of file.
2025-06-28 09:46:35,987 [ERROR] LogOutputStream:75 - [STDERR_REDIRECT] 
2025-06-28 09:46:36,982 [ERROR] LogOutputStream:75 - [STDERR_REDIRECT] [Fatal Error] :1:1: Premature end of file.
2025-06-28 09:46:36,982 [ERROR] LogOutputStream:75 - [STDERR_REDIRECT] 
2025-06-28 09:46:37,981 [ERROR] LogOutputStream:75 - [STDERR_REDIRECT] [Fatal Error] :1:1: Premature end of file.
2025-06-28 09:46:37,982 [ERROR] LogOutputStream:75 - [STDERR_REDIRECT] 
2025-06-28 09:46:38,981 [ERROR] LogOutputStream:75 - [STDERR_REDIRECT] [Fatal Error] :1:1: Premature end of file.
2025-06-28 09:46:38,981 [ERROR] LogOutputStream:75 - [STDERR_REDIRECT] 
2025-06-28 09:46:39,983 [ERROR] LogOutputStream:75 - [STDERR_REDIRECT] [Fatal Error] :1:1: Premature end of file.
2025-06-28 09:46:39,983 [ERROR] LogOutputStream:75 - [STDERR_REDIRECT] 
2025-06-28 09:46:40,983 [ERROR] LogOutputStream:75 - [STDERR_REDIRECT] [Fatal Error] :1:1: Premature end of file.
2025-06-28 09:46:40,984 [ERROR] LogOutputStream:75 - [STDERR_REDIRECT] 
2025-06-28 09:46:41,993 [ERROR] LogOutputStream:75 - [STDERR_REDIRECT] [Fatal Error] :1:1: Premature end of file.
2025-06-28 09:46:41,993 [ERROR] LogOutputStream:75 - [STDERR_REDIRECT] 
2025-06-28 09:46:42,984 [ERROR] LogOutputStream:75 - [STDERR_REDIRECT] [Fatal Error] :1:1: Premature end of file.
2025-06-28 09:46:42,984 [ERROR] LogOutputStream:75 - [STDERR_REDIRECT] 
2025-06-28 09:46:43,985 [ERROR] LogOutputStream:75 - [STDERR_REDIRECT] [Fatal Error] :1:1: Premature end of file.
2025-06-28 09:46:43,986 [ERROR] LogOutputStream:75 - [STDERR_REDIRECT] 
2025-06-28 09:46:44,978 [ERROR] LogOutputStream:75 - [STDERR_REDIRECT] [Fatal Error] :1:1: Premature end of file.
2025-06-28 09:46:44,979 [ERROR] LogOutputStream:75 - [STDERR_REDIRECT] 
2025-06-28 09:46:45,988 [ERROR] LogOutputStream:75 - [STDERR_REDIRECT] [Fatal Error] :1:1: Premature end of file.
2025-06-28 09:46:45,988 [ERROR] LogOutputStream:75 - [STDERR_REDIRECT] 
2025-06-28 09:46:46,987 [ERROR] LogOutputStream:75 - [STDERR_REDIRECT] [Fatal Error] :1:1: Premature end of file.
2025-06-28 09:46:46,987 [ERROR] LogOutputStream:75 - [STDERR_REDIRECT] 
2025-06-28 09:46:47,986 [ERROR] LogOutputStream:75 - [STDERR_REDIRECT] [Fatal Error] :1:1: Premature end of file.
2025-06-28 09:46:47,986 [ERROR] LogOutputStream:75 - [STDERR_REDIRECT] 
2025-06-28 09:46:48,987 [ERROR] LogOutputStream:75 - [STDERR_REDIRECT] [Fatal Error] :1:1: Premature end of file.
2025-06-28 09:46:48,987 [ERROR] LogOutputStream:75 - [STDERR_REDIRECT] 
2025-06-28 09:46:49,987 [ERROR] LogOutputStream:75 - [STDERR_REDIRECT] [Fatal Error] :1:1: Premature end of file.
2025-06-28 09:46:49,987 [ERROR] LogOutputStream:75 - [STDERR_REDIRECT] 
2025-06-28 09:46:50,989 [ERROR] LogOutputStream:75 - [STDERR_REDIRECT] [Fatal Error] :1:1: Premature end of file.
2025-06-28 09:46:50,989 [ERROR] LogOutputStream:75 - [STDERR_REDIRECT] 
2025-06-28 09:46:51,980 [ERROR] LogOutputStream:75 - [STDERR_REDIRECT] [Fatal Error] :1:1: Premature end of file.
2025-06-28 09:46:51,980 [ERROR] LogOutputStream:75 - [STDERR_REDIRECT] 
2025-06-28 09:46:52,984 [ERROR] LogOutputStream:75 - [STDERR_REDIRECT] [Fatal Error] :1:1: Premature end of file.
2025-06-28 09:46:52,984 [ERROR] LogOutputStream:75 - [STDERR_REDIRECT] 
2025-06-28 09:46:53,988 [ERROR] LogOutputStream:75 - [STDERR_REDIRECT] [Fatal Error] :1:1: Premature end of file.
2025-06-28 09:46:53,988 [ERROR] LogOutputStream:75 - [STDERR_REDIRECT] 
2025-06-28 09:46:54,982 [ERROR] LogOutputStream:75 - [STDERR_REDIRECT] [Fatal Error] :1:1: Premature end of file.
2025-06-28 09:46:54,982 [ERROR] LogOutputStream:75 - [STDERR_REDIRECT] 
2025-06-28 09:46:55,987 [ERROR] LogOutputStream:75 - [STDERR_REDIRECT] [Fatal Error] :1:1: Premature end of file.
2025-06-28 09:46:55,987 [ERROR] LogOutputStream:75 - [STDERR_REDIRECT] 
2025-06-28 09:46:56,986 [ERROR] LogOutputStream:75 - [STDERR_REDIRECT] [Fatal Error] :1:1: Premature end of file.
2025-06-28 09:46:56,986 [ERROR] LogOutputStream:75 - [STDERR_REDIRECT] 
2025-06-28 09:46:57,987 [ERROR] LogOutputStream:75 - [STDERR_REDIRECT] [Fatal Error] :1:1: Premature end of file.
2025-06-28 09:46:57,988 [ERROR] LogOutputStream:75 - [STDERR_REDIRECT] 
2025-06-28 09:46:58,987 [ERROR] LogOutputStream:75 - [STDERR_REDIRECT] [Fatal Error] :1:1: Premature end of file.
2025-06-28 09:46:58,988 [ERROR] LogOutputStream:75 - [STDERR_REDIRECT] 
2025-06-28 09:46:59,981 [ERROR] LogOutputStream:75 - [STDERR_REDIRECT] [Fatal Error] :1:1: Premature end of file.
2025-06-28 09:46:59,981 [ERROR] LogOutputStream:75 - [STDERR_REDIRECT] 
2025-06-28 09:47:01,019 [ERROR] LogOutputStream:75 - [STDERR_REDIRECT] [Fatal Error] :1:1: Premature end of file.
2025-06-28 09:47:01,019 [ERROR] LogOutputStream:75 - [STDERR_REDIRECT] 
2025-06-28 09:47:01,964 [ERROR] LogOutputStream:75 - [STDERR_REDIRECT] [Fatal Error] :1:1: Premature end of file.
2025-06-28 09:47:01,964 [ERROR] LogOutputStream:75 - [STDERR_REDIRECT] 
2025-06-28 09:47:02,974 [ERROR] LogOutputStream:75 - [STDERR_REDIRECT] [Fatal Error] :1:1: Premature end of file.
2025-06-28 09:47:02,974 [ERROR] LogOutputStream:75 - [STDERR_REDIRECT] 
2025-06-28 09:47:03,957 [ERROR] LogOutputStream:75 - [STDERR_REDIRECT] [Fatal Error] :1:1: Premature end of file.
2025-06-28 09:47:03,957 [ERROR] LogOutputStream:75 - [STDERR_REDIRECT] 
2025-06-28 09:47:04,986 [ERROR] LogOutputStream:75 - [STDERR_REDIRECT] [Fatal Error] :1:1: Premature end of file.
2025-06-28 09:47:04,986 [ERROR] LogOutputStream:75 - [STDERR_REDIRECT] 
2025-06-28 09:47:05,988 [ERROR] LogOutputStream:75 - [STDERR_REDIRECT] [Fatal Error] :1:1: Premature end of file.
2025-06-28 09:47:05,989 [ERROR] LogOutputStream:75 - [STDERR_REDIRECT] 
2025-06-28 09:47:06,982 [ERROR] LogOutputStream:75 - [STDERR_REDIRECT] [Fatal Error] :1:1: Premature end of file.
2025-06-28 09:47:06,983 [ERROR] LogOutputStream:75 - [STDERR_REDIRECT] 
2025-06-28 09:47:07,974 [ERROR] LogOutputStream:75 - [STDERR_REDIRECT] [Fatal Error] :1:1: Premature end of file.
2025-06-28 09:47:07,974 [ERROR] LogOutputStream:75 - [STDERR_REDIRECT] 
2025-06-28 09:47:08,975 [ERROR] LogOutputStream:75 - [STDERR_REDIRECT] [Fatal Error] :1:1: Premature end of file.
2025-06-28 09:47:08,975 [ERROR] LogOutputStream:75 - [STDERR_REDIRECT] 
2025-06-28 09:47:09,980 [ERROR] LogOutputStream:75 - [STDERR_REDIRECT] [Fatal Error] :1:1: Premature end of file.
2025-06-28 09:47:09,980 [ERROR] LogOutputStream:75 - [STDERR_REDIRECT] 
2025-06-28 09:47:10,987 [ERROR] LogOutputStream:75 - [STDERR_REDIRECT] [Fatal Error] :1:1: Premature end of file.
2025-06-28 09:47:10,987 [ERROR] LogOutputStream:75 - [STDERR_REDIRECT] 
2025-06-28 09:47:11,986 [ERROR] LogOutputStream:75 - [STDERR_REDIRECT] [Fatal Error] :1:1: Premature end of file.
2025-06-28 09:47:11,987 [ERROR] LogOutputStream:75 - [STDERR_REDIRECT] 
2025-06-28 09:47:12,979 [ERROR] LogOutputStream:75 - [STDERR_REDIRECT] [Fatal Error] :1:1: Premature end of file.
2025-06-28 09:47:12,979 [ERROR] LogOutputStream:75 - [STDERR_REDIRECT] 
2025-06-28 09:47:13,981 [ERROR] LogOutputStream:75 - [STDERR_REDIRECT] [Fatal Error] :1:1: Premature end of file.
2025-06-28 09:47:13,981 [ERROR] LogOutputStream:75 - [STDERR_REDIRECT] 
2025-06-28 09:47:14,968 [ERROR] LogOutputStream:75 - [STDERR_REDIRECT] [Fatal Error] :1:1: Premature end of file.
2025-06-28 09:47:14,968 [ERROR] LogOutputStream:75 - [STDERR_REDIRECT] 
2025-06-28 09:47:15,971 [ERROR] LogOutputStream:75 - [STDERR_REDIRECT] [Fatal Error] :1:1: Premature end of file.
2025-06-28 09:47:15,971 [ERROR] LogOutputStream:75 - [STDERR_REDIRECT] 
2025-06-28 09:47:16,983 [ERROR] LogOutputStream:75 - [STDERR_REDIRECT] [Fatal Error] :1:1: Premature end of file.
2025-06-28 09:47:16,983 [ERROR] LogOutputStream:75 - [STDERR_REDIRECT] 
2025-06-28 09:47:17,985 [ERROR] LogOutputStream:75 - [STDERR_REDIRECT] [Fatal Error] :1:1: Premature end of file.
2025-06-28 09:47:17,985 [ERROR] LogOutputStream:75 - [STDERR_REDIRECT] 
2025-06-28 09:47:18,987 [ERROR] LogOutputStream:75 - [STDERR_REDIRECT] [Fatal Error] :1:1: Premature end of file.
2025-06-28 09:47:18,987 [ERROR] LogOutputStream:75 - [STDERR_REDIRECT] 
2025-06-28 09:47:19,976 [ERROR] LogOutputStream:75 - [STDERR_REDIRECT] [Fatal Error] :1:1: Premature end of file.
2025-06-28 09:47:19,976 [ERROR] LogOutputStream:75 - [STDERR_REDIRECT] 
2025-06-28 09:47:20,985 [ERROR] LogOutputStream:75 - [STDERR_REDIRECT] [Fatal Error] :1:1: Premature end of file.
2025-06-28 09:47:20,985 [ERROR] LogOutputStream:75 - [STDERR_REDIRECT] 
2025-06-28 09:47:21,994 [ERROR] LogOutputStream:75 - [STDERR_REDIRECT] [Fatal Error] :1:1: Premature end of file.
2025-06-28 09:47:21,994 [ERROR] LogOutputStream:75 - [STDERR_REDIRECT] 
2025-06-28 09:47:22,988 [ERROR] LogOutputStream:75 - [STDERR_REDIRECT] [Fatal Error] :1:1: Premature end of file.
2025-06-28 09:47:22,988 [ERROR] LogOutputStream:75 - [STDERR_REDIRECT] 
2025-06-28 09:47:23,970 [ERROR] LogOutputStream:75 - [STDERR_REDIRECT] [Fatal Error] :1:1: Premature end of file.
2025-06-28 09:47:23,970 [ERROR] LogOutputStream:75 - [STDERR_REDIRECT] 
2025-06-28 09:47:24,985 [ERROR] LogOutputStream:75 - [STDERR_REDIRECT] [Fatal Error] :1:1: Premature end of file.
2025-06-28 09:47:24,985 [ERROR] LogOutputStream:75 - [STDERR_REDIRECT] 
2025-06-28 09:47:25,972 [ERROR] LogOutputStream:75 - [STDERR_REDIRECT] [Fatal Error] :1:1: Premature end of file.
2025-06-28 09:47:25,972 [ERROR] LogOutputStream:75 - [STDERR_REDIRECT] 
2025-06-28 09:47:26,979 [ERROR] LogOutputStream:75 - [STDERR_REDIRECT] [Fatal Error] :1:1: Premature end of file.
2025-06-28 09:47:26,979 [ERROR] LogOutputStream:75 - [STDERR_REDIRECT] 
2025-06-28 09:47:27,978 [ERROR] LogOutputStream:75 - [STDERR_REDIRECT] [Fatal Error] :1:1: Premature end of file.
2025-06-28 09:47:27,978 [ERROR] LogOutputStream:75 - [STDERR_REDIRECT] 
2025-06-28 09:47:28,991 [ERROR] LogOutputStream:75 - [STDERR_REDIRECT] [Fatal Error] :1:1: Premature end of file.
2025-06-28 09:47:28,991 [ERROR] LogOutputStream:75 - [STDERR_REDIRECT] 
2025-06-28 09:47:29,956 [ERROR] LogOutputStream:75 - [STDERR_REDIRECT] [Fatal Error] :1:1: Premature end of file.
2025-06-28 09:47:29,956 [ERROR] LogOutputStream:75 - [STDERR_REDIRECT] 
2025-06-28 09:47:30,994 [ERROR] LogOutputStream:75 - [STDERR_REDIRECT] [Fatal Error] :1:1: Premature end of file.
2025-06-28 09:47:30,994 [ERROR] LogOutputStream:75 - [STDERR_REDIRECT] 
2025-06-28 09:47:31,986 [ERROR] LogOutputStream:75 - [STDERR_REDIRECT] [Fatal Error] :1:1: Premature end of file.
2025-06-28 09:47:31,986 [ERROR] LogOutputStream:75 - [STDERR_REDIRECT] 
2025-06-28 09:47:32,987 [ERROR] LogOutputStream:75 - [STDERR_REDIRECT] [Fatal Error] :1:1: Premature end of file.
2025-06-28 09:47:32,987 [ERROR] LogOutputStream:75 - [STDERR_REDIRECT] 
2025-06-28 09:47:33,979 [ERROR] LogOutputStream:75 - [STDERR_REDIRECT] [Fatal Error] :1:1: Premature end of file.
2025-06-28 09:47:33,979 [ERROR] LogOutputStream:75 - [STDERR_REDIRECT] 
2025-06-28 09:47:34,975 [ERROR] LogOutputStream:75 - [STDERR_REDIRECT] [Fatal Error] :1:1: Premature end of file.
2025-06-28 09:47:34,975 [ERROR] LogOutputStream:75 - [STDERR_REDIRECT] 
2025-06-28 09:47:35,981 [ERROR] LogOutputStream:75 - [STDERR_REDIRECT] [Fatal Error] :1:1: Premature end of file.
2025-06-28 09:47:35,981 [ERROR] LogOutputStream:75 - [STDERR_REDIRECT] 
2025-06-28 09:47:36,980 [ERROR] LogOutputStream:75 - [STDERR_REDIRECT] [Fatal Error] :1:1: Premature end of file.
2025-06-28 09:47:36,980 [ERROR] LogOutputStream:75 - [STDERR_REDIRECT] 
2025-06-28 09:47:37,967 [ERROR] LogOutputStream:75 - [STDERR_REDIRECT] [Fatal Error] :1:1: Premature end of file.
2025-06-28 09:47:37,967 [ERROR] LogOutputStream:75 - [STDERR_REDIRECT] 
2025-06-28 09:47:38,985 [ERROR] LogOutputStream:75 - [STDERR_REDIRECT] [Fatal Error] :1:1: Premature end of file.
2025-06-28 09:47:38,985 [ERROR] LogOutputStream:75 - [STDERR_REDIRECT] 
2025-06-28 09:47:39,976 [ERROR] LogOutputStream:75 - [STDERR_REDIRECT] [Fatal Error] :1:1: Premature end of file.
2025-06-28 09:47:39,976 [ERROR] LogOutputStream:75 - [STDERR_REDIRECT] 
2025-06-28 09:47:40,986 [ERROR] LogOutputStream:75 - [STDERR_REDIRECT] [Fatal Error] :1:1: Premature end of file.
2025-06-28 09:47:40,986 [ERROR] LogOutputStream:75 - [STDERR_REDIRECT] 
2025-06-28 09:47:41,999 [ERROR] LogOutputStream:75 - [STDERR_REDIRECT] [Fatal Error] :1:1: Premature end of file.
2025-06-28 09:47:41,999 [ERROR] LogOutputStream:75 - [STDERR_REDIRECT] 
2025-06-28 09:47:42,984 [ERROR] LogOutputStream:75 - [STDERR_REDIRECT] [Fatal Error] :1:1: Premature end of file.
2025-06-28 09:47:42,984 [ERROR] LogOutputStream:75 - [STDERR_REDIRECT] 
2025-06-28 09:47:43,966 [ERROR] LogOutputStream:75 - [STDERR_REDIRECT] [Fatal Error] :1:1: Premature end of file.
2025-06-28 09:47:43,966 [ERROR] LogOutputStream:75 - [STDERR_REDIRECT] 
2025-06-28 09:47:44,976 [ERROR] LogOutputStream:75 - [STDERR_REDIRECT] [Fatal Error] :1:1: Premature end of file.
2025-06-28 09:47:44,976 [ERROR] LogOutputStream:75 - [STDERR_REDIRECT] 
2025-06-28 09:47:45,982 [ERROR] LogOutputStream:75 - [STDERR_REDIRECT] [Fatal Error] :1:1: Premature end of file.
2025-06-28 09:47:45,982 [ERROR] LogOutputStream:75 - [STDERR_REDIRECT] 
2025-06-28 09:47:46,988 [ERROR] LogOutputStream:75 - [STDERR_REDIRECT] [Fatal Error] :1:1: Premature end of file.
2025-06-28 09:47:46,988 [ERROR] LogOutputStream:75 - [STDERR_REDIRECT] 
2025-06-28 09:47:47,976 [ERROR] LogOutputStream:75 - [STDERR_REDIRECT] [Fatal Error] :1:1: Premature end of file.
2025-06-28 09:47:47,976 [ERROR] LogOutputStream:75 - [STDERR_REDIRECT] 
2025-06-28 09:47:48,981 [ERROR] LogOutputStream:75 - [STDERR_REDIRECT] [Fatal Error] :1:1: Premature end of file.
2025-06-28 09:47:48,981 [ERROR] LogOutputStream:75 - [STDERR_REDIRECT] 
2025-06-28 09:47:49,972 [ERROR] LogOutputStream:75 - [STDERR_REDIRECT] [Fatal Error] :1:1: Premature end of file.
2025-06-28 09:47:49,972 [ERROR] LogOutputStream:75 - [STDERR_REDIRECT] 
2025-06-28 09:47:50,981 [ERROR] LogOutputStream:75 - [STDERR_REDIRECT] [Fatal Error] :1:1: Premature end of file.
2025-06-28 09:47:50,981 [ERROR] LogOutputStream:75 - [STDERR_REDIRECT] 
2025-06-28 09:47:51,977 [ERROR] LogOutputStream:75 - [STDERR_REDIRECT] [Fatal Error] :1:1: Premature end of file.
2025-06-28 09:47:51,977 [ERROR] LogOutputStream:75 - [STDERR_REDIRECT] 
2025-06-28 09:47:52,975 [ERROR] LogOutputStream:75 - [STDERR_REDIRECT] [Fatal Error] :1:1: Premature end of file.
2025-06-28 09:47:52,975 [ERROR] LogOutputStream:75 - [STDERR_REDIRECT] 
2025-06-28 09:47:53,977 [ERROR] LogOutputStream:75 - [STDERR_REDIRECT] [Fatal Error] :1:1: Premature end of file.
2025-06-28 09:47:53,977 [ERROR] LogOutputStream:75 - [STDERR_REDIRECT] 
2025-06-28 09:47:54,970 [ERROR] LogOutputStream:75 - [STDERR_REDIRECT] [Fatal Error] :1:1: Premature end of file.
2025-06-28 09:47:54,986 [ERROR] LogOutputStream:75 - [STDERR_REDIRECT] 
2025-06-28 09:47:55,979 [ERROR] LogOutputStream:75 - [STDERR_REDIRECT] [Fatal Error] :1:1: Premature end of file.
2025-06-28 09:47:55,979 [ERROR] LogOutputStream:75 - [STDERR_REDIRECT] 
2025-06-28 09:47:56,987 [ERROR] LogOutputStream:75 - [STDERR_REDIRECT] [Fatal Error] :1:1: Premature end of file.
2025-06-28 09:47:56,987 [ERROR] LogOutputStream:75 - [STDERR_REDIRECT] 
2025-06-28 09:47:57,966 [ERROR] LogOutputStream:75 - [STDERR_REDIRECT] [Fatal Error] :1:1: Premature end of file.
2025-06-28 09:47:57,966 [ERROR] LogOutputStream:75 - [STDERR_REDIRECT] 
2025-06-28 09:47:58,981 [ERROR] LogOutputStream:75 - [STDERR_REDIRECT] [Fatal Error] :1:1: Premature end of file.
2025-06-28 09:47:58,981 [ERROR] LogOutputStream:75 - [STDERR_REDIRECT] 
2025-06-28 09:47:59,984 [ERROR] LogOutputStream:75 - [STDERR_REDIRECT] [Fatal Error] :1:1: Premature end of file.
2025-06-28 09:47:59,984 [ERROR] LogOutputStream:75 - [STDERR_REDIRECT] 
2025-06-28 09:48:00,970 [ERROR] LogOutputStream:75 - [STDERR_REDIRECT] [Fatal Error] :1:1: Premature end of file.
2025-06-28 09:48:00,970 [ERROR] LogOutputStream:75 - [STDERR_REDIRECT] 
2025-06-28 09:48:02,000 [ERROR] LogOutputStream:75 - [STDERR_REDIRECT] [Fatal Error] :1:1: Premature end of file.
2025-06-28 09:48:02,001 [ERROR] LogOutputStream:75 - [STDERR_REDIRECT] 
2025-06-28 09:48:02,973 [ERROR] LogOutputStream:75 - [STDERR_REDIRECT] [Fatal Error] :1:1: Premature end of file.
2025-06-28 09:48:02,973 [ERROR] LogOutputStream:75 - [STDERR_REDIRECT] 
2025-06-28 09:48:03,970 [ERROR] LogOutputStream:75 - [STDERR_REDIRECT] [Fatal Error] :1:1: Premature end of file.
2025-06-28 09:48:03,970 [ERROR] LogOutputStream:75 - [STDERR_REDIRECT] 
2025-06-28 09:48:04,972 [ERROR] LogOutputStream:75 - [STDERR_REDIRECT] [Fatal Error] :1:1: Premature end of file.
2025-06-28 09:48:04,972 [ERROR] LogOutputStream:75 - [STDERR_REDIRECT] 
2025-06-28 09:48:05,981 [ERROR] LogOutputStream:75 - [STDERR_REDIRECT] [Fatal Error] :1:1: Premature end of file.
2025-06-28 09:48:05,981 [ERROR] LogOutputStream:75 - [STDERR_REDIRECT] 
2025-06-28 09:48:06,976 [ERROR] LogOutputStream:75 - [STDERR_REDIRECT] [Fatal Error] :1:1: Premature end of file.
2025-06-28 09:48:06,976 [ERROR] LogOutputStream:75 - [STDERR_REDIRECT] 
2025-06-28 09:48:07,974 [ERROR] LogOutputStream:75 - [STDERR_REDIRECT] [Fatal Error] :1:1: Premature end of file.
2025-06-28 09:48:07,974 [ERROR] LogOutputStream:75 - [STDERR_REDIRECT] 
2025-06-28 09:48:08,982 [ERROR] LogOutputStream:75 - [STDERR_REDIRECT] [Fatal Error] :1:1: Premature end of file.
2025-06-28 09:48:08,982 [ERROR] LogOutputStream:75 - [STDERR_REDIRECT] 
2025-06-28 09:48:09,974 [ERROR] LogOutputStream:75 - [STDERR_REDIRECT] [Fatal Error] :1:1: Premature end of file.
2025-06-28 09:48:09,974 [ERROR] LogOutputStream:75 - [STDERR_REDIRECT] 
2025-06-28 09:48:10,967 [ERROR] LogOutputStream:75 - [STDERR_REDIRECT] [Fatal Error] :1:1: Premature end of file.
2025-06-28 09:48:10,967 [ERROR] LogOutputStream:75 - [STDERR_REDIRECT] 
2025-06-28 09:48:11,978 [ERROR] LogOutputStream:75 - [STDERR_REDIRECT] [Fatal Error] :1:1: Premature end of file.
2025-06-28 09:48:11,978 [ERROR] LogOutputStream:75 - [STDERR_REDIRECT] 
2025-06-28 09:48:12,984 [ERROR] LogOutputStream:75 - [STDERR_REDIRECT] [Fatal Error] :1:1: Premature end of file.
2025-06-28 09:48:12,984 [ERROR] LogOutputStream:75 - [STDERR_REDIRECT] 
2025-06-28 09:48:13,978 [ERROR] LogOutputStream:75 - [STDERR_REDIRECT] [Fatal Error] :1:1: Premature end of file.
2025-06-28 09:48:13,978 [ERROR] LogOutputStream:75 - [STDERR_REDIRECT] 
2025-06-28 09:48:14,976 [ERROR] LogOutputStream:75 - [STDERR_REDIRECT] [Fatal Error] :1:1: Premature end of file.
2025-06-28 09:48:14,976 [ERROR] LogOutputStream:75 - [STDERR_REDIRECT] 
2025-06-28 09:48:15,982 [ERROR] LogOutputStream:75 - [STDERR_REDIRECT] [Fatal Error] :1:1: Premature end of file.
2025-06-28 09:48:15,982 [ERROR] LogOutputStream:75 - [STDERR_REDIRECT] 
2025-06-28 09:48:16,981 [ERROR] LogOutputStream:75 - [STDERR_REDIRECT] [Fatal Error] :1:1: Premature end of file.
2025-06-28 09:48:16,981 [ERROR] LogOutputStream:75 - [STDERR_REDIRECT] 
2025-06-28 09:48:17,993 [ERROR] LogOutputStream:75 - [STDERR_REDIRECT] [Fatal Error] :1:1: Premature end of file.
2025-06-28 09:48:17,993 [ERROR] LogOutputStream:75 - [STDERR_REDIRECT] 
2025-06-28 09:48:18,952 [ERROR] LogOutputStream:75 - [STDERR_REDIRECT] [Fatal Error] :1:1: Premature end of file.
2025-06-28 09:48:18,952 [ERROR] LogOutputStream:75 - [STDERR_REDIRECT] 
2025-06-28 09:48:19,976 [ERROR] LogOutputStream:75 - [STDERR_REDIRECT] [Fatal Error] :1:1: Premature end of file.
2025-06-28 09:48:19,976 [ERROR] LogOutputStream:75 - [STDERR_REDIRECT] 
2025-06-28 09:48:20,993 [ERROR] LogOutputStream:75 - [STDERR_REDIRECT] [Fatal Error] :1:1: Premature end of file.
2025-06-28 09:48:20,993 [ERROR] LogOutputStream:75 - [STDERR_REDIRECT] 
2025-06-28 09:48:21,980 [ERROR] LogOutputStream:75 - [STDERR_REDIRECT] [Fatal Error] :1:1: Premature end of file.
2025-06-28 09:48:21,980 [ERROR] LogOutputStream:75 - [STDERR_REDIRECT] 
2025-06-28 09:48:22,968 [ERROR] LogOutputStream:75 - [STDERR_REDIRECT] [Fatal Error] :1:1: Premature end of file.
2025-06-28 09:48:22,968 [ERROR] LogOutputStream:75 - [STDERR_REDIRECT] 
2025-06-28 09:48:23,987 [ERROR] LogOutputStream:75 - [STDERR_REDIRECT] [Fatal Error] :1:1: Premature end of file.
2025-06-28 09:48:23,987 [ERROR] LogOutputStream:75 - [STDERR_REDIRECT] 
2025-06-28 09:48:24,978 [ERROR] LogOutputStream:75 - [STDERR_REDIRECT] [Fatal Error] :1:1: Premature end of file.
2025-06-28 09:48:24,978 [ERROR] LogOutputStream:75 - [STDERR_REDIRECT] 
2025-06-28 09:48:25,977 [ERROR] LogOutputStream:75 - [STDERR_REDIRECT] [Fatal Error] :1:1: Premature end of file.
2025-06-28 09:48:25,977 [ERROR] LogOutputStream:75 - [STDERR_REDIRECT] 
2025-06-28 09:48:26,979 [ERROR] LogOutputStream:75 - [STDERR_REDIRECT] [Fatal Error] :1:1: Premature end of file.
2025-06-28 09:48:26,979 [ERROR] LogOutputStream:75 - [STDERR_REDIRECT] 
2025-06-28 09:48:27,971 [ERROR] LogOutputStream:75 - [STDERR_REDIRECT] [Fatal Error] :1:1: Premature end of file.
2025-06-28 09:48:27,971 [ERROR] LogOutputStream:75 - [STDERR_REDIRECT] 
2025-06-28 09:48:28,979 [ERROR] LogOutputStream:75 - [STDERR_REDIRECT] [Fatal Error] :1:1: Premature end of file.
2025-06-28 09:48:28,979 [ERROR] LogOutputStream:75 - [STDERR_REDIRECT] 
2025-06-28 09:48:29,972 [ERROR] LogOutputStream:75 - [STDERR_REDIRECT] [Fatal Error] :1:1: Premature end of file.
2025-06-28 09:48:29,972 [ERROR] LogOutputStream:75 - [STDERR_REDIRECT] 
2025-06-28 09:48:30,967 [ERROR] LogOutputStream:75 - [STDERR_REDIRECT] [Fatal Error] :1:1: Premature end of file.
2025-06-28 09:48:30,967 [ERROR] LogOutputStream:75 - [STDERR_REDIRECT] 
2025-06-28 09:48:31,980 [ERROR] LogOutputStream:75 - [STDERR_REDIRECT] [Fatal Error] :1:1: Premature end of file.
2025-06-28 09:48:31,980 [ERROR] LogOutputStream:75 - [STDERR_REDIRECT] 
2025-06-28 09:48:32,978 [ERROR] LogOutputStream:75 - [STDERR_REDIRECT] [Fatal Error] :1:1: Premature end of file.
2025-06-28 09:48:32,983 [ERROR] LogOutputStream:75 - [STDERR_REDIRECT] 
2025-06-28 09:48:33,974 [ERROR] LogOutputStream:75 - [STDERR_REDIRECT] [Fatal Error] :1:1: Premature end of file.
2025-06-28 09:48:33,974 [ERROR] LogOutputStream:75 - [STDERR_REDIRECT] 
2025-06-28 09:48:34,973 [ERROR] LogOutputStream:75 - [STDERR_REDIRECT] [Fatal Error] :1:1: Premature end of file.
2025-06-28 09:48:34,973 [ERROR] LogOutputStream:75 - [STDERR_REDIRECT] 
2025-06-28 09:48:35,977 [ERROR] LogOutputStream:75 - [STDERR_REDIRECT] [Fatal Error] :1:1: Premature end of file.
2025-06-28 09:48:35,977 [ERROR] LogOutputStream:75 - [STDERR_REDIRECT] 
2025-06-28 09:48:36,969 [ERROR] LogOutputStream:75 - [STDERR_REDIRECT] [Fatal Error] :1:1: Premature end of file.
2025-06-28 09:48:36,969 [ERROR] LogOutputStream:75 - [STDERR_REDIRECT] 
2025-06-28 09:48:37,978 [ERROR] LogOutputStream:75 - [STDERR_REDIRECT] [Fatal Error] :1:1: Premature end of file.
2025-06-28 09:48:37,978 [ERROR] LogOutputStream:75 - [STDERR_REDIRECT] 
2025-06-28 09:48:38,968 [ERROR] LogOutputStream:75 - [STDERR_REDIRECT] [Fatal Error] :1:1: Premature end of file.
2025-06-28 09:48:38,968 [ERROR] LogOutputStream:75 - [STDERR_REDIRECT] 
2025-06-28 09:48:39,978 [ERROR] LogOutputStream:75 - [STDERR_REDIRECT] [Fatal Error] :1:1: Premature end of file.
2025-06-28 09:48:39,978 [ERROR] LogOutputStream:75 - [STDERR_REDIRECT] 
2025-06-28 09:48:40,970 [ERROR] LogOutputStream:75 - [STDERR_REDIRECT] [Fatal Error] :1:1: Premature end of file.
2025-06-28 09:48:40,970 [ERROR] LogOutputStream:75 - [STDERR_REDIRECT] 
2025-06-28 09:48:41,982 [ERROR] LogOutputStream:75 - [STDERR_REDIRECT] [Fatal Error] :1:1: Premature end of file.
2025-06-28 09:48:41,982 [ERROR] LogOutputStream:75 - [STDERR_REDIRECT] 
2025-06-28 09:48:42,985 [ERROR] LogOutputStream:75 - [STDERR_REDIRECT] [Fatal Error] :1:1: Premature end of file.
2025-06-28 09:48:42,985 [ERROR] LogOutputStream:75 - [STDERR_REDIRECT] 
2025-06-28 09:48:43,985 [ERROR] LogOutputStream:75 - [STDERR_REDIRECT] [Fatal Error] :1:1: Premature end of file.
2025-06-28 09:48:43,985 [ERROR] LogOutputStream:75 - [STDERR_REDIRECT] 
2025-06-28 09:48:44,969 [ERROR] LogOutputStream:75 - [STDERR_REDIRECT] [Fatal Error] :1:1: Premature end of file.
2025-06-28 09:48:44,969 [ERROR] LogOutputStream:75 - [STDERR_REDIRECT] 
2025-06-28 09:48:45,978 [ERROR] LogOutputStream:75 - [STDERR_REDIRECT] [Fatal Error] :1:1: Premature end of file.
2025-06-28 09:48:45,978 [ERROR] LogOutputStream:75 - [STDERR_REDIRECT] 
2025-06-28 09:48:46,976 [ERROR] LogOutputStream:75 - [STDERR_REDIRECT] [Fatal Error] :1:1: Premature end of file.
2025-06-28 09:48:46,976 [ERROR] LogOutputStream:75 - [STDERR_REDIRECT] 
2025-06-28 09:48:47,996 [ERROR] LogOutputStream:75 - [STDERR_REDIRECT] [Fatal Error] :1:1: Premature end of file.
2025-06-28 09:48:47,996 [ERROR] LogOutputStream:75 - [STDERR_REDIRECT] 
2025-06-28 09:48:48,973 [ERROR] LogOutputStream:75 - [STDERR_REDIRECT] [Fatal Error] :1:1: Premature end of file.
2025-06-28 09:48:48,973 [ERROR] LogOutputStream:75 - [STDERR_REDIRECT] 
2025-06-28 09:48:49,998 [ERROR] LogOutputStream:75 - [STDERR_REDIRECT] [Fatal Error] :1:1: Premature end of file.
2025-06-28 09:48:49,998 [ERROR] LogOutputStream:75 - [STDERR_REDIRECT] 
2025-06-28 09:48:50,977 [ERROR] LogOutputStream:75 - [STDERR_REDIRECT] [Fatal Error] :1:1: Premature end of file.
2025-06-28 09:48:50,977 [ERROR] LogOutputStream:75 - [STDERR_REDIRECT] 
2025-06-28 09:48:51,968 [ERROR] LogOutputStream:75 - [STDERR_REDIRECT] [Fatal Error] :1:1: Premature end of file.
2025-06-28 09:48:51,981 [ERROR] LogOutputStream:75 - [STDERR_REDIRECT] 
2025-06-28 09:48:52,987 [ERROR] LogOutputStream:75 - [STDERR_REDIRECT] [Fatal Error] :1:1: Premature end of file.
2025-06-28 09:48:52,987 [ERROR] LogOutputStream:75 - [STDERR_REDIRECT] 
2025-06-28 09:48:53,974 [ERROR] LogOutputStream:75 - [STDERR_REDIRECT] [Fatal Error] :1:1: Premature end of file.
2025-06-28 09:48:53,974 [ERROR] LogOutputStream:75 - [STDERR_REDIRECT] 
2025-06-28 09:48:54,973 [ERROR] LogOutputStream:75 - [STDERR_REDIRECT] [Fatal Error] :1:1: Premature end of file.
2025-06-28 09:48:54,973 [ERROR] LogOutputStream:75 - [STDERR_REDIRECT] 
2025-06-28 09:48:55,971 [ERROR] LogOutputStream:75 - [STDERR_REDIRECT] [Fatal Error] :1:1: Premature end of file.
2025-06-28 09:48:55,971 [ERROR] LogOutputStream:75 - [STDERR_REDIRECT] 
2025-06-28 09:48:56,996 [ERROR] LogOutputStream:75 - [STDERR_REDIRECT] [Fatal Error] :1:1: Premature end of file.
2025-06-28 09:48:56,996 [ERROR] LogOutputStream:75 - [STDERR_REDIRECT] 
2025-06-28 09:48:57,974 [ERROR] LogOutputStream:75 - [STDERR_REDIRECT] [Fatal Error] :1:1: Premature end of file.
2025-06-28 09:48:57,974 [ERROR] LogOutputStream:75 - [STDERR_REDIRECT] 
2025-06-28 09:48:58,968 [ERROR] LogOutputStream:75 - [STDERR_REDIRECT] [Fatal Error] :1:1: Premature end of file.
2025-06-28 09:48:58,968 [ERROR] LogOutputStream:75 - [STDERR_REDIRECT] 
2025-06-28 09:48:59,981 [ERROR] LogOutputStream:75 - [STDERR_REDIRECT] [Fatal Error] :1:1: Premature end of file.
2025-06-28 09:48:59,981 [ERROR] LogOutputStream:75 - [STDERR_REDIRECT] 
2025-06-28 09:49:00,968 [ERROR] LogOutputStream:75 - [STDERR_REDIRECT] [Fatal Error] :1:1: Premature end of file.
2025-06-28 09:49:00,968 [ERROR] LogOutputStream:75 - [STDERR_REDIRECT] 
2025-06-28 09:49:01,977 [ERROR] LogOutputStream:75 - [STDERR_REDIRECT] [Fatal Error] :1:1: Premature end of file.
2025-06-28 09:49:01,977 [ERROR] LogOutputStream:75 - [STDERR_REDIRECT] 
2025-06-28 09:49:02,982 [ERROR] LogOutputStream:75 - [STDERR_REDIRECT] [Fatal Error] :1:1: Premature end of file.
2025-06-28 09:49:02,982 [ERROR] LogOutputStream:75 - [STDERR_REDIRECT] 
2025-06-28 09:49:03,976 [ERROR] LogOutputStream:75 - [STDERR_REDIRECT] [Fatal Error] :1:1: Premature end of file.
2025-06-28 09:49:03,976 [ERROR] LogOutputStream:75 - [STDERR_REDIRECT] 
2025-06-28 09:49:04,970 [ERROR] LogOutputStream:75 - [STDERR_REDIRECT] [Fatal Error] :1:1: Premature end of file.
2025-06-28 09:49:04,970 [ERROR] LogOutputStream:75 - [STDERR_REDIRECT] 
2025-06-28 09:49:05,981 [ERROR] LogOutputStream:75 - [STDERR_REDIRECT] [Fatal Error] :1:1: Premature end of file.
2025-06-28 09:49:05,981 [ERROR] LogOutputStream:75 - [STDERR_REDIRECT] 
2025-06-28 09:49:06,973 [ERROR] LogOutputStream:75 - [STDERR_REDIRECT] [Fatal Error] :1:1: Premature end of file.
2025-06-28 09:49:06,973 [ERROR] LogOutputStream:75 - [STDERR_REDIRECT] 
2025-06-28 09:49:07,966 [ERROR] LogOutputStream:75 - [STDERR_REDIRECT] [Fatal Error] :1:1: Premature end of file.
2025-06-28 09:49:07,966 [ERROR] LogOutputStream:75 - [STDERR_REDIRECT] 
2025-06-28 09:49:08,991 [ERROR] LogOutputStream:75 - [STDERR_REDIRECT] [Fatal Error] :1:1: Premature end of file.
2025-06-28 09:49:08,991 [ERROR] LogOutputStream:75 - [STDERR_REDIRECT] 
2025-06-28 09:49:09,988 [ERROR] LogOutputStream:75 - [STDERR_REDIRECT] [Fatal Error] :1:1: Premature end of file.
2025-06-28 09:49:09,988 [ERROR] LogOutputStream:75 - [STDERR_REDIRECT] 
2025-06-28 09:49:10,973 [ERROR] LogOutputStream:75 - [STDERR_REDIRECT] [Fatal Error] :1:1: Premature end of file.
2025-06-28 09:49:10,973 [ERROR] LogOutputStream:75 - [STDERR_REDIRECT] 
2025-06-28 09:49:11,996 [ERROR] LogOutputStream:75 - [STDERR_REDIRECT] [Fatal Error] :1:1: Premature end of file.
2025-06-28 09:49:11,996 [ERROR] LogOutputStream:75 - [STDERR_REDIRECT] 
2025-06-28 09:49:12,972 [ERROR] LogOutputStream:75 - [STDERR_REDIRECT] [Fatal Error] :1:1: Premature end of file.
2025-06-28 09:49:12,972 [ERROR] LogOutputStream:75 - [STDERR_REDIRECT] 
2025-06-28 09:49:13,997 [ERROR] LogOutputStream:75 - [STDERR_REDIRECT] [Fatal Error] :1:1: Premature end of file.
2025-06-28 09:49:13,997 [ERROR] LogOutputStream:75 - [STDERR_REDIRECT] 
2025-06-28 09:49:14,974 [ERROR] LogOutputStream:75 - [STDERR_REDIRECT] [Fatal Error] :1:1: Premature end of file.
2025-06-28 09:49:14,974 [ERROR] LogOutputStream:75 - [STDERR_REDIRECT] 
2025-06-28 09:49:15,997 [ERROR] LogOutputStream:75 - [STDERR_REDIRECT] [Fatal Error] :1:1: Premature end of file.
2025-06-28 09:49:15,997 [ERROR] LogOutputStream:75 - [STDERR_REDIRECT] 
2025-06-28 09:49:16,978 [ERROR] LogOutputStream:75 - [STDERR_REDIRECT] [Fatal Error] :1:1: Premature end of file.
2025-06-28 09:49:16,978 [ERROR] LogOutputStream:75 - [STDERR_REDIRECT] 
2025-06-28 09:49:17,981 [ERROR] LogOutputStream:75 - [STDERR_REDIRECT] [Fatal Error] :1:1: Premature end of file.
2025-06-28 09:49:17,981 [ERROR] LogOutputStream:75 - [STDERR_REDIRECT] 
2025-06-28 09:49:18,979 [ERROR] LogOutputStream:75 - [STDERR_REDIRECT] [Fatal Error] :1:1: Premature end of file.
2025-06-28 09:49:18,979 [ERROR] LogOutputStream:75 - [STDERR_REDIRECT] 
2025-06-28 09:49:19,968 [ERROR] LogOutputStream:75 - [STDERR_REDIRECT] [Fatal Error] :1:1: Premature end of file.
2025-06-28 09:49:19,968 [ERROR] LogOutputStream:75 - [STDERR_REDIRECT] 
2025-06-28 09:49:20,978 [ERROR] LogOutputStream:75 - [STDERR_REDIRECT] [Fatal Error] :1:1: Premature end of file.
2025-06-28 09:49:20,978 [ERROR] LogOutputStream:75 - [STDERR_REDIRECT] 
2025-06-28 09:49:21,972 [ERROR] LogOutputStream:75 - [STDERR_REDIRECT] [Fatal Error] :1:1: Premature end of file.
2025-06-28 09:49:21,972 [ERROR] LogOutputStream:75 - [STDERR_REDIRECT] 
2025-06-28 09:49:22,977 [ERROR] LogOutputStream:75 - [STDERR_REDIRECT] [Fatal Error] :1:1: Premature end of file.
2025-06-28 09:49:22,977 [ERROR] LogOutputStream:75 - [STDERR_REDIRECT] 
2025-06-28 09:49:23,978 [ERROR] LogOutputStream:75 - [STDERR_REDIRECT] [Fatal Error] :1:1: Premature end of file.
2025-06-28 09:49:23,978 [ERROR] LogOutputStream:75 - [STDERR_REDIRECT] 
2025-06-28 09:49:24,980 [ERROR] LogOutputStream:75 - [STDERR_REDIRECT] [Fatal Error] :1:1: Premature end of file.
2025-06-28 09:49:24,980 [ERROR] LogOutputStream:75 - [STDERR_REDIRECT] 
2025-06-28 09:49:25,984 [ERROR] LogOutputStream:75 - [STDERR_REDIRECT] [Fatal Error] :1:1: Premature end of file.
2025-06-28 09:49:25,984 [ERROR] LogOutputStream:75 - [STDERR_REDIRECT] 
2025-06-28 09:49:26,997 [ERROR] LogOutputStream:75 - [STDERR_REDIRECT] [Fatal Error] :1:1: Premature end of file.
2025-06-28 09:49:26,997 [ERROR] LogOutputStream:75 - [STDERR_REDIRECT] 
2025-06-28 09:49:27,975 [ERROR] LogOutputStream:75 - [STDERR_REDIRECT] [Fatal Error] :1:1: Premature end of file.
2025-06-28 09:49:27,975 [ERROR] LogOutputStream:75 - [STDERR_REDIRECT] 
2025-06-28 09:49:28,967 [ERROR] LogOutputStream:75 - [STDERR_REDIRECT] [Fatal Error] :1:1: Premature end of file.
2025-06-28 09:49:28,967 [ERROR] LogOutputStream:75 - [STDERR_REDIRECT] 
2025-06-28 09:49:29,998 [ERROR] LogOutputStream:75 - [STDERR_REDIRECT] [Fatal Error] :1:1: Premature end of file.
2025-06-28 09:49:29,998 [ERROR] LogOutputStream:75 - [STDERR_REDIRECT] 
2025-06-28 09:49:30,967 [ERROR] LogOutputStream:75 - [STDERR_REDIRECT] [Fatal Error] :1:1: Premature end of file.
2025-06-28 09:49:30,967 [ERROR] LogOutputStream:75 - [STDERR_REDIRECT] 
2025-06-28 09:49:31,977 [ERROR] LogOutputStream:75 - [STDERR_REDIRECT] [Fatal Error] :1:1: Premature end of file.
2025-06-28 09:49:31,977 [ERROR] LogOutputStream:75 - [STDERR_REDIRECT] 
2025-06-28 09:49:32,972 [ERROR] LogOutputStream:75 - [STDERR_REDIRECT] [Fatal Error] :1:1: Premature end of file.
2025-06-28 09:49:32,972 [ERROR] LogOutputStream:75 - [STDERR_REDIRECT] 
2025-06-28 09:49:33,996 [ERROR] LogOutputStream:75 - [STDERR_REDIRECT] [Fatal Error] :1:1: Premature end of file.
2025-06-28 09:49:33,996 [ERROR] LogOutputStream:75 - [STDERR_REDIRECT] 
2025-06-28 09:49:34,975 [ERROR] LogOutputStream:75 - [STDERR_REDIRECT] [Fatal Error] :1:1: Premature end of file.
2025-06-28 09:49:34,975 [ERROR] LogOutputStream:75 - [STDERR_REDIRECT] 
2025-06-28 09:49:35,981 [ERROR] LogOutputStream:75 - [STDERR_REDIRECT] [Fatal Error] :1:1: Premature end of file.
2025-06-28 09:49:35,981 [ERROR] LogOutputStream:75 - [STDERR_REDIRECT] 
2025-06-28 09:49:36,972 [ERROR] LogOutputStream:75 - [STDERR_REDIRECT] [Fatal Error] :1:1: Premature end of file.
2025-06-28 09:49:36,972 [ERROR] LogOutputStream:75 - [STDERR_REDIRECT] 
2025-06-28 09:49:37,977 [ERROR] LogOutputStream:75 - [STDERR_REDIRECT] [Fatal Error] :1:1: Premature end of file.
2025-06-28 09:49:37,977 [ERROR] LogOutputStream:75 - [STDERR_REDIRECT] 
2025-06-28 09:49:38,976 [ERROR] LogOutputStream:75 - [STDERR_REDIRECT] [Fatal Error] :1:1: Premature end of file.
2025-06-28 09:49:38,976 [ERROR] LogOutputStream:75 - [STDERR_REDIRECT] 
2025-06-28 09:49:39,967 [ERROR] LogOutputStream:75 - [STDERR_REDIRECT] [Fatal Error] :1:1: Premature end of file.
2025-06-28 09:49:39,967 [ERROR] LogOutputStream:75 - [STDERR_REDIRECT] 
2025-06-28 09:49:40,985 [ERROR] LogOutputStream:75 - [STDERR_REDIRECT] [Fatal Error] :1:1: Premature end of file.
2025-06-28 09:49:40,985 [ERROR] LogOutputStream:75 - [STDERR_REDIRECT] 
2025-06-28 09:49:41,971 [ERROR] LogOutputStream:75 - [STDERR_REDIRECT] [Fatal Error] :1:1: Premature end of file.
2025-06-28 09:49:41,971 [ERROR] LogOutputStream:75 - [STDERR_REDIRECT] 
2025-06-28 09:49:42,986 [ERROR] LogOutputStream:75 - [STDERR_REDIRECT] [Fatal Error] :1:1: Premature end of file.
2025-06-28 09:49:42,986 [ERROR] LogOutputStream:75 - [STDERR_REDIRECT] 
2025-06-28 09:49:43,988 [ERROR] LogOutputStream:75 - [STDERR_REDIRECT] [Fatal Error] :1:1: Premature end of file.
2025-06-28 09:49:43,988 [ERROR] LogOutputStream:75 - [STDERR_REDIRECT] 
2025-06-28 09:49:44,972 [ERROR] LogOutputStream:75 - [STDERR_REDIRECT] [Fatal Error] :1:1: Premature end of file.
2025-06-28 09:49:44,972 [ERROR] LogOutputStream:75 - [STDERR_REDIRECT] 
2025-06-28 09:49:45,983 [ERROR] LogOutputStream:75 - [STDERR_REDIRECT] [Fatal Error] :1:1: Premature end of file.
2025-06-28 09:49:45,983 [ERROR] LogOutputStream:75 - [STDERR_REDIRECT] 
2025-06-28 09:49:46,970 [ERROR] LogOutputStream:75 - [STDERR_REDIRECT] [Fatal Error] :1:1: Premature end of file.
2025-06-28 09:49:46,970 [ERROR] LogOutputStream:75 - [STDERR_REDIRECT] 
2025-06-28 09:49:47,983 [ERROR] LogOutputStream:75 - [STDERR_REDIRECT] [Fatal Error] :1:1: Premature end of file.
2025-06-28 09:49:47,983 [ERROR] LogOutputStream:75 - [STDERR_REDIRECT] 
2025-06-28 09:49:48,973 [ERROR] LogOutputStream:75 - [STDERR_REDIRECT] [Fatal Error] :1:1: Premature end of file.
2025-06-28 09:49:48,973 [ERROR] LogOutputStream:75 - [STDERR_REDIRECT] 
2025-06-28 09:49:49,995 [ERROR] LogOutputStream:75 - [STDERR_REDIRECT] [Fatal Error] :1:1: Premature end of file.
2025-06-28 09:49:49,995 [ERROR] LogOutputStream:75 - [STDERR_REDIRECT] 
2025-06-28 09:49:50,972 [ERROR] LogOutputStream:75 - [STDERR_REDIRECT] [Fatal Error] :1:1: Premature end of file.
2025-06-28 09:49:50,972 [ERROR] LogOutputStream:75 - [STDERR_REDIRECT] 
2025-06-28 09:49:51,966 [ERROR] LogOutputStream:75 - [STDERR_REDIRECT] [Fatal Error] :1:1: Premature end of file.
2025-06-28 09:49:51,966 [ERROR] LogOutputStream:75 - [STDERR_REDIRECT] 
2025-06-28 09:49:52,976 [ERROR] LogOutputStream:75 - [STDERR_REDIRECT] [Fatal Error] :1:1: Premature end of file.
2025-06-28 09:49:52,976 [ERROR] LogOutputStream:75 - [STDERR_REDIRECT] 
2025-06-28 09:49:53,968 [ERROR] LogOutputStream:75 - [STDERR_REDIRECT] [Fatal Error] :1:1: Premature end of file.
2025-06-28 09:49:53,968 [ERROR] LogOutputStream:75 - [STDERR_REDIRECT] 
2025-06-28 09:49:54,977 [ERROR] LogOutputStream:75 - [STDERR_REDIRECT] [Fatal Error] :1:1: Premature end of file.
2025-06-28 09:49:54,977 [ERROR] LogOutputStream:75 - [STDERR_REDIRECT] 
2025-06-28 09:49:55,972 [ERROR] LogOutputStream:75 - [STDERR_REDIRECT] [Fatal Error] :1:1: Premature end of file.
2025-06-28 09:49:55,972 [ERROR] LogOutputStream:75 - [STDERR_REDIRECT] 
2025-06-28 09:49:56,984 [ERROR] LogOutputStream:75 - [STDERR_REDIRECT] [Fatal Error] :1:1: Premature end of file.
2025-06-28 09:49:56,984 [ERROR] LogOutputStream:75 - [STDERR_REDIRECT] 
2025-06-28 09:49:57,982 [ERROR] LogOutputStream:75 - [STDERR_REDIRECT] [Fatal Error] :1:1: Premature end of file.
2025-06-28 09:49:57,982 [ERROR] LogOutputStream:75 - [STDERR_REDIRECT] 
2025-06-28 09:49:58,972 [ERROR] LogOutputStream:75 - [STDERR_REDIRECT] [Fatal Error] :1:1: Premature end of file.
2025-06-28 09:49:58,972 [ERROR] LogOutputStream:75 - [STDERR_REDIRECT] 
2025-06-28 09:49:59,954 [ERROR] LogOutputStream:75 - [STDERR_REDIRECT] [Fatal Error] :1:1: Premature end of file.
2025-06-28 09:49:59,954 [ERROR] LogOutputStream:75 - [STDERR_REDIRECT] 
2025-06-28 09:50:00,979 [ERROR] LogOutputStream:75 - [STDERR_REDIRECT] [Fatal Error] :1:1: Premature end of file.
2025-06-28 09:50:00,979 [ERROR] LogOutputStream:75 - [STDERR_REDIRECT] 
2025-06-28 09:50:01,971 [ERROR] LogOutputStream:75 - [STDERR_REDIRECT] [Fatal Error] :1:1: Premature end of file.
2025-06-28 09:50:01,971 [ERROR] LogOutputStream:75 - [STDERR_REDIRECT] 
2025-06-28 09:50:02,984 [ERROR] LogOutputStream:75 - [STDERR_REDIRECT] [Fatal Error] :1:1: Premature end of file.
2025-06-28 09:50:02,984 [ERROR] LogOutputStream:75 - [STDERR_REDIRECT] 
2025-06-28 09:50:03,979 [ERROR] LogOutputStream:75 - [STDERR_REDIRECT] [Fatal Error] :1:1: Premature end of file.
2025-06-28 09:50:03,979 [ERROR] LogOutputStream:75 - [STDERR_REDIRECT] 
2025-06-28 09:50:04,978 [ERROR] LogOutputStream:75 - [STDERR_REDIRECT] [Fatal Error] :1:1: Premature end of file.
2025-06-28 09:50:04,978 [ERROR] LogOutputStream:75 - [STDERR_REDIRECT] 
2025-06-28 09:50:06,004 [ERROR] LogOutputStream:75 - [STDERR_REDIRECT] [Fatal Error] :1:1: Premature end of file.
2025-06-28 09:50:06,004 [ERROR] LogOutputStream:75 - [STDERR_REDIRECT] 
2025-06-28 09:50:06,996 [ERROR] LogOutputStream:75 - [STDERR_REDIRECT] [Fatal Error] :1:1: Premature end of file.
2025-06-28 09:50:06,996 [ERROR] LogOutputStream:75 - [STDERR_REDIRECT] 
2025-06-28 09:50:07,974 [ERROR] LogOutputStream:75 - [STDERR_REDIRECT] [Fatal Error] :1:1: Premature end of file.
2025-06-28 09:50:07,974 [ERROR] LogOutputStream:75 - [STDERR_REDIRECT] 
2025-06-28 09:50:08,969 [ERROR] LogOutputStream:75 - [STDERR_REDIRECT] [Fatal Error] :1:1: Premature end of file.
2025-06-28 09:50:08,969 [ERROR] LogOutputStream:75 - [STDERR_REDIRECT] 
2025-06-28 09:50:09,995 [ERROR] LogOutputStream:75 - [STDERR_REDIRECT] [Fatal Error] :1:1: Premature end of file.
2025-06-28 09:50:09,995 [ERROR] LogOutputStream:75 - [STDERR_REDIRECT] 
2025-06-28 09:50:10,979 [ERROR] LogOutputStream:75 - [STDERR_REDIRECT] [Fatal Error] :1:1: Premature end of file.
2025-06-28 09:50:10,979 [ERROR] LogOutputStream:75 - [STDERR_REDIRECT] 
2025-06-28 09:50:11,967 [ERROR] LogOutputStream:75 - [STDERR_REDIRECT] [Fatal Error] :1:1: Premature end of file.
2025-06-28 09:50:11,967 [ERROR] LogOutputStream:75 - [STDERR_REDIRECT] 
2025-06-28 09:50:12,977 [ERROR] LogOutputStream:75 - [STDERR_REDIRECT] [Fatal Error] :1:1: Premature end of file.
2025-06-28 09:50:12,977 [ERROR] LogOutputStream:75 - [STDERR_REDIRECT] 
2025-06-28 09:50:13,977 [ERROR] LogOutputStream:75 - [STDERR_REDIRECT] [Fatal Error] :1:1: Premature end of file.
2025-06-28 09:50:13,977 [ERROR] LogOutputStream:75 - [STDERR_REDIRECT] 
2025-06-28 09:50:14,979 [ERROR] LogOutputStream:75 - [STDERR_REDIRECT] [Fatal Error] :1:1: Premature end of file.
2025-06-28 09:50:14,979 [ERROR] LogOutputStream:75 - [STDERR_REDIRECT] 
2025-06-28 09:50:15,987 [ERROR] LogOutputStream:75 - [STDERR_REDIRECT] [Fatal Error] :1:1: Premature end of file.
2025-06-28 09:50:15,987 [ERROR] LogOutputStream:75 - [STDERR_REDIRECT] 
2025-06-28 09:50:16,980 [ERROR] LogOutputStream:75 - [STDERR_REDIRECT] [Fatal Error] :1:1: Premature end of file.
2025-06-28 09:50:16,980 [ERROR] LogOutputStream:75 - [STDERR_REDIRECT] 
2025-06-28 09:50:17,988 [ERROR] LogOutputStream:75 - [STDERR_REDIRECT] [Fatal Error] :1:1: Premature end of file.
2025-06-28 09:50:17,988 [ERROR] LogOutputStream:75 - [STDERR_REDIRECT] 
2025-06-28 09:50:18,996 [ERROR] LogOutputStream:75 - [STDERR_REDIRECT] [Fatal Error] :1:1: Premature end of file.
2025-06-28 09:50:18,996 [ERROR] LogOutputStream:75 - [STDERR_REDIRECT] 
2025-06-28 09:50:19,972 [ERROR] LogOutputStream:75 - [STDERR_REDIRECT] [Fatal Error] :1:1: Premature end of file.
2025-06-28 09:50:19,972 [ERROR] LogOutputStream:75 - [STDERR_REDIRECT] 
2025-06-28 09:50:20,996 [ERROR] LogOutputStream:75 - [STDERR_REDIRECT] [Fatal Error] :1:1: Premature end of file.
2025-06-28 09:50:20,996 [ERROR] LogOutputStream:75 - [STDERR_REDIRECT] 
2025-06-28 09:50:21,990 [ERROR] LogOutputStream:75 - [STDERR_REDIRECT] [Fatal Error] :1:1: Premature end of file.
2025-06-28 09:50:21,990 [ERROR] LogOutputStream:75 - [STDERR_REDIRECT] 
2025-06-28 09:50:22,968 [ERROR] LogOutputStream:75 - [STDERR_REDIRECT] [Fatal Error] :1:1: Premature end of file.
2025-06-28 09:50:22,968 [ERROR] LogOutputStream:75 - [STDERR_REDIRECT] 
2025-06-28 09:50:23,977 [ERROR] LogOutputStream:75 - [STDERR_REDIRECT] [Fatal Error] :1:1: Premature end of file.
2025-06-28 09:50:23,977 [ERROR] LogOutputStream:75 - [STDERR_REDIRECT] 
2025-06-28 09:50:24,973 [ERROR] LogOutputStream:75 - [STDERR_REDIRECT] [Fatal Error] :1:1: Premature end of file.
2025-06-28 09:50:24,973 [ERROR] LogOutputStream:75 - [STDERR_REDIRECT] 
2025-06-28 09:50:25,980 [ERROR] LogOutputStream:75 - [STDERR_REDIRECT] [Fatal Error] :1:1: Premature end of file.
2025-06-28 09:50:25,980 [ERROR] LogOutputStream:75 - [STDERR_REDIRECT] 
2025-06-28 09:50:26,973 [ERROR] LogOutputStream:75 - [STDERR_REDIRECT] [Fatal Error] :1:1: Premature end of file.
2025-06-28 09:50:26,973 [ERROR] LogOutputStream:75 - [STDERR_REDIRECT] 
2025-06-28 09:50:27,994 [ERROR] LogOutputStream:75 - [STDERR_REDIRECT] [Fatal Error] :1:1: Premature end of file.
2025-06-28 09:50:27,994 [ERROR] LogOutputStream:75 - [STDERR_REDIRECT] 
2025-06-28 09:50:28,974 [ERROR] LogOutputStream:75 - [STDERR_REDIRECT] [Fatal Error] :1:1: Premature end of file.
2025-06-28 09:50:28,974 [ERROR] LogOutputStream:75 - [STDERR_REDIRECT] 
2025-06-28 09:50:29,983 [ERROR] LogOutputStream:75 - [STDERR_REDIRECT] [Fatal Error] :1:1: Premature end of file.
2025-06-28 09:50:29,983 [ERROR] LogOutputStream:75 - [STDERR_REDIRECT] 
2025-06-28 09:50:30,991 [ERROR] LogOutputStream:75 - [STDERR_REDIRECT] [Fatal Error] :1:1: Premature end of file.
2025-06-28 09:50:30,991 [ERROR] LogOutputStream:75 - [STDERR_REDIRECT] 
2025-06-28 09:50:31,977 [ERROR] LogOutputStream:75 - [STDERR_REDIRECT] [Fatal Error] :1:1: Premature end of file.
2025-06-28 09:50:31,977 [ERROR] LogOutputStream:75 - [STDERR_REDIRECT] 
2025-06-28 09:50:32,978 [ERROR] LogOutputStream:75 - [STDERR_REDIRECT] [Fatal Error] :1:1: Premature end of file.
2025-06-28 09:50:32,978 [ERROR] LogOutputStream:75 - [STDERR_REDIRECT] 
2025-06-28 09:50:33,971 [ERROR] LogOutputStream:75 - [STDERR_REDIRECT] [Fatal Error] :1:1: Premature end of file.
2025-06-28 09:50:33,971 [ERROR] LogOutputStream:75 - [STDERR_REDIRECT] 
2025-06-28 09:50:34,984 [ERROR] LogOutputStream:75 - [STDERR_REDIRECT] [Fatal Error] :1:1: Premature end of file.
2025-06-28 09:50:34,984 [ERROR] LogOutputStream:75 - [STDERR_REDIRECT] 
2025-06-28 09:50:35,972 [ERROR] LogOutputStream:75 - [STDERR_REDIRECT] [Fatal Error] :1:1: Premature end of file.
2025-06-28 09:50:35,972 [ERROR] LogOutputStream:75 - [STDERR_REDIRECT] 
2025-06-28 09:50:36,988 [ERROR] LogOutputStream:75 - [STDERR_REDIRECT] [Fatal Error] :1:1: Premature end of file.
2025-06-28 09:50:36,988 [ERROR] LogOutputStream:75 - [STDERR_REDIRECT] 
2025-06-28 09:50:37,974 [ERROR] LogOutputStream:75 - [STDERR_REDIRECT] [Fatal Error] :1:1: Premature end of file.
2025-06-28 09:50:37,974 [ERROR] LogOutputStream:75 - [STDERR_REDIRECT] 
2025-06-28 09:50:38,968 [ERROR] LogOutputStream:75 - [STDERR_REDIRECT] [Fatal Error] :1:1: Premature end of file.
2025-06-28 09:50:38,968 [ERROR] LogOutputStream:75 - [STDERR_REDIRECT] 
2025-06-28 09:50:39,979 [ERROR] LogOutputStream:75 - [STDERR_REDIRECT] [Fatal Error] :1:1: Premature end of file.
2025-06-28 09:50:39,979 [ERROR] LogOutputStream:75 - [STDERR_REDIRECT] 
2025-06-28 09:50:40,988 [ERROR] LogOutputStream:75 - [STDERR_REDIRECT] [Fatal Error] :1:1: Premature end of file.
2025-06-28 09:50:40,988 [ERROR] LogOutputStream:75 - [STDERR_REDIRECT] 
2025-06-28 09:50:41,966 [ERROR] LogOutputStream:75 - [STDERR_REDIRECT] [Fatal Error] :1:1: Premature end of file.
2025-06-28 09:50:41,966 [ERROR] LogOutputStream:75 - [STDERR_REDIRECT] 
2025-06-28 09:50:42,986 [ERROR] LogOutputStream:75 - [STDERR_REDIRECT] [Fatal Error] :1:1: Premature end of file.
2025-06-28 09:50:42,986 [ERROR] LogOutputStream:75 - [STDERR_REDIRECT] 
2025-06-28 09:50:43,968 [ERROR] LogOutputStream:75 - [STDERR_REDIRECT] [Fatal Error] :1:1: Premature end of file.
2025-06-28 09:50:43,968 [ERROR] LogOutputStream:75 - [STDERR_REDIRECT] 
2025-06-28 09:50:44,985 [ERROR] LogOutputStream:75 - [STDERR_REDIRECT] [Fatal Error] :1:1: Premature end of file.
2025-06-28 09:50:44,985 [ERROR] LogOutputStream:75 - [STDERR_REDIRECT] 
2025-06-28 09:50:45,973 [ERROR] LogOutputStream:75 - [STDERR_REDIRECT] [Fatal Error] :1:1: Premature end of file.
2025-06-28 09:50:45,973 [ERROR] LogOutputStream:75 - [STDERR_REDIRECT] 
2025-06-28 09:50:46,981 [ERROR] LogOutputStream:75 - [STDERR_REDIRECT] [Fatal Error] :1:1: Premature end of file.
2025-06-28 09:50:46,981 [ERROR] LogOutputStream:75 - [STDERR_REDIRECT] 
2025-06-28 09:50:47,988 [ERROR] LogOutputStream:75 - [STDERR_REDIRECT] [Fatal Error] :1:1: Premature end of file.
2025-06-28 09:50:47,988 [ERROR] LogOutputStream:75 - [STDERR_REDIRECT] 
2025-06-28 09:50:48,959 [ERROR] LogOutputStream:75 - [STDERR_REDIRECT] [Fatal Error] :1:1: Premature end of file.
2025-06-28 09:50:48,959 [ERROR] LogOutputStream:75 - [STDERR_REDIRECT] 
2025-06-28 09:50:49,969 [ERROR] LogOutputStream:75 - [STDERR_REDIRECT] [Fatal Error] :1:1: Premature end of file.
2025-06-28 09:50:49,969 [ERROR] LogOutputStream:75 - [STDERR_REDIRECT] 
2025-06-28 09:50:50,981 [ERROR] LogOutputStream:75 - [STDERR_REDIRECT] [Fatal Error] :1:1: Premature end of file.
2025-06-28 09:50:50,981 [ERROR] LogOutputStream:75 - [STDERR_REDIRECT] 
2025-06-28 09:50:51,989 [ERROR] LogOutputStream:75 - [STDERR_REDIRECT] [Fatal Error] :1:1: Premature end of file.
2025-06-28 09:50:51,989 [ERROR] LogOutputStream:75 - [STDERR_REDIRECT] 
2025-06-28 09:50:52,969 [ERROR] LogOutputStream:75 - [STDERR_REDIRECT] [Fatal Error] :1:1: Premature end of file.
2025-06-28 09:50:52,969 [ERROR] LogOutputStream:75 - [STDERR_REDIRECT] 
2025-06-28 09:50:53,992 [ERROR] LogOutputStream:75 - [STDERR_REDIRECT] [Fatal Error] :1:1: Premature end of file.
2025-06-28 09:50:53,992 [ERROR] LogOutputStream:75 - [STDERR_REDIRECT] 
2025-06-28 09:50:54,968 [ERROR] LogOutputStream:75 - [STDERR_REDIRECT] [Fatal Error] :1:1: Premature end of file.
2025-06-28 09:50:54,968 [ERROR] LogOutputStream:75 - [STDERR_REDIRECT] 
2025-06-28 09:50:55,976 [ERROR] LogOutputStream:75 - [STDERR_REDIRECT] [Fatal Error] :1:1: Premature end of file.
2025-06-28 09:50:55,976 [ERROR] LogOutputStream:75 - [STDERR_REDIRECT] 
2025-06-28 09:50:56,972 [ERROR] LogOutputStream:75 - [STDERR_REDIRECT] [Fatal Error] :1:1: Premature end of file.
2025-06-28 09:50:56,972 [ERROR] LogOutputStream:75 - [STDERR_REDIRECT] 
2025-06-28 09:50:57,982 [ERROR] LogOutputStream:75 - [STDERR_REDIRECT] [Fatal Error] :1:1: Premature end of file.
2025-06-28 09:50:57,982 [ERROR] LogOutputStream:75 - [STDERR_REDIRECT] 
2025-06-28 09:50:58,981 [ERROR] LogOutputStream:75 - [STDERR_REDIRECT] [Fatal Error] :1:1: Premature end of file.
2025-06-28 09:50:58,981 [ERROR] LogOutputStream:75 - [STDERR_REDIRECT] 
2025-06-28 09:50:59,965 [ERROR] LogOutputStream:75 - [STDERR_REDIRECT] [Fatal Error] :1:1: Premature end of file.
2025-06-28 09:50:59,965 [ERROR] LogOutputStream:75 - [STDERR_REDIRECT] 
2025-06-28 09:51:00,973 [ERROR] LogOutputStream:75 - [STDERR_REDIRECT] [Fatal Error] :1:1: Premature end of file.
2025-06-28 09:51:00,973 [ERROR] LogOutputStream:75 - [STDERR_REDIRECT] 
2025-06-28 09:51:01,966 [ERROR] LogOutputStream:75 - [STDERR_REDIRECT] [Fatal Error] :1:1: Premature end of file.
2025-06-28 09:51:01,966 [ERROR] LogOutputStream:75 - [STDERR_REDIRECT] 
2025-06-28 09:51:02,973 [ERROR] LogOutputStream:75 - [STDERR_REDIRECT] [Fatal Error] :1:1: Premature end of file.
2025-06-28 09:51:02,973 [ERROR] LogOutputStream:75 - [STDERR_REDIRECT] 
2025-06-28 09:51:03,984 [ERROR] LogOutputStream:75 - [STDERR_REDIRECT] [Fatal Error] :1:1: Premature end of file.
2025-06-28 09:51:03,984 [ERROR] LogOutputStream:75 - [STDERR_REDIRECT] 
2025-06-28 09:51:04,977 [ERROR] LogOutputStream:75 - [STDERR_REDIRECT] [Fatal Error] :1:1: Premature end of file.
2025-06-28 09:51:04,977 [ERROR] LogOutputStream:75 - [STDERR_REDIRECT] 
2025-06-28 09:51:05,971 [ERROR] LogOutputStream:75 - [STDERR_REDIRECT] [Fatal Error] :1:1: Premature end of file.
2025-06-28 09:51:05,971 [ERROR] LogOutputStream:75 - [STDERR_REDIRECT] 
2025-06-28 09:51:06,982 [ERROR] LogOutputStream:75 - [STDERR_REDIRECT] [Fatal Error] :1:1: Premature end of file.
2025-06-28 09:51:06,982 [ERROR] LogOutputStream:75 - [STDERR_REDIRECT] 
2025-06-28 09:51:07,990 [ERROR] LogOutputStream:75 - [STDERR_REDIRECT] [Fatal Error] :1:1: Premature end of file.
2025-06-28 09:51:07,990 [ERROR] LogOutputStream:75 - [STDERR_REDIRECT] 
2025-06-28 09:51:08,969 [ERROR] LogOutputStream:75 - [STDERR_REDIRECT] [Fatal Error] :1:1: Premature end of file.
2025-06-28 09:51:08,979 [ERROR] LogOutputStream:75 - [STDERR_REDIRECT] 
2025-06-28 09:51:09,986 [ERROR] LogOutputStream:75 - [STDERR_REDIRECT] [Fatal Error] :1:1: Premature end of file.
2025-06-28 09:51:09,986 [ERROR] LogOutputStream:75 - [STDERR_REDIRECT] 
2025-06-28 09:51:10,981 [ERROR] LogOutputStream:75 - [STDERR_REDIRECT] [Fatal Error] :1:1: Premature end of file.
2025-06-28 09:51:10,981 [ERROR] LogOutputStream:75 - [STDERR_REDIRECT] 
2025-06-28 09:51:11,968 [ERROR] LogOutputStream:75 - [STDERR_REDIRECT] [Fatal Error] :1:1: Premature end of file.
2025-06-28 09:51:11,968 [ERROR] LogOutputStream:75 - [STDERR_REDIRECT] 
2025-06-28 09:51:12,991 [ERROR] LogOutputStream:75 - [STDERR_REDIRECT] [Fatal Error] :1:1: Premature end of file.
2025-06-28 09:51:12,991 [ERROR] LogOutputStream:75 - [STDERR_REDIRECT] 
2025-06-28 09:51:13,956 [ERROR] LogOutputStream:75 - [STDERR_REDIRECT] [Fatal Error] :1:1: Premature end of file.
2025-06-28 09:51:13,956 [ERROR] LogOutputStream:75 - [STDERR_REDIRECT] 
2025-06-28 09:51:14,980 [ERROR] LogOutputStream:75 - [STDERR_REDIRECT] [Fatal Error] :1:1: Premature end of file.
2025-06-28 09:51:14,980 [ERROR] LogOutputStream:75 - [STDERR_REDIRECT] 
2025-06-28 09:51:15,991 [ERROR] LogOutputStream:75 - [STDERR_REDIRECT] [Fatal Error] :1:1: Premature end of file.
2025-06-28 09:51:15,991 [ERROR] LogOutputStream:75 - [STDERR_REDIRECT] 
2025-06-28 09:51:16,969 [ERROR] LogOutputStream:75 - [STDERR_REDIRECT] [Fatal Error] :1:1: Premature end of file.
2025-06-28 09:51:16,969 [ERROR] LogOutputStream:75 - [STDERR_REDIRECT] 
2025-06-28 09:51:17,980 [ERROR] LogOutputStream:75 - [STDERR_REDIRECT] [Fatal Error] :1:1: Premature end of file.
2025-06-28 09:51:17,980 [ERROR] LogOutputStream:75 - [STDERR_REDIRECT] 
2025-06-28 09:51:18,968 [ERROR] LogOutputStream:75 - [STDERR_REDIRECT] [Fatal Error] :1:1: Premature end of file.
2025-06-28 09:51:18,968 [ERROR] LogOutputStream:75 - [STDERR_REDIRECT] 
2025-06-28 09:51:19,990 [ERROR] LogOutputStream:75 - [STDERR_REDIRECT] [Fatal Error] :1:1: Premature end of file.
2025-06-28 09:51:19,990 [ERROR] LogOutputStream:75 - [STDERR_REDIRECT] 
2025-06-28 09:51:20,968 [ERROR] LogOutputStream:75 - [STDERR_REDIRECT] [Fatal Error] :1:1: Premature end of file.
2025-06-28 09:51:20,968 [ERROR] LogOutputStream:75 - [STDERR_REDIRECT] 
2025-06-28 09:51:21,977 [ERROR] LogOutputStream:75 - [STDERR_REDIRECT] [Fatal Error] :1:1: Premature end of file.
2025-06-28 09:51:21,977 [ERROR] LogOutputStream:75 - [STDERR_REDIRECT] 
2025-06-28 09:51:22,971 [ERROR] LogOutputStream:75 - [STDERR_REDIRECT] [Fatal Error] :1:1: Premature end of file.
2025-06-28 09:51:22,971 [ERROR] LogOutputStream:75 - [STDERR_REDIRECT] 
2025-06-28 09:51:23,984 [ERROR] LogOutputStream:75 - [STDERR_REDIRECT] [Fatal Error] :1:1: Premature end of file.
2025-06-28 09:51:23,984 [ERROR] LogOutputStream:75 - [STDERR_REDIRECT] 
2025-06-28 09:51:24,982 [ERROR] LogOutputStream:75 - [STDERR_REDIRECT] [Fatal Error] :1:1: Premature end of file.
2025-06-28 09:51:24,982 [ERROR] LogOutputStream:75 - [STDERR_REDIRECT] 
2025-06-28 09:51:25,984 [ERROR] LogOutputStream:75 - [STDERR_REDIRECT] [Fatal Error] :1:1: Premature end of file.
2025-06-28 09:51:25,984 [ERROR] LogOutputStream:75 - [STDERR_REDIRECT] 
2025-06-28 09:51:26,993 [ERROR] LogOutputStream:75 - [STDERR_REDIRECT] [Fatal Error] :1:1: Premature end of file.
2025-06-28 09:51:26,993 [ERROR] LogOutputStream:75 - [STDERR_REDIRECT] 
2025-06-28 09:51:27,986 [ERROR] LogOutputStream:75 - [STDERR_REDIRECT] [Fatal Error] :1:1: Premature end of file.
2025-06-28 09:51:27,986 [ERROR] LogOutputStream:75 - [STDERR_REDIRECT] 
2025-06-28 09:51:28,981 [ERROR] LogOutputStream:75 - [STDERR_REDIRECT] [Fatal Error] :1:1: Premature end of file.
2025-06-28 09:51:28,981 [ERROR] LogOutputStream:75 - [STDERR_REDIRECT] 
2025-06-28 09:51:29,989 [ERROR] LogOutputStream:75 - [STDERR_REDIRECT] [Fatal Error] :1:1: Premature end of file.
2025-06-28 09:51:29,989 [ERROR] LogOutputStream:75 - [STDERR_REDIRECT] 
2025-06-28 09:51:30,982 [ERROR] LogOutputStream:75 - [STDERR_REDIRECT] [Fatal Error] :1:1: Premature end of file.
2025-06-28 09:51:30,982 [ERROR] LogOutputStream:75 - [STDERR_REDIRECT] 
2025-06-28 09:51:31,975 [ERROR] LogOutputStream:75 - [STDERR_REDIRECT] [Fatal Error] :1:1: Premature end of file.
2025-06-28 09:51:31,975 [ERROR] LogOutputStream:75 - [STDERR_REDIRECT] 
2025-06-28 09:51:32,970 [ERROR] LogOutputStream:75 - [STDERR_REDIRECT] [Fatal Error] :1:1: Premature end of file.
2025-06-28 09:51:32,970 [ERROR] LogOutputStream:75 - [STDERR_REDIRECT] 
2025-06-28 09:51:33,980 [ERROR] LogOutputStream:75 - [STDERR_REDIRECT] [Fatal Error] :1:1: Premature end of file.
2025-06-28 09:51:33,980 [ERROR] LogOutputStream:75 - [STDERR_REDIRECT] 
2025-06-28 09:51:34,974 [ERROR] LogOutputStream:75 - [STDERR_REDIRECT] [Fatal Error] :1:1: Premature end of file.
2025-06-28 09:51:34,974 [ERROR] LogOutputStream:75 - [STDERR_REDIRECT] 
2025-06-28 09:51:35,968 [ERROR] LogOutputStream:75 - [STDERR_REDIRECT] [Fatal Error] :1:1: Premature end of file.
2025-06-28 09:51:35,968 [ERROR] LogOutputStream:75 - [STDERR_REDIRECT] 
2025-06-28 09:51:36,974 [ERROR] LogOutputStream:75 - [STDERR_REDIRECT] [Fatal Error] :1:1: Premature end of file.
2025-06-28 09:51:36,974 [ERROR] LogOutputStream:75 - [STDERR_REDIRECT] 
2025-06-28 09:51:37,983 [ERROR] LogOutputStream:75 - [STDERR_REDIRECT] [Fatal Error] :1:1: Premature end of file.
2025-06-28 09:51:37,983 [ERROR] LogOutputStream:75 - [STDERR_REDIRECT] 
2025-06-28 09:51:38,974 [ERROR] LogOutputStream:75 - [STDERR_REDIRECT] [Fatal Error] :1:1: Premature end of file.
2025-06-28 09:51:38,974 [ERROR] LogOutputStream:75 - [STDERR_REDIRECT] 
2025-06-28 09:51:39,978 [ERROR] LogOutputStream:75 - [STDERR_REDIRECT] [Fatal Error] :1:1: Premature end of file.
2025-06-28 09:51:39,978 [ERROR] LogOutputStream:75 - [STDERR_REDIRECT] 
2025-06-28 09:51:40,979 [ERROR] LogOutputStream:75 - [STDERR_REDIRECT] [Fatal Error] :1:1: Premature end of file.
2025-06-28 09:51:40,979 [ERROR] LogOutputStream:75 - [STDERR_REDIRECT] 
2025-06-28 09:51:41,980 [ERROR] LogOutputStream:75 - [STDERR_REDIRECT] [Fatal Error] :1:1: Premature end of file.
2025-06-28 09:51:41,980 [ERROR] LogOutputStream:75 - [STDERR_REDIRECT] 
2025-06-28 09:51:42,967 [ERROR] LogOutputStream:75 - [STDERR_REDIRECT] [Fatal Error] :1:1: Premature end of file.
2025-06-28 09:51:42,967 [ERROR] LogOutputStream:75 - [STDERR_REDIRECT] 
2025-06-28 09:51:43,986 [ERROR] LogOutputStream:75 - [STDERR_REDIRECT] [Fatal Error] :1:1: Premature end of file.
2025-06-28 09:51:43,986 [ERROR] LogOutputStream:75 - [STDERR_REDIRECT] 
2025-06-28 09:51:44,983 [ERROR] LogOutputStream:75 - [STDERR_REDIRECT] [Fatal Error] :1:1: Premature end of file.
2025-06-28 09:51:44,983 [ERROR] LogOutputStream:75 - [STDERR_REDIRECT] 
2025-06-28 09:51:45,988 [ERROR] LogOutputStream:75 - [STDERR_REDIRECT] [Fatal Error] :1:1: Premature end of file.
2025-06-28 09:51:45,989 [ERROR] LogOutputStream:75 - [STDERR_REDIRECT] 
2025-06-28 09:51:47,052 [ERROR] LogOutputStream:75 - [STDERR_REDIRECT] [Fatal Error] :1:1: Premature end of file.
2025-06-28 09:51:47,053 [ERROR] LogOutputStream:75 - [STDERR_REDIRECT] 
2025-06-28 09:51:47,999 [ERROR] LogOutputStream:75 - [STDERR_REDIRECT] [Fatal Error] :1:1: Premature end of file.
2025-06-28 09:51:48,000 [ERROR] LogOutputStream:75 - [STDERR_REDIRECT] 
2025-06-28 09:51:49,002 [ERROR] LogOutputStream:75 - [STDERR_REDIRECT] [Fatal Error] :1:1: Premature end of file.
2025-06-28 09:51:49,002 [ERROR] LogOutputStream:75 - [STDERR_REDIRECT] 
2025-06-28 09:51:49,995 [ERROR] LogOutputStream:75 - [STDERR_REDIRECT] [Fatal Error] :1:1: Premature end of file.
2025-06-28 09:51:49,995 [ERROR] LogOutputStream:75 - [STDERR_REDIRECT] 
2025-06-28 09:51:50,994 [ERROR] LogOutputStream:75 - [STDERR_REDIRECT] [Fatal Error] :1:1: Premature end of file.
2025-06-28 09:51:50,994 [ERROR] LogOutputStream:75 - [STDERR_REDIRECT] 
2025-06-28 09:51:51,999 [ERROR] LogOutputStream:75 - [STDERR_REDIRECT] [Fatal Error] :1:1: Premature end of file.
2025-06-28 09:51:51,999 [ERROR] LogOutputStream:75 - [STDERR_REDIRECT] 
2025-06-28 09:51:52,995 [ERROR] LogOutputStream:75 - [STDERR_REDIRECT] [Fatal Error] :1:1: Premature end of file.
2025-06-28 09:51:52,995 [ERROR] LogOutputStream:75 - [STDERR_REDIRECT] 
2025-06-28 09:51:53,995 [ERROR] LogOutputStream:75 - [STDERR_REDIRECT] [Fatal Error] :1:1: Premature end of file.
2025-06-28 09:51:53,995 [ERROR] LogOutputStream:75 - [STDERR_REDIRECT] 
2025-06-28 09:51:54,967 [ERROR] LogOutputStream:75 - [STDERR_REDIRECT] [Fatal Error] :1:1: Premature end of file.
2025-06-28 09:51:54,967 [ERROR] LogOutputStream:75 - [STDERR_REDIRECT] 
2025-06-28 09:51:55,977 [ERROR] LogOutputStream:75 - [STDERR_REDIRECT] [Fatal Error] :1:1: Premature end of file.
2025-06-28 09:51:55,977 [ERROR] LogOutputStream:75 - [STDERR_REDIRECT] 
2025-06-28 09:51:56,984 [ERROR] LogOutputStream:75 - [STDERR_REDIRECT] [Fatal Error] :1:1: Premature end of file.
2025-06-28 09:51:56,984 [ERROR] LogOutputStream:75 - [STDERR_REDIRECT] 
2025-06-28 09:51:58,003 [ERROR] LogOutputStream:75 - [STDERR_REDIRECT] [Fatal Error] :1:1: Premature end of file.
2025-06-28 09:51:58,003 [ERROR] LogOutputStream:75 - [STDERR_REDIRECT] 
2025-06-28 09:51:58,990 [ERROR] LogOutputStream:75 - [STDERR_REDIRECT] [Fatal Error] :1:1: Premature end of file.
2025-06-28 09:51:58,990 [ERROR] LogOutputStream:75 - [STDERR_REDIRECT] 
2025-06-28 09:51:59,994 [ERROR] LogOutputStream:75 - [STDERR_REDIRECT] [Fatal Error] :1:1: Premature end of file.
2025-06-28 09:51:59,994 [ERROR] LogOutputStream:75 - [STDERR_REDIRECT] 
2025-06-28 09:52:00,986 [ERROR] LogOutputStream:75 - [STDERR_REDIRECT] [Fatal Error] :1:1: Premature end of file.
2025-06-28 09:52:00,986 [ERROR] LogOutputStream:75 - [STDERR_REDIRECT] 
2025-06-28 09:52:01,999 [ERROR] LogOutputStream:75 - [STDERR_REDIRECT] [Fatal Error] :1:1: Premature end of file.
2025-06-28 09:52:02,000 [ERROR] LogOutputStream:75 - [STDERR_REDIRECT] 
2025-06-28 09:52:02,985 [ERROR] LogOutputStream:75 - [STDERR_REDIRECT] [Fatal Error] :1:1: Premature end of file.
2025-06-28 09:52:02,985 [ERROR] LogOutputStream:75 - [STDERR_REDIRECT] 
2025-06-28 09:52:03,991 [ERROR] LogOutputStream:75 - [STDERR_REDIRECT] [Fatal Error] :1:1: Premature end of file.
2025-06-28 09:52:03,992 [ERROR] LogOutputStream:75 - [STDERR_REDIRECT] 
2025-06-28 09:52:04,988 [ERROR] LogOutputStream:75 - [STDERR_REDIRECT] [Fatal Error] :1:1: Premature end of file.
2025-06-28 09:52:04,989 [ERROR] LogOutputStream:75 - [STDERR_REDIRECT] 
2025-06-28 09:52:05,991 [ERROR] LogOutputStream:75 - [STDERR_REDIRECT] [Fatal Error] :1:1: Premature end of file.
2025-06-28 09:52:05,991 [ERROR] LogOutputStream:75 - [STDERR_REDIRECT] 
2025-06-28 09:52:06,983 [ERROR] LogOutputStream:75 - [STDERR_REDIRECT] [Fatal Error] :1:1: Premature end of file.
2025-06-28 09:52:06,984 [ERROR] LogOutputStream:75 - [STDERR_REDIRECT] 
2025-06-28 09:52:07,988 [ERROR] LogOutputStream:75 - [STDERR_REDIRECT] [Fatal Error] :1:1: Premature end of file.
2025-06-28 09:52:07,988 [ERROR] LogOutputStream:75 - [STDERR_REDIRECT] 
2025-06-28 09:52:08,994 [ERROR] LogOutputStream:75 - [STDERR_REDIRECT] [Fatal Error] :1:1: Premature end of file.
2025-06-28 09:52:08,994 [ERROR] LogOutputStream:75 - [STDERR_REDIRECT] 
2025-06-28 09:52:09,997 [ERROR] LogOutputStream:75 - [STDERR_REDIRECT] [Fatal Error] :1:1: Premature end of file.
2025-06-28 09:52:09,998 [ERROR] LogOutputStream:75 - [STDERR_REDIRECT] 
2025-06-28 09:52:10,983 [ERROR] LogOutputStream:75 - [STDERR_REDIRECT] [Fatal Error] :1:1: Premature end of file.
2025-06-28 09:52:10,984 [ERROR] LogOutputStream:75 - [STDERR_REDIRECT] 
2025-06-28 09:52:11,987 [ERROR] LogOutputStream:75 - [STDERR_REDIRECT] [Fatal Error] :1:1: Premature end of file.
2025-06-28 09:52:11,987 [ERROR] LogOutputStream:75 - [STDERR_REDIRECT] 
2025-06-28 09:52:12,992 [ERROR] LogOutputStream:75 - [STDERR_REDIRECT] [Fatal Error] :1:1: Premature end of file.
2025-06-28 09:52:12,992 [ERROR] LogOutputStream:75 - [STDERR_REDIRECT] 
2025-06-28 09:52:13,990 [ERROR] LogOutputStream:75 - [STDERR_REDIRECT] [Fatal Error] :1:1: Premature end of file.
2025-06-28 09:52:13,990 [ERROR] LogOutputStream:75 - [STDERR_REDIRECT] 
2025-06-28 09:52:14,994 [ERROR] LogOutputStream:75 - [STDERR_REDIRECT] [Fatal Error] :1:1: Premature end of file.
2025-06-28 09:52:14,994 [ERROR] LogOutputStream:75 - [STDERR_REDIRECT] 
2025-06-28 09:52:15,991 [ERROR] LogOutputStream:75 - [STDERR_REDIRECT] [Fatal Error] :1:1: Premature end of file.
2025-06-28 09:52:15,992 [ERROR] LogOutputStream:75 - [STDERR_REDIRECT] 
2025-06-28 09:52:16,991 [ERROR] LogOutputStream:75 - [STDERR_REDIRECT] [Fatal Error] :1:1: Premature end of file.
2025-06-28 09:52:16,992 [ERROR] LogOutputStream:75 - [STDERR_REDIRECT] 
2025-06-28 09:52:17,989 [ERROR] LogOutputStream:75 - [STDERR_REDIRECT] [Fatal Error] :1:1: Premature end of file.
2025-06-28 09:52:17,989 [ERROR] LogOutputStream:75 - [STDERR_REDIRECT] 
2025-06-28 09:52:19,001 [ERROR] LogOutputStream:75 - [STDERR_REDIRECT] [Fatal Error] :1:1: Premature end of file.
2025-06-28 09:52:19,001 [ERROR] LogOutputStream:75 - [STDERR_REDIRECT] 
2025-06-28 09:52:19,973 [ERROR] LogOutputStream:75 - [STDERR_REDIRECT] [Fatal Error] :1:1: Premature end of file.
2025-06-28 09:52:19,973 [ERROR] LogOutputStream:75 - [STDERR_REDIRECT] 
2025-06-28 09:52:20,985 [ERROR] LogOutputStream:75 - [STDERR_REDIRECT] [Fatal Error] :1:1: Premature end of file.
2025-06-28 09:52:20,985 [ERROR] LogOutputStream:75 - [STDERR_REDIRECT] 
2025-06-28 09:52:21,976 [ERROR] LogOutputStream:75 - [STDERR_REDIRECT] [Fatal Error] :1:1: Premature end of file.
2025-06-28 09:52:21,976 [ERROR] LogOutputStream:75 - [STDERR_REDIRECT] 
2025-06-28 09:52:22,974 [ERROR] LogOutputStream:75 - [STDERR_REDIRECT] [Fatal Error] :1:1: Premature end of file.
2025-06-28 09:52:22,974 [ERROR] LogOutputStream:75 - [STDERR_REDIRECT] 
2025-06-28 09:52:23,995 [ERROR] LogOutputStream:75 - [STDERR_REDIRECT] [Fatal Error] :1:1: Premature end of file.
2025-06-28 09:52:23,995 [ERROR] LogOutputStream:75 - [STDERR_REDIRECT] 
2025-06-28 09:52:24,984 [ERROR] LogOutputStream:75 - [STDERR_REDIRECT] [Fatal Error] :1:1: Premature end of file.
2025-06-28 09:52:24,984 [ERROR] LogOutputStream:75 - [STDERR_REDIRECT] 
2025-06-28 09:52:25,974 [ERROR] LogOutputStream:75 - [STDERR_REDIRECT] [Fatal Error] :1:1: Premature end of file.
2025-06-28 09:52:25,974 [ERROR] LogOutputStream:75 - [STDERR_REDIRECT] 
2025-06-28 09:52:26,989 [ERROR] LogOutputStream:75 - [STDERR_REDIRECT] [Fatal Error] :1:1: Premature end of file.
2025-06-28 09:52:26,989 [ERROR] LogOutputStream:75 - [STDERR_REDIRECT] 
2025-06-28 09:52:27,982 [ERROR] LogOutputStream:75 - [STDERR_REDIRECT] [Fatal Error] :1:1: Premature end of file.
2025-06-28 09:52:27,982 [ERROR] LogOutputStream:75 - [STDERR_REDIRECT] 
2025-06-28 09:52:28,989 [ERROR] LogOutputStream:75 - [STDERR_REDIRECT] [Fatal Error] :1:1: Premature end of file.
2025-06-28 09:52:28,989 [ERROR] LogOutputStream:75 - [STDERR_REDIRECT] 
2025-06-28 09:52:29,985 [ERROR] LogOutputStream:75 - [STDERR_REDIRECT] [Fatal Error] :1:1: Premature end of file.
2025-06-28 09:52:29,985 [ERROR] LogOutputStream:75 - [STDERR_REDIRECT] 
2025-06-28 09:52:30,994 [ERROR] LogOutputStream:75 - [STDERR_REDIRECT] [Fatal Error] :1:1: Premature end of file.
2025-06-28 09:52:30,994 [ERROR] LogOutputStream:75 - [STDERR_REDIRECT] 
2025-06-28 09:52:31,992 [ERROR] LogOutputStream:75 - [STDERR_REDIRECT] [Fatal Error] :1:1: Premature end of file.
2025-06-28 09:52:31,993 [ERROR] LogOutputStream:75 - [STDERR_REDIRECT] 
2025-06-28 09:52:32,973 [ERROR] LogOutputStream:75 - [STDERR_REDIRECT] [Fatal Error] :1:1: Premature end of file.
2025-06-28 09:52:32,973 [ERROR] LogOutputStream:75 - [STDERR_REDIRECT] 
2025-06-28 09:52:33,982 [ERROR] LogOutputStream:75 - [STDERR_REDIRECT] [Fatal Error] :1:1: Premature end of file.
2025-06-28 09:52:33,987 [ERROR] LogOutputStream:75 - [STDERR_REDIRECT] 
2025-06-28 09:52:34,977 [ERROR] LogOutputStream:75 - [STDERR_REDIRECT] [Fatal Error] :1:1: Premature end of file.
2025-06-28 09:52:34,977 [ERROR] LogOutputStream:75 - [STDERR_REDIRECT] 
2025-06-28 09:52:35,996 [ERROR] LogOutputStream:75 - [STDERR_REDIRECT] [Fatal Error] :1:1: Premature end of file.
2025-06-28 09:52:35,996 [ERROR] LogOutputStream:75 - [STDERR_REDIRECT] 
2025-06-28 09:52:36,975 [ERROR] LogOutputStream:75 - [STDERR_REDIRECT] [Fatal Error] :1:1: Premature end of file.
2025-06-28 09:52:36,975 [ERROR] LogOutputStream:75 - [STDERR_REDIRECT] 
2025-06-28 09:52:37,957 [ERROR] LogOutputStream:75 - [STDERR_REDIRECT] [Fatal Error] :1:1: Premature end of file.
2025-06-28 09:52:37,957 [ERROR] LogOutputStream:75 - [STDERR_REDIRECT] 
2025-06-28 09:52:38,972 [ERROR] LogOutputStream:75 - [STDERR_REDIRECT] [Fatal Error] :1:1: Premature end of file.
2025-06-28 09:52:38,972 [ERROR] LogOutputStream:75 - [STDERR_REDIRECT] 
2025-06-28 09:52:39,985 [ERROR] LogOutputStream:75 - [STDERR_REDIRECT] [Fatal Error] :1:1: Premature end of file.
2025-06-28 09:52:39,985 [ERROR] LogOutputStream:75 - [STDERR_REDIRECT] 
2025-06-28 09:52:40,974 [ERROR] LogOutputStream:75 - [STDERR_REDIRECT] [Fatal Error] :1:1: Premature end of file.
2025-06-28 09:52:40,974 [ERROR] LogOutputStream:75 - [STDERR_REDIRECT] 
2025-06-28 09:52:41,977 [ERROR] LogOutputStream:75 - [STDERR_REDIRECT] [Fatal Error] :1:1: Premature end of file.
2025-06-28 09:52:41,978 [ERROR] LogOutputStream:75 - [STDERR_REDIRECT] 
2025-06-28 09:52:42,988 [ERROR] LogOutputStream:75 - [STDERR_REDIRECT] [Fatal Error] :1:1: Premature end of file.
2025-06-28 09:52:42,988 [ERROR] LogOutputStream:75 - [STDERR_REDIRECT] 
2025-06-28 09:52:43,944 [ERROR] LogOutputStream:75 - [STDERR_REDIRECT] [Fatal Error] :1:1: Premature end of file.
2025-06-28 09:52:43,954 [ERROR] LogOutputStream:75 - [STDERR_REDIRECT] 
2025-06-28 09:52:44,988 [ERROR] LogOutputStream:75 - [STDERR_REDIRECT] [Fatal Error] :1:1: Premature end of file.
2025-06-28 09:52:44,988 [ERROR] LogOutputStream:75 - [STDERR_REDIRECT] 
2025-06-28 09:52:45,968 [ERROR] LogOutputStream:75 - [STDERR_REDIRECT] [Fatal Error] :1:1: Premature end of file.
2025-06-28 09:52:45,968 [ERROR] LogOutputStream:75 - [STDERR_REDIRECT] 
2025-06-28 09:52:46,994 [ERROR] LogOutputStream:75 - [STDERR_REDIRECT] [Fatal Error] :1:1: Premature end of file.
2025-06-28 09:52:46,994 [ERROR] LogOutputStream:75 - [STDERR_REDIRECT] 
2025-06-28 09:52:47,986 [ERROR] LogOutputStream:75 - [STDERR_REDIRECT] [Fatal Error] :1:1: Premature end of file.
2025-06-28 09:52:47,986 [ERROR] LogOutputStream:75 - [STDERR_REDIRECT] 
2025-06-28 09:52:48,992 [ERROR] LogOutputStream:75 - [STDERR_REDIRECT] [Fatal Error] :1:1: Premature end of file.
2025-06-28 09:52:48,992 [ERROR] LogOutputStream:75 - [STDERR_REDIRECT] 
2025-06-28 09:52:49,991 [ERROR] LogOutputStream:75 - [STDERR_REDIRECT] [Fatal Error] :1:1: Premature end of file.
2025-06-28 09:52:49,992 [ERROR] LogOutputStream:75 - [STDERR_REDIRECT] 
2025-06-28 09:52:50,993 [ERROR] LogOutputStream:75 - [STDERR_REDIRECT] [Fatal Error] :1:1: Premature end of file.
2025-06-28 09:52:50,993 [ERROR] LogOutputStream:75 - [STDERR_REDIRECT] 
2025-06-28 09:52:51,995 [ERROR] LogOutputStream:75 - [STDERR_REDIRECT] [Fatal Error] :1:1: Premature end of file.
2025-06-28 09:52:51,996 [ERROR] LogOutputStream:75 - [STDERR_REDIRECT] 
2025-06-28 09:52:52,988 [ERROR] LogOutputStream:75 - [STDERR_REDIRECT] [Fatal Error] :1:1: Premature end of file.
2025-06-28 09:52:52,988 [ERROR] LogOutputStream:75 - [STDERR_REDIRECT] 
2025-06-28 09:52:53,995 [ERROR] LogOutputStream:75 - [STDERR_REDIRECT] [Fatal Error] :1:1: Premature end of file.
2025-06-28 09:52:53,995 [ERROR] LogOutputStream:75 - [STDERR_REDIRECT] 
2025-06-28 09:52:54,981 [ERROR] LogOutputStream:75 - [STDERR_REDIRECT] [Fatal Error] :1:1: Premature end of file.
2025-06-28 09:52:54,981 [ERROR] LogOutputStream:75 - [STDERR_REDIRECT] 
2025-06-28 09:52:55,991 [ERROR] LogOutputStream:75 - [STDERR_REDIRECT] [Fatal Error] :1:1: Premature end of file.
2025-06-28 09:52:55,991 [ERROR] LogOutputStream:75 - [STDERR_REDIRECT] 
2025-06-28 09:52:56,990 [ERROR] LogOutputStream:75 - [STDERR_REDIRECT] [Fatal Error] :1:1: Premature end of file.
2025-06-28 09:52:56,990 [ERROR] LogOutputStream:75 - [STDERR_REDIRECT] 
2025-06-28 09:52:57,983 [ERROR] LogOutputStream:75 - [STDERR_REDIRECT] [Fatal Error] :1:1: Premature end of file.
2025-06-28 09:52:57,984 [ERROR] LogOutputStream:75 - [STDERR_REDIRECT] 
2025-06-28 09:52:59,002 [ERROR] LogOutputStream:75 - [STDERR_REDIRECT] [Fatal Error] :1:1: Premature end of file.
2025-06-28 09:52:59,002 [ERROR] LogOutputStream:75 - [STDERR_REDIRECT] 
2025-06-28 09:52:59,973 [ERROR] LogOutputStream:75 - [STDERR_REDIRECT] [Fatal Error] :1:1: Premature end of file.
2025-06-28 09:52:59,973 [ERROR] LogOutputStream:75 - [STDERR_REDIRECT] 
2025-06-28 09:53:00,986 [ERROR] LogOutputStream:75 - [STDERR_REDIRECT] [Fatal Error] :1:1: Premature end of file.
2025-06-28 09:53:00,986 [ERROR] LogOutputStream:75 - [STDERR_REDIRECT] 
2025-06-28 09:53:01,986 [ERROR] LogOutputStream:75 - [STDERR_REDIRECT] [Fatal Error] :1:1: Premature end of file.
2025-06-28 09:53:01,986 [ERROR] LogOutputStream:75 - [STDERR_REDIRECT] 
2025-06-28 09:53:02,992 [ERROR] LogOutputStream:75 - [STDERR_REDIRECT] [Fatal Error] :1:1: Premature end of file.
2025-06-28 09:53:02,993 [ERROR] LogOutputStream:75 - [STDERR_REDIRECT] 
2025-06-28 09:53:03,988 [ERROR] LogOutputStream:75 - [STDERR_REDIRECT] [Fatal Error] :1:1: Premature end of file.
2025-06-28 09:53:03,988 [ERROR] LogOutputStream:75 - [STDERR_REDIRECT] 
2025-06-28 09:53:04,975 [ERROR] LogOutputStream:75 - [STDERR_REDIRECT] [Fatal Error] :1:1: Premature end of file.
2025-06-28 09:53:04,989 [ERROR] LogOutputStream:75 - [STDERR_REDIRECT] 
2025-06-28 09:53:05,989 [ERROR] LogOutputStream:75 - [STDERR_REDIRECT] [Fatal Error] :1:1: Premature end of file.
2025-06-28 09:53:05,989 [ERROR] LogOutputStream:75 - [STDERR_REDIRECT] 
2025-06-28 09:53:06,997 [ERROR] LogOutputStream:75 - [STDERR_REDIRECT] [Fatal Error] :1:1: Premature end of file.
2025-06-28 09:53:06,997 [ERROR] LogOutputStream:75 - [STDERR_REDIRECT] 
2025-06-28 09:53:07,991 [ERROR] LogOutputStream:75 - [STDERR_REDIRECT] [Fatal Error] :1:1: Premature end of file.
2025-06-28 09:53:07,991 [ERROR] LogOutputStream:75 - [STDERR_REDIRECT] 
2025-06-28 09:53:08,988 [ERROR] LogOutputStream:75 - [STDERR_REDIRECT] [Fatal Error] :1:1: Premature end of file.
2025-06-28 09:53:08,989 [ERROR] LogOutputStream:75 - [STDERR_REDIRECT] 
2025-06-28 09:53:09,974 [ERROR] LogOutputStream:75 - [STDERR_REDIRECT] [Fatal Error] :1:1: Premature end of file.
2025-06-28 09:53:09,974 [ERROR] LogOutputStream:75 - [STDERR_REDIRECT] 
2025-06-28 09:53:10,976 [ERROR] LogOutputStream:75 - [STDERR_REDIRECT] [Fatal Error] :1:1: Premature end of file.
2025-06-28 09:53:10,976 [ERROR] LogOutputStream:75 - [STDERR_REDIRECT] 
2025-06-28 09:53:11,987 [ERROR] LogOutputStream:75 - [STDERR_REDIRECT] [Fatal Error] :1:1: Premature end of file.
2025-06-28 09:53:11,987 [ERROR] LogOutputStream:75 - [STDERR_REDIRECT] 
2025-06-28 09:53:12,988 [ERROR] LogOutputStream:75 - [STDERR_REDIRECT] [Fatal Error] :1:1: Premature end of file.
2025-06-28 09:53:12,988 [ERROR] LogOutputStream:75 - [STDERR_REDIRECT] 
2025-06-28 09:53:13,987 [ERROR] LogOutputStream:75 - [STDERR_REDIRECT] [Fatal Error] :1:1: Premature end of file.
2025-06-28 09:53:13,987 [ERROR] LogOutputStream:75 - [STDERR_REDIRECT] 
2025-06-28 09:53:14,987 [ERROR] LogOutputStream:75 - [STDERR_REDIRECT] [Fatal Error] :1:1: Premature end of file.
2025-06-28 09:53:14,988 [ERROR] LogOutputStream:75 - [STDERR_REDIRECT] 
2025-06-28 09:53:15,986 [ERROR] LogOutputStream:75 - [STDERR_REDIRECT] [Fatal Error] :1:1: Premature end of file.
2025-06-28 09:53:15,986 [ERROR] LogOutputStream:75 - [STDERR_REDIRECT] 
2025-06-28 09:53:16,983 [ERROR] LogOutputStream:75 - [STDERR_REDIRECT] [Fatal Error] :1:1: Premature end of file.
2025-06-28 09:53:16,985 [ERROR] LogOutputStream:75 - [STDERR_REDIRECT] 
2025-06-28 09:53:17,977 [ERROR] LogOutputStream:75 - [STDERR_REDIRECT] [Fatal Error] :1:1: Premature end of file.
2025-06-28 09:53:17,977 [ERROR] LogOutputStream:75 - [STDERR_REDIRECT] 
2025-06-28 09:53:18,999 [ERROR] LogOutputStream:75 - [STDERR_REDIRECT] [Fatal Error] :1:1: Premature end of file.
2025-06-28 09:53:18,999 [ERROR] LogOutputStream:75 - [STDERR_REDIRECT] 
2025-06-28 09:53:19,980 [ERROR] LogOutputStream:75 - [STDERR_REDIRECT] [Fatal Error] :1:1: Premature end of file.
2025-06-28 09:53:19,980 [ERROR] LogOutputStream:75 - [STDERR_REDIRECT] 
2025-06-28 09:53:20,996 [ERROR] LogOutputStream:75 - [STDERR_REDIRECT] [Fatal Error] :1:1: Premature end of file.
2025-06-28 09:53:20,996 [ERROR] LogOutputStream:75 - [STDERR_REDIRECT] 
2025-06-28 09:53:21,989 [ERROR] LogOutputStream:75 - [STDERR_REDIRECT] [Fatal Error] :1:1: Premature end of file.
2025-06-28 09:53:21,990 [ERROR] LogOutputStream:75 - [STDERR_REDIRECT] 
2025-06-28 09:53:22,978 [ERROR] LogOutputStream:75 - [STDERR_REDIRECT] [Fatal Error] :1:1: Premature end of file.
2025-06-28 09:53:22,978 [ERROR] LogOutputStream:75 - [STDERR_REDIRECT] 
2025-06-28 09:53:23,983 [ERROR] LogOutputStream:75 - [STDERR_REDIRECT] [Fatal Error] :1:1: Premature end of file.
2025-06-28 09:53:23,983 [ERROR] LogOutputStream:75 - [STDERR_REDIRECT] 
2025-06-28 09:53:24,982 [ERROR] LogOutputStream:75 - [STDERR_REDIRECT] [Fatal Error] :1:1: Premature end of file.
2025-06-28 09:53:24,982 [ERROR] LogOutputStream:75 - [STDERR_REDIRECT] 
2025-06-28 09:53:25,980 [ERROR] LogOutputStream:75 - [STDERR_REDIRECT] [Fatal Error] :1:1: Premature end of file.
2025-06-28 09:53:25,980 [ERROR] LogOutputStream:75 - [STDERR_REDIRECT] 
2025-06-28 09:53:26,998 [ERROR] LogOutputStream:75 - [STDERR_REDIRECT] [Fatal Error] :1:1: Premature end of file.
2025-06-28 09:53:26,999 [ERROR] LogOutputStream:75 - [STDERR_REDIRECT] 
2025-06-28 09:53:27,983 [ERROR] LogOutputStream:75 - [STDERR_REDIRECT] [Fatal Error] :1:1: Premature end of file.
2025-06-28 09:53:27,983 [ERROR] LogOutputStream:75 - [STDERR_REDIRECT] 
2025-06-28 09:53:28,967 [ERROR] LogOutputStream:75 - [STDERR_REDIRECT] [Fatal Error] :1:1: Premature end of file.
2025-06-28 09:53:28,967 [ERROR] LogOutputStream:75 - [STDERR_REDIRECT] 
2025-06-28 09:53:29,996 [ERROR] LogOutputStream:75 - [STDERR_REDIRECT] [Fatal Error] :1:1: Premature end of file.
2025-06-28 09:53:29,997 [ERROR] LogOutputStream:75 - [STDERR_REDIRECT] 
2025-06-28 09:53:30,997 [ERROR] LogOutputStream:75 - [STDERR_REDIRECT] [Fatal Error] :1:1: Premature end of file.
2025-06-28 09:53:30,997 [ERROR] LogOutputStream:75 - [STDERR_REDIRECT] 
2025-06-28 09:53:31,969 [ERROR] LogOutputStream:75 - [STDERR_REDIRECT] [Fatal Error] :1:1: Premature end of file.
2025-06-28 09:53:31,969 [ERROR] LogOutputStream:75 - [STDERR_REDIRECT] 
2025-06-28 09:53:32,980 [ERROR] LogOutputStream:75 - [STDERR_REDIRECT] [Fatal Error] :1:1: Premature end of file.
2025-06-28 09:53:32,980 [ERROR] LogOutputStream:75 - [STDERR_REDIRECT] 
2025-06-28 09:53:33,978 [ERROR] LogOutputStream:75 - [STDERR_REDIRECT] [Fatal Error] :1:1: Premature end of file.
2025-06-28 09:53:33,978 [ERROR] LogOutputStream:75 - [STDERR_REDIRECT] 
2025-06-28 09:53:34,975 [ERROR] LogOutputStream:75 - [STDERR_REDIRECT] [Fatal Error] :1:1: Premature end of file.
2025-06-28 09:53:34,975 [ERROR] LogOutputStream:75 - [STDERR_REDIRECT] 
2025-06-28 09:53:35,988 [ERROR] LogOutputStream:75 - [STDERR_REDIRECT] [Fatal Error] :1:1: Premature end of file.
2025-06-28 09:53:35,988 [ERROR] LogOutputStream:75 - [STDERR_REDIRECT] 
2025-06-28 09:53:36,969 [ERROR] LogOutputStream:75 - [STDERR_REDIRECT] [Fatal Error] :1:1: Premature end of file.
2025-06-28 09:53:36,969 [ERROR] LogOutputStream:75 - [STDERR_REDIRECT] 
2025-06-28 09:53:37,996 [ERROR] LogOutputStream:75 - [STDERR_REDIRECT] [Fatal Error] :1:1: Premature end of file.
2025-06-28 09:53:38,002 [ERROR] LogOutputStream:75 - [STDERR_REDIRECT] 
2025-06-28 09:53:38,976 [ERROR] LogOutputStream:75 - [STDERR_REDIRECT] [Fatal Error] :1:1: Premature end of file.
2025-06-28 09:53:38,982 [ERROR] LogOutputStream:75 - [STDERR_REDIRECT] 
2025-06-28 09:53:39,988 [ERROR] LogOutputStream:75 - [STDERR_REDIRECT] [Fatal Error] :1:1: Premature end of file.
2025-06-28 09:53:39,988 [ERROR] LogOutputStream:75 - [STDERR_REDIRECT] 
2025-06-28 09:53:40,970 [ERROR] LogOutputStream:75 - [STDERR_REDIRECT] [Fatal Error] :1:1: Premature end of file.
2025-06-28 09:53:40,970 [ERROR] LogOutputStream:75 - [STDERR_REDIRECT] 
2025-06-28 09:53:41,974 [ERROR] LogOutputStream:75 - [STDERR_REDIRECT] [Fatal Error] :1:1: Premature end of file.
2025-06-28 09:53:41,974 [ERROR] LogOutputStream:75 - [STDERR_REDIRECT] 
2025-06-28 09:53:42,984 [ERROR] LogOutputStream:75 - [STDERR_REDIRECT] [Fatal Error] :1:1: Premature end of file.
2025-06-28 09:53:42,984 [ERROR] LogOutputStream:75 - [STDERR_REDIRECT] 
2025-06-28 09:53:43,986 [ERROR] LogOutputStream:75 - [STDERR_REDIRECT] [Fatal Error] :1:1: Premature end of file.
2025-06-28 09:53:43,986 [ERROR] LogOutputStream:75 - [STDERR_REDIRECT] 
2025-06-28 09:53:44,990 [ERROR] LogOutputStream:75 - [STDERR_REDIRECT] [Fatal Error] :1:1: Premature end of file.
2025-06-28 09:53:44,990 [ERROR] LogOutputStream:75 - [STDERR_REDIRECT] 
2025-06-28 09:53:45,975 [ERROR] LogOutputStream:75 - [STDERR_REDIRECT] [Fatal Error] :1:1: Premature end of file.
2025-06-28 09:53:45,975 [ERROR] LogOutputStream:75 - [STDERR_REDIRECT] 
2025-06-28 09:53:46,988 [ERROR] LogOutputStream:75 - [STDERR_REDIRECT] [Fatal Error] :1:1: Premature end of file.
2025-06-28 09:53:46,988 [ERROR] LogOutputStream:75 - [STDERR_REDIRECT] 
2025-06-28 09:53:47,972 [ERROR] LogOutputStream:75 - [STDERR_REDIRECT] [Fatal Error] :1:1: Premature end of file.
2025-06-28 09:53:47,972 [ERROR] LogOutputStream:75 - [STDERR_REDIRECT] 
2025-06-28 09:53:48,970 [ERROR] LogOutputStream:75 - [STDERR_REDIRECT] [Fatal Error] :1:1: Premature end of file.
2025-06-28 09:53:48,970 [ERROR] LogOutputStream:75 - [STDERR_REDIRECT] 
2025-06-28 09:53:49,973 [ERROR] LogOutputStream:75 - [STDERR_REDIRECT] [Fatal Error] :1:1: Premature end of file.
2025-06-28 09:53:49,973 [ERROR] LogOutputStream:75 - [STDERR_REDIRECT] 
2025-06-28 09:53:50,966 [ERROR] LogOutputStream:75 - [STDERR_REDIRECT] [Fatal Error] :1:1: Premature end of file.
2025-06-28 09:53:50,966 [ERROR] LogOutputStream:75 - [STDERR_REDIRECT] 
2025-06-28 09:53:51,977 [ERROR] LogOutputStream:75 - [STDERR_REDIRECT] [Fatal Error] :1:1: Premature end of file.
2025-06-28 09:53:51,977 [ERROR] LogOutputStream:75 - [STDERR_REDIRECT] 
2025-06-28 09:53:52,974 [ERROR] LogOutputStream:75 - [STDERR_REDIRECT] [Fatal Error] :1:1: Premature end of file.
2025-06-28 09:53:52,974 [ERROR] LogOutputStream:75 - [STDERR_REDIRECT] 
2025-06-28 09:53:53,977 [ERROR] LogOutputStream:75 - [STDERR_REDIRECT] [Fatal Error] :1:1: Premature end of file.
2025-06-28 09:53:53,977 [ERROR] LogOutputStream:75 - [STDERR_REDIRECT] 
2025-06-28 09:53:54,980 [ERROR] LogOutputStream:75 - [STDERR_REDIRECT] [Fatal Error] :1:1: Premature end of file.
2025-06-28 09:53:54,980 [ERROR] LogOutputStream:75 - [STDERR_REDIRECT] 
2025-06-28 09:53:55,974 [ERROR] LogOutputStream:75 - [STDERR_REDIRECT] [Fatal Error] :1:1: Premature end of file.
2025-06-28 09:53:55,974 [ERROR] LogOutputStream:75 - [STDERR_REDIRECT] 
2025-06-28 09:53:56,979 [ERROR] LogOutputStream:75 - [STDERR_REDIRECT] [Fatal Error] :1:1: Premature end of file.
2025-06-28 09:53:56,979 [ERROR] LogOutputStream:75 - [STDERR_REDIRECT] 
2025-06-28 09:53:57,987 [ERROR] LogOutputStream:75 - [STDERR_REDIRECT] [Fatal Error] :1:1: Premature end of file.
2025-06-28 09:53:57,988 [ERROR] LogOutputStream:75 - [STDERR_REDIRECT] 
2025-06-28 09:53:58,989 [ERROR] LogOutputStream:75 - [STDERR_REDIRECT] [Fatal Error] :1:1: Premature end of file.
2025-06-28 09:53:58,990 [ERROR] LogOutputStream:75 - [STDERR_REDIRECT] 
2025-06-28 09:53:59,986 [ERROR] LogOutputStream:75 - [STDERR_REDIRECT] [Fatal Error] :1:1: Premature end of file.
2025-06-28 09:53:59,986 [ERROR] LogOutputStream:75 - [STDERR_REDIRECT] 
2025-06-28 09:54:00,988 [ERROR] LogOutputStream:75 - [STDERR_REDIRECT] [Fatal Error] :1:1: Premature end of file.
2025-06-28 09:54:00,988 [ERROR] LogOutputStream:75 - [STDERR_REDIRECT] 
2025-06-28 09:54:01,993 [ERROR] LogOutputStream:75 - [STDERR_REDIRECT] [Fatal Error] :1:1: Premature end of file.
2025-06-28 09:54:01,994 [ERROR] LogOutputStream:75 - [STDERR_REDIRECT] 
2025-06-28 09:54:02,990 [ERROR] LogOutputStream:75 - [STDERR_REDIRECT] [Fatal Error] :1:1: Premature end of file.
2025-06-28 09:54:02,990 [ERROR] LogOutputStream:75 - [STDERR_REDIRECT] 
2025-06-28 09:54:03,980 [ERROR] LogOutputStream:75 - [STDERR_REDIRECT] [Fatal Error] :1:1: Premature end of file.
2025-06-28 09:54:03,980 [ERROR] LogOutputStream:75 - [STDERR_REDIRECT] 
2025-06-28 09:54:04,969 [ERROR] LogOutputStream:75 - [STDERR_REDIRECT] [Fatal Error] :1:1: Premature end of file.
2025-06-28 09:54:04,969 [ERROR] LogOutputStream:75 - [STDERR_REDIRECT] 
2025-06-28 09:54:05,988 [ERROR] LogOutputStream:75 - [STDERR_REDIRECT] [Fatal Error] :1:1: Premature end of file.
2025-06-28 09:54:05,988 [ERROR] LogOutputStream:75 - [STDERR_REDIRECT] 
2025-06-28 09:54:06,986 [ERROR] LogOutputStream:75 - [STDERR_REDIRECT] [Fatal Error] :1:1: Premature end of file.
2025-06-28 09:54:06,986 [ERROR] LogOutputStream:75 - [STDERR_REDIRECT] 
2025-06-28 09:54:07,975 [ERROR] LogOutputStream:75 - [STDERR_REDIRECT] [Fatal Error] :1:1: Premature end of file.
2025-06-28 09:54:07,975 [ERROR] LogOutputStream:75 - [STDERR_REDIRECT] 
2025-06-28 09:54:08,971 [ERROR] LogOutputStream:75 - [STDERR_REDIRECT] [Fatal Error] :1:1: Premature end of file.
2025-06-28 09:54:08,971 [ERROR] LogOutputStream:75 - [STDERR_REDIRECT] 
2025-06-28 09:54:09,984 [ERROR] LogOutputStream:75 - [STDERR_REDIRECT] [Fatal Error] :1:1: Premature end of file.
2025-06-28 09:54:09,984 [ERROR] LogOutputStream:75 - [STDERR_REDIRECT] 
2025-06-28 09:54:10,955 [ERROR] LogOutputStream:75 - [STDERR_REDIRECT] [Fatal Error] :1:1: Premature end of file.
2025-06-28 09:54:10,955 [ERROR] LogOutputStream:75 - [STDERR_REDIRECT] 
2025-06-28 09:54:11,986 [ERROR] LogOutputStream:75 - [STDERR_REDIRECT] [Fatal Error] :1:1: Premature end of file.
2025-06-28 09:54:11,986 [ERROR] LogOutputStream:75 - [STDERR_REDIRECT] 
2025-06-28 09:54:13,009 [ERROR] LogOutputStream:75 - [STDERR_REDIRECT] [Fatal Error] :1:1: Premature end of file.
2025-06-28 09:54:13,009 [ERROR] LogOutputStream:75 - [STDERR_REDIRECT] 
2025-06-28 09:54:13,976 [ERROR] LogOutputStream:75 - [STDERR_REDIRECT] [Fatal Error] :1:1: Premature end of file.
2025-06-28 09:54:13,976 [ERROR] LogOutputStream:75 - [STDERR_REDIRECT] 
2025-06-28 09:54:15,002 [ERROR] LogOutputStream:75 - [STDERR_REDIRECT] [Fatal Error] :1:1: Premature end of file.
2025-06-28 09:54:15,003 [ERROR] LogOutputStream:75 - [STDERR_REDIRECT] 
2025-06-28 09:54:15,983 [ERROR] LogOutputStream:75 - [STDERR_REDIRECT] [Fatal Error] :1:1: Premature end of file.
2025-06-28 09:54:15,983 [ERROR] LogOutputStream:75 - [STDERR_REDIRECT] 
2025-06-28 09:54:16,983 [ERROR] LogOutputStream:75 - [STDERR_REDIRECT] [Fatal Error] :1:1: Premature end of file.
2025-06-28 09:54:16,983 [ERROR] LogOutputStream:75 - [STDERR_REDIRECT] 
2025-06-28 09:54:18,001 [ERROR] LogOutputStream:75 - [STDERR_REDIRECT] [Fatal Error] :1:1: Premature end of file.
2025-06-28 09:54:18,002 [ERROR] LogOutputStream:75 - [STDERR_REDIRECT] 
2025-06-28 09:54:18,984 [ERROR] LogOutputStream:75 - [STDERR_REDIRECT] [Fatal Error] :1:1: Premature end of file.
2025-06-28 09:54:18,984 [ERROR] LogOutputStream:75 - [STDERR_REDIRECT] 
2025-06-28 09:54:20,000 [ERROR] LogOutputStream:75 - [STDERR_REDIRECT] [Fatal Error] :1:1: Premature end of file.
2025-06-28 09:54:20,001 [ERROR] LogOutputStream:75 - [STDERR_REDIRECT] 
2025-06-28 09:54:20,984 [ERROR] LogOutputStream:75 - [STDERR_REDIRECT] [Fatal Error] :1:1: Premature end of file.
2025-06-28 09:54:20,985 [ERROR] LogOutputStream:75 - [STDERR_REDIRECT] 
2025-06-28 09:54:21,982 [ERROR] LogOutputStream:75 - [STDERR_REDIRECT] [Fatal Error] :1:1: Premature end of file.
2025-06-28 09:54:21,982 [ERROR] LogOutputStream:75 - [STDERR_REDIRECT] 
2025-06-28 09:54:22,995 [ERROR] LogOutputStream:75 - [STDERR_REDIRECT] [Fatal Error] :1:1: Premature end of file.
2025-06-28 09:54:22,995 [ERROR] LogOutputStream:75 - [STDERR_REDIRECT] 
2025-06-28 09:54:23,993 [ERROR] LogOutputStream:75 - [STDERR_REDIRECT] [Fatal Error] :1:1: Premature end of file.
2025-06-28 09:54:23,993 [ERROR] LogOutputStream:75 - [STDERR_REDIRECT] 
2025-06-28 09:54:24,981 [ERROR] LogOutputStream:75 - [STDERR_REDIRECT] [Fatal Error] :1:1: Premature end of file.
2025-06-28 09:54:24,981 [ERROR] LogOutputStream:75 - [STDERR_REDIRECT] 
2025-06-28 09:54:25,985 [ERROR] LogOutputStream:75 - [STDERR_REDIRECT] [Fatal Error] :1:1: Premature end of file.
2025-06-28 09:54:25,986 [ERROR] LogOutputStream:75 - [STDERR_REDIRECT] 
2025-06-28 09:54:26,984 [ERROR] LogOutputStream:75 - [STDERR_REDIRECT] [Fatal Error] :1:1: Premature end of file.
2025-06-28 09:54:26,984 [ERROR] LogOutputStream:75 - [STDERR_REDIRECT] 
2025-06-28 09:54:27,996 [ERROR] LogOutputStream:75 - [STDERR_REDIRECT] [Fatal Error] :1:1: Premature end of file.
2025-06-28 09:54:27,996 [ERROR] LogOutputStream:75 - [STDERR_REDIRECT] 
2025-06-28 09:54:28,988 [ERROR] LogOutputStream:75 - [STDERR_REDIRECT] [Fatal Error] :1:1: Premature end of file.
2025-06-28 09:54:28,989 [ERROR] LogOutputStream:75 - [STDERR_REDIRECT] 
2025-06-28 09:54:29,987 [ERROR] LogOutputStream:75 - [STDERR_REDIRECT] [Fatal Error] :1:1: Premature end of file.
2025-06-28 09:54:29,987 [ERROR] LogOutputStream:75 - [STDERR_REDIRECT] 
2025-06-28 09:54:30,981 [ERROR] LogOutputStream:75 - [STDERR_REDIRECT] [Fatal Error] :1:1: Premature end of file.
2025-06-28 09:54:30,981 [ERROR] LogOutputStream:75 - [STDERR_REDIRECT] 
2025-06-28 09:54:31,978 [ERROR] LogOutputStream:75 - [STDERR_REDIRECT] [Fatal Error] :1:1: Premature end of file.
2025-06-28 09:54:31,978 [ERROR] LogOutputStream:75 - [STDERR_REDIRECT] 
2025-06-28 09:54:32,969 [ERROR] LogOutputStream:75 - [STDERR_REDIRECT] [Fatal Error] :1:1: Premature end of file.
2025-06-28 09:54:32,969 [ERROR] LogOutputStream:75 - [STDERR_REDIRECT] 
2025-06-28 09:54:34,006 [ERROR] LogOutputStream:75 - [STDERR_REDIRECT] [Fatal Error] :1:1: Premature end of file.
2025-06-28 09:54:34,006 [ERROR] LogOutputStream:75 - [STDERR_REDIRECT] 
2025-06-28 09:54:35,000 [ERROR] LogOutputStream:75 - [STDERR_REDIRECT] [Fatal Error] :1:1: Premature end of file.
2025-06-28 09:54:35,001 [ERROR] LogOutputStream:75 - [STDERR_REDIRECT] 
2025-06-28 09:54:35,975 [ERROR] LogOutputStream:75 - [STDERR_REDIRECT] [Fatal Error] :1:1: Premature end of file.
2025-06-28 09:54:35,975 [ERROR] LogOutputStream:75 - [STDERR_REDIRECT] 
2025-06-28 09:54:36,993 [ERROR] LogOutputStream:75 - [STDERR_REDIRECT] [Fatal Error] :1:1: Premature end of file.
2025-06-28 09:54:36,993 [ERROR] LogOutputStream:75 - [STDERR_REDIRECT] 
2025-06-28 09:54:37,975 [ERROR] LogOutputStream:75 - [STDERR_REDIRECT] [Fatal Error] :1:1: Premature end of file.
2025-06-28 09:54:37,975 [ERROR] LogOutputStream:75 - [STDERR_REDIRECT] 
2025-06-28 09:54:38,950 [ERROR] LogOutputStream:75 - [STDERR_REDIRECT] [Fatal Error] :1:1: Premature end of file.
2025-06-28 09:54:38,950 [ERROR] LogOutputStream:75 - [STDERR_REDIRECT] 
2025-06-28 09:54:39,981 [ERROR] LogOutputStream:75 - [STDERR_REDIRECT] [Fatal Error] :1:1: Premature end of file.
2025-06-28 09:54:39,981 [ERROR] LogOutputStream:75 - [STDERR_REDIRECT] 
2025-06-28 09:54:40,978 [ERROR] LogOutputStream:75 - [STDERR_REDIRECT] [Fatal Error] :1:1: Premature end of file.
2025-06-28 09:54:40,978 [ERROR] LogOutputStream:75 - [STDERR_REDIRECT] 
2025-06-28 09:54:41,999 [ERROR] LogOutputStream:75 - [STDERR_REDIRECT] [Fatal Error] :1:1: Premature end of file.
2025-06-28 09:54:42,000 [ERROR] LogOutputStream:75 - [STDERR_REDIRECT] 
2025-06-28 09:54:42,991 [ERROR] LogOutputStream:75 - [STDERR_REDIRECT] [Fatal Error] :1:1: Premature end of file.
2025-06-28 09:54:42,991 [ERROR] LogOutputStream:75 - [STDERR_REDIRECT] 
2025-06-28 09:54:43,997 [ERROR] LogOutputStream:75 - [STDERR_REDIRECT] [Fatal Error] :1:1: Premature end of file.
2025-06-28 09:54:43,997 [ERROR] LogOutputStream:75 - [STDERR_REDIRECT] 
2025-06-28 09:54:44,995 [ERROR] LogOutputStream:75 - [STDERR_REDIRECT] [Fatal Error] :1:1: Premature end of file.
2025-06-28 09:54:44,995 [ERROR] LogOutputStream:75 - [STDERR_REDIRECT] 
2025-06-28 09:54:45,988 [ERROR] LogOutputStream:75 - [STDERR_REDIRECT] [Fatal Error] :1:1: Premature end of file.
2025-06-28 09:54:45,988 [ERROR] LogOutputStream:75 - [STDERR_REDIRECT] 
2025-06-28 09:54:46,994 [ERROR] LogOutputStream:75 - [STDERR_REDIRECT] [Fatal Error] :1:1: Premature end of file.
2025-06-28 09:54:46,994 [ERROR] LogOutputStream:75 - [STDERR_REDIRECT] 
2025-06-28 09:54:47,986 [ERROR] LogOutputStream:75 - [STDERR_REDIRECT] [Fatal Error] :1:1: Premature end of file.
2025-06-28 09:54:47,986 [ERROR] LogOutputStream:75 - [STDERR_REDIRECT] 
2025-06-28 09:54:48,999 [ERROR] LogOutputStream:75 - [STDERR_REDIRECT] [Fatal Error] :1:1: Premature end of file.
2025-06-28 09:54:49,000 [ERROR] LogOutputStream:75 - [STDERR_REDIRECT] 
2025-06-28 09:54:49,958 [ERROR] LogOutputStream:75 - [STDERR_REDIRECT] [Fatal Error] :1:1: Premature end of file.
2025-06-28 09:54:49,958 [ERROR] LogOutputStream:75 - [STDERR_REDIRECT] 
2025-06-28 09:54:50,996 [ERROR] LogOutputStream:75 - [STDERR_REDIRECT] [Fatal Error] :1:1: Premature end of file.
2025-06-28 09:54:50,996 [ERROR] LogOutputStream:75 - [STDERR_REDIRECT] 
2025-06-28 09:54:51,994 [ERROR] LogOutputStream:75 - [STDERR_REDIRECT] [Fatal Error] :1:1: Premature end of file.
2025-06-28 09:54:51,995 [ERROR] LogOutputStream:75 - [STDERR_REDIRECT] 
2025-06-28 09:54:52,996 [ERROR] LogOutputStream:75 - [STDERR_REDIRECT] [Fatal Error] :1:1: Premature end of file.
2025-06-28 09:54:52,996 [ERROR] LogOutputStream:75 - [STDERR_REDIRECT] 
2025-06-28 09:54:53,996 [ERROR] LogOutputStream:75 - [STDERR_REDIRECT] [Fatal Error] :1:1: Premature end of file.
2025-06-28 09:54:53,996 [ERROR] LogOutputStream:75 - [STDERR_REDIRECT] 
2025-06-28 09:54:54,977 [ERROR] LogOutputStream:75 - [STDERR_REDIRECT] [Fatal Error] :1:1: Premature end of file.
2025-06-28 09:54:54,977 [ERROR] LogOutputStream:75 - [STDERR_REDIRECT] 
2025-06-28 09:54:55,988 [ERROR] LogOutputStream:75 - [STDERR_REDIRECT] [Fatal Error] :1:1: Premature end of file.
2025-06-28 09:54:55,988 [ERROR] LogOutputStream:75 - [STDERR_REDIRECT] 
2025-06-28 09:54:56,996 [ERROR] LogOutputStream:75 - [STDERR_REDIRECT] [Fatal Error] :1:1: Premature end of file.
2025-06-28 09:54:56,996 [ERROR] LogOutputStream:75 - [STDERR_REDIRECT] 
2025-06-28 09:54:57,994 [ERROR] LogOutputStream:75 - [STDERR_REDIRECT] [Fatal Error] :1:1: Premature end of file.
2025-06-28 09:54:57,994 [ERROR] LogOutputStream:75 - [STDERR_REDIRECT] 
2025-06-28 09:54:58,981 [ERROR] LogOutputStream:75 - [STDERR_REDIRECT] [Fatal Error] :1:1: Premature end of file.
2025-06-28 09:54:58,981 [ERROR] LogOutputStream:75 - [STDERR_REDIRECT] 
2025-06-28 09:54:59,984 [ERROR] LogOutputStream:75 - [STDERR_REDIRECT] [Fatal Error] :1:1: Premature end of file.
2025-06-28 09:54:59,984 [ERROR] LogOutputStream:75 - [STDERR_REDIRECT] 
2025-06-28 09:55:00,992 [ERROR] LogOutputStream:75 - [STDERR_REDIRECT] [Fatal Error] :1:1: Premature end of file.
2025-06-28 09:55:00,992 [ERROR] LogOutputStream:75 - [STDERR_REDIRECT] 
2025-06-28 09:55:01,996 [ERROR] LogOutputStream:75 - [STDERR_REDIRECT] [Fatal Error] :1:1: Premature end of file.
2025-06-28 09:55:01,998 [ERROR] LogOutputStream:75 - [STDERR_REDIRECT] 
2025-06-28 09:55:02,991 [ERROR] LogOutputStream:75 - [STDERR_REDIRECT] [Fatal Error] :1:1: Premature end of file.
2025-06-28 09:55:02,992 [ERROR] LogOutputStream:75 - [STDERR_REDIRECT] 
2025-06-28 09:55:03,998 [ERROR] LogOutputStream:75 - [STDERR_REDIRECT] [Fatal Error] :1:1: Premature end of file.
2025-06-28 09:55:03,999 [ERROR] LogOutputStream:75 - [STDERR_REDIRECT] 
2025-06-28 09:55:04,984 [ERROR] LogOutputStream:75 - [STDERR_REDIRECT] [Fatal Error] :1:1: Premature end of file.
2025-06-28 09:55:04,985 [ERROR] LogOutputStream:75 - [STDERR_REDIRECT] 
2025-06-28 09:55:05,993 [ERROR] LogOutputStream:75 - [STDERR_REDIRECT] [Fatal Error] :1:1: Premature end of file.
2025-06-28 09:55:05,993 [ERROR] LogOutputStream:75 - [STDERR_REDIRECT] 
2025-06-28 09:55:06,978 [ERROR] LogOutputStream:75 - [STDERR_REDIRECT] [Fatal Error] :1:1: Premature end of file.
2025-06-28 09:55:06,978 [ERROR] LogOutputStream:75 - [STDERR_REDIRECT] 
2025-06-28 09:55:08,011 [ERROR] LogOutputStream:75 - [STDERR_REDIRECT] [Fatal Error] :1:1: Premature end of file.
2025-06-28 09:55:08,011 [ERROR] LogOutputStream:75 - [STDERR_REDIRECT] 
2025-06-28 09:55:08,989 [ERROR] LogOutputStream:75 - [STDERR_REDIRECT] [Fatal Error] :1:1: Premature end of file.
2025-06-28 09:55:08,989 [ERROR] LogOutputStream:75 - [STDERR_REDIRECT] 
2025-06-28 09:55:09,993 [ERROR] LogOutputStream:75 - [STDERR_REDIRECT] [Fatal Error] :1:1: Premature end of file.
2025-06-28 09:55:09,993 [ERROR] LogOutputStream:75 - [STDERR_REDIRECT] 
2025-06-28 09:55:10,966 [ERROR] LogOutputStream:75 - [STDERR_REDIRECT] [Fatal Error] :1:1: Premature end of file.
2025-06-28 09:55:10,966 [ERROR] LogOutputStream:75 - [STDERR_REDIRECT] 
2025-06-28 09:55:11,994 [ERROR] LogOutputStream:75 - [STDERR_REDIRECT] [Fatal Error] :1:1: Premature end of file.
2025-06-28 09:55:11,994 [ERROR] LogOutputStream:75 - [STDERR_REDIRECT] 
2025-06-28 09:55:12,972 [ERROR] LogOutputStream:75 - [STDERR_REDIRECT] [Fatal Error] :1:1: Premature end of file.
2025-06-28 09:55:12,972 [ERROR] LogOutputStream:75 - [STDERR_REDIRECT] 
2025-06-28 09:55:13,989 [ERROR] LogOutputStream:75 - [STDERR_REDIRECT] [Fatal Error] :1:1: Premature end of file.
2025-06-28 09:55:13,989 [ERROR] LogOutputStream:75 - [STDERR_REDIRECT] 
2025-06-28 09:55:14,976 [ERROR] LogOutputStream:75 - [STDERR_REDIRECT] [Fatal Error] :1:1: Premature end of file.
2025-06-28 09:55:14,977 [ERROR] LogOutputStream:75 - [STDERR_REDIRECT] 
2025-06-28 09:55:15,993 [ERROR] LogOutputStream:75 - [STDERR_REDIRECT] [Fatal Error] :1:1: Premature end of file.
2025-06-28 09:55:15,993 [ERROR] LogOutputStream:75 - [STDERR_REDIRECT] 
2025-06-28 09:55:16,993 [ERROR] LogOutputStream:75 - [STDERR_REDIRECT] [Fatal Error] :1:1: Premature end of file.
2025-06-28 09:55:16,993 [ERROR] LogOutputStream:75 - [STDERR_REDIRECT] 
2025-06-28 09:55:17,981 [ERROR] LogOutputStream:75 - [STDERR_REDIRECT] [Fatal Error] :1:1: Premature end of file.
2025-06-28 09:55:17,982 [ERROR] LogOutputStream:75 - [STDERR_REDIRECT] 
2025-06-28 09:55:18,993 [ERROR] LogOutputStream:75 - [STDERR_REDIRECT] [Fatal Error] :1:1: Premature end of file.
2025-06-28 09:55:18,993 [ERROR] LogOutputStream:75 - [STDERR_REDIRECT] 
2025-06-28 09:55:19,988 [ERROR] LogOutputStream:75 - [STDERR_REDIRECT] [Fatal Error] :1:1: Premature end of file.
2025-06-28 09:55:19,988 [ERROR] LogOutputStream:75 - [STDERR_REDIRECT] 
2025-06-28 09:55:20,986 [ERROR] LogOutputStream:75 - [STDERR_REDIRECT] [Fatal Error] :1:1: Premature end of file.
2025-06-28 09:55:20,986 [ERROR] LogOutputStream:75 - [STDERR_REDIRECT] 
2025-06-28 09:55:21,971 [ERROR] LogOutputStream:75 - [STDERR_REDIRECT] [Fatal Error] :1:1: Premature end of file.
2025-06-28 09:55:21,972 [ERROR] LogOutputStream:75 - [STDERR_REDIRECT] 
2025-06-28 09:55:22,997 [ERROR] LogOutputStream:75 - [STDERR_REDIRECT] [Fatal Error] :1:1: Premature end of file.
2025-06-28 09:55:22,997 [ERROR] LogOutputStream:75 - [STDERR_REDIRECT] 
2025-06-28 09:55:23,988 [ERROR] LogOutputStream:75 - [STDERR_REDIRECT] [Fatal Error] :1:1: Premature end of file.
2025-06-28 09:55:23,988 [ERROR] LogOutputStream:75 - [STDERR_REDIRECT] 
2025-06-28 09:55:24,957 [ERROR] LogOutputStream:75 - [STDERR_REDIRECT] [Fatal Error] :1:1: Premature end of file.
2025-06-28 09:55:24,958 [ERROR] LogOutputStream:75 - [STDERR_REDIRECT] 
2025-06-28 09:55:25,986 [ERROR] LogOutputStream:75 - [STDERR_REDIRECT] [Fatal Error] :1:1: Premature end of file.
2025-06-28 09:55:25,986 [ERROR] LogOutputStream:75 - [STDERR_REDIRECT] 
2025-06-28 09:55:26,995 [ERROR] LogOutputStream:75 - [STDERR_REDIRECT] [Fatal Error] :1:1: Premature end of file.
2025-06-28 09:55:26,995 [ERROR] LogOutputStream:75 - [STDERR_REDIRECT] 
2025-06-28 09:55:27,993 [ERROR] LogOutputStream:75 - [STDERR_REDIRECT] [Fatal Error] :1:1: Premature end of file.
2025-06-28 09:55:27,993 [ERROR] LogOutputStream:75 - [STDERR_REDIRECT] 
2025-06-28 09:55:29,002 [ERROR] LogOutputStream:75 - [STDERR_REDIRECT] [Fatal Error] :1:1: Premature end of file.
2025-06-28 09:55:29,002 [ERROR] LogOutputStream:75 - [STDERR_REDIRECT] 
2025-06-28 09:55:29,977 [ERROR] LogOutputStream:75 - [STDERR_REDIRECT] [Fatal Error] :1:1: Premature end of file.
2025-06-28 09:55:29,977 [ERROR] LogOutputStream:75 - [STDERR_REDIRECT] 
2025-06-28 09:55:30,986 [ERROR] LogOutputStream:75 - [STDERR_REDIRECT] [Fatal Error] :1:1: Premature end of file.
2025-06-28 09:55:30,987 [ERROR] LogOutputStream:75 - [STDERR_REDIRECT] 
2025-06-28 09:55:31,992 [ERROR] LogOutputStream:75 - [STDERR_REDIRECT] [Fatal Error] :1:1: Premature end of file.
2025-06-28 09:55:31,993 [ERROR] LogOutputStream:75 - [STDERR_REDIRECT] 
2025-06-28 09:55:32,988 [ERROR] LogOutputStream:75 - [STDERR_REDIRECT] [Fatal Error] :1:1: Premature end of file.
2025-06-28 09:55:32,988 [ERROR] LogOutputStream:75 - [STDERR_REDIRECT] 
2025-06-28 09:55:33,992 [ERROR] LogOutputStream:75 - [STDERR_REDIRECT] [Fatal Error] :1:1: Premature end of file.
2025-06-28 09:55:33,992 [ERROR] LogOutputStream:75 - [STDERR_REDIRECT] 
2025-06-28 09:55:34,984 [ERROR] LogOutputStream:75 - [STDERR_REDIRECT] [Fatal Error] :1:1: Premature end of file.
2025-06-28 09:55:34,984 [ERROR] LogOutputStream:75 - [STDERR_REDIRECT] 
2025-06-28 09:55:35,989 [ERROR] LogOutputStream:75 - [STDERR_REDIRECT] [Fatal Error] :1:1: Premature end of file.
2025-06-28 09:55:35,989 [ERROR] LogOutputStream:75 - [STDERR_REDIRECT] 
2025-06-28 09:55:36,985 [ERROR] LogOutputStream:75 - [STDERR_REDIRECT] [Fatal Error] :1:1: Premature end of file.
2025-06-28 09:55:36,986 [ERROR] LogOutputStream:75 - [STDERR_REDIRECT] 
2025-06-28 09:55:37,989 [ERROR] LogOutputStream:75 - [STDERR_REDIRECT] [Fatal Error] :1:1: Premature end of file.
2025-06-28 09:55:37,989 [ERROR] LogOutputStream:75 - [STDERR_REDIRECT] 
2025-06-28 09:55:38,990 [ERROR] LogOutputStream:75 - [STDERR_REDIRECT] [Fatal Error] :1:1: Premature end of file.
2025-06-28 09:55:38,990 [ERROR] LogOutputStream:75 - [STDERR_REDIRECT] 
2025-06-28 09:55:39,987 [ERROR] LogOutputStream:75 - [STDERR_REDIRECT] [Fatal Error] :1:1: Premature end of file.
2025-06-28 09:55:39,987 [ERROR] LogOutputStream:75 - [STDERR_REDIRECT] 
2025-06-28 09:55:40,971 [ERROR] LogOutputStream:75 - [STDERR_REDIRECT] [Fatal Error] :1:1: Premature end of file.
2025-06-28 09:55:40,971 [ERROR] LogOutputStream:75 - [STDERR_REDIRECT] 
2025-06-28 09:55:41,986 [ERROR] LogOutputStream:75 - [STDERR_REDIRECT] [Fatal Error] :1:1: Premature end of file.
2025-06-28 09:55:41,986 [ERROR] LogOutputStream:75 - [STDERR_REDIRECT] 
2025-06-28 09:55:42,982 [ERROR] LogOutputStream:75 - [STDERR_REDIRECT] [Fatal Error] :1:1: Premature end of file.
2025-06-28 09:55:42,982 [ERROR] LogOutputStream:75 - [STDERR_REDIRECT] 
2025-06-28 09:55:43,992 [ERROR] LogOutputStream:75 - [STDERR_REDIRECT] [Fatal Error] :1:1: Premature end of file.
2025-06-28 09:55:43,993 [ERROR] LogOutputStream:75 - [STDERR_REDIRECT] 
2025-06-28 09:55:44,983 [ERROR] LogOutputStream:75 - [STDERR_REDIRECT] [Fatal Error] :1:1: Premature end of file.
2025-06-28 09:55:44,983 [ERROR] LogOutputStream:75 - [STDERR_REDIRECT] 
2025-06-28 09:55:45,990 [ERROR] LogOutputStream:75 - [STDERR_REDIRECT] [Fatal Error] :1:1: Premature end of file.
2025-06-28 09:55:45,990 [ERROR] LogOutputStream:75 - [STDERR_REDIRECT] 
2025-06-28 09:55:46,979 [ERROR] LogOutputStream:75 - [STDERR_REDIRECT] [Fatal Error] :1:1: Premature end of file.
2025-06-28 09:55:46,980 [ERROR] LogOutputStream:75 - [STDERR_REDIRECT] 
2025-06-28 09:55:48,001 [ERROR] LogOutputStream:75 - [STDERR_REDIRECT] [Fatal Error] :1:1: Premature end of file.
2025-06-28 09:55:48,001 [ERROR] LogOutputStream:75 - [STDERR_REDIRECT] 
2025-06-28 09:55:48,996 [ERROR] LogOutputStream:75 - [STDERR_REDIRECT] [Fatal Error] :1:1: Premature end of file.
2025-06-28 09:55:48,996 [ERROR] LogOutputStream:75 - [STDERR_REDIRECT] 
2025-06-28 09:55:49,994 [ERROR] LogOutputStream:75 - [STDERR_REDIRECT] [Fatal Error] :1:1: Premature end of file.
2025-06-28 09:55:49,994 [ERROR] LogOutputStream:75 - [STDERR_REDIRECT] 
2025-06-28 09:55:50,980 [ERROR] LogOutputStream:75 - [STDERR_REDIRECT] [Fatal Error] :1:1: Premature end of file.
2025-06-28 09:55:50,981 [ERROR] LogOutputStream:75 - [STDERR_REDIRECT] 
2025-06-28 09:55:51,990 [ERROR] LogOutputStream:75 - [STDERR_REDIRECT] [Fatal Error] :1:1: Premature end of file.
2025-06-28 09:55:51,991 [ERROR] LogOutputStream:75 - [STDERR_REDIRECT] 
2025-06-28 09:55:52,993 [ERROR] LogOutputStream:75 - [STDERR_REDIRECT] [Fatal Error] :1:1: Premature end of file.
2025-06-28 09:55:52,994 [ERROR] LogOutputStream:75 - [STDERR_REDIRECT] 
2025-06-28 09:55:53,982 [ERROR] LogOutputStream:75 - [STDERR_REDIRECT] [Fatal Error] :1:1: Premature end of file.
2025-06-28 09:55:53,982 [ERROR] LogOutputStream:75 - [STDERR_REDIRECT] 
2025-06-28 09:55:54,986 [ERROR] LogOutputStream:75 - [STDERR_REDIRECT] [Fatal Error] :1:1: Premature end of file.
2025-06-28 09:55:54,986 [ERROR] LogOutputStream:75 - [STDERR_REDIRECT] 
2025-06-28 09:55:55,987 [ERROR] LogOutputStream:75 - [STDERR_REDIRECT] [Fatal Error] :1:1: Premature end of file.
2025-06-28 09:55:55,987 [ERROR] LogOutputStream:75 - [STDERR_REDIRECT] 
2025-06-28 09:55:56,979 [ERROR] LogOutputStream:75 - [STDERR_REDIRECT] [Fatal Error] :1:1: Premature end of file.
2025-06-28 09:55:56,980 [ERROR] LogOutputStream:75 - [STDERR_REDIRECT] 
2025-06-28 09:55:57,993 [ERROR] LogOutputStream:75 - [STDERR_REDIRECT] [Fatal Error] :1:1: Premature end of file.
2025-06-28 09:55:57,994 [ERROR] LogOutputStream:75 - [STDERR_REDIRECT] 
2025-06-28 09:55:58,989 [ERROR] LogOutputStream:75 - [STDERR_REDIRECT] [Fatal Error] :1:1: Premature end of file.
2025-06-28 09:55:58,989 [ERROR] LogOutputStream:75 - [STDERR_REDIRECT] 
2025-06-28 09:55:59,977 [ERROR] LogOutputStream:75 - [STDERR_REDIRECT] [Fatal Error] :1:1: Premature end of file.
2025-06-28 09:55:59,977 [ERROR] LogOutputStream:75 - [STDERR_REDIRECT] 
2025-06-28 09:56:00,990 [ERROR] LogOutputStream:75 - [STDERR_REDIRECT] [Fatal Error] :1:1: Premature end of file.
2025-06-28 09:56:00,990 [ERROR] LogOutputStream:75 - [STDERR_REDIRECT] 
2025-06-28 09:56:01,981 [ERROR] LogOutputStream:75 - [STDERR_REDIRECT] [Fatal Error] :1:1: Premature end of file.
2025-06-28 09:56:01,981 [ERROR] LogOutputStream:75 - [STDERR_REDIRECT] 
2025-06-28 09:56:02,981 [ERROR] LogOutputStream:75 - [STDERR_REDIRECT] [Fatal Error] :1:1: Premature end of file.
2025-06-28 09:56:02,981 [ERROR] LogOutputStream:75 - [STDERR_REDIRECT] 
2025-06-28 09:56:03,987 [ERROR] LogOutputStream:75 - [STDERR_REDIRECT] [Fatal Error] :1:1: Premature end of file.
2025-06-28 09:56:03,987 [ERROR] LogOutputStream:75 - [STDERR_REDIRECT] 
2025-06-28 09:56:04,981 [ERROR] LogOutputStream:75 - [STDERR_REDIRECT] [Fatal Error] :1:1: Premature end of file.
2025-06-28 09:56:04,981 [ERROR] LogOutputStream:75 - [STDERR_REDIRECT] 
2025-06-28 09:56:05,980 [ERROR] LogOutputStream:75 - [STDERR_REDIRECT] [Fatal Error] :1:1: Premature end of file.
2025-06-28 09:56:05,981 [ERROR] LogOutputStream:75 - [STDERR_REDIRECT] 
2025-06-28 09:56:06,983 [ERROR] LogOutputStream:75 - [STDERR_REDIRECT] [Fatal Error] :1:1: Premature end of file.
2025-06-28 09:56:06,983 [ERROR] LogOutputStream:75 - [STDERR_REDIRECT] 
2025-06-28 09:56:07,993 [ERROR] LogOutputStream:75 - [STDERR_REDIRECT] [Fatal Error] :1:1: Premature end of file.
2025-06-28 09:56:07,993 [ERROR] LogOutputStream:75 - [STDERR_REDIRECT] 
2025-06-28 09:56:08,988 [ERROR] LogOutputStream:75 - [STDERR_REDIRECT] [Fatal Error] :1:1: Premature end of file.
2025-06-28 09:56:08,988 [ERROR] LogOutputStream:75 - [STDERR_REDIRECT] 
2025-06-28 09:56:09,988 [ERROR] LogOutputStream:75 - [STDERR_REDIRECT] [Fatal Error] :1:1: Premature end of file.
2025-06-28 09:56:09,988 [ERROR] LogOutputStream:75 - [STDERR_REDIRECT] 
2025-06-28 09:56:10,976 [ERROR] LogOutputStream:75 - [STDERR_REDIRECT] [Fatal Error] :1:1: Premature end of file.
2025-06-28 09:56:10,976 [ERROR] LogOutputStream:75 - [STDERR_REDIRECT] 
2025-06-28 09:56:11,985 [ERROR] LogOutputStream:75 - [STDERR_REDIRECT] [Fatal Error] :1:1: Premature end of file.
2025-06-28 09:56:11,986 [ERROR] LogOutputStream:75 - [STDERR_REDIRECT] 
2025-06-28 09:56:12,983 [ERROR] LogOutputStream:75 - [STDERR_REDIRECT] [Fatal Error] :1:1: Premature end of file.
2025-06-28 09:56:12,984 [ERROR] LogOutputStream:75 - [STDERR_REDIRECT] 
2025-06-28 09:56:13,988 [ERROR] LogOutputStream:75 - [STDERR_REDIRECT] [Fatal Error] :1:1: Premature end of file.
2025-06-28 09:56:13,989 [ERROR] LogOutputStream:75 - [STDERR_REDIRECT] 
2025-06-28 09:56:14,991 [ERROR] LogOutputStream:75 - [STDERR_REDIRECT] [Fatal Error] :1:1: Premature end of file.
2025-06-28 09:56:14,991 [ERROR] LogOutputStream:75 - [STDERR_REDIRECT] 
2025-06-28 09:56:15,989 [ERROR] LogOutputStream:75 - [STDERR_REDIRECT] [Fatal Error] :1:1: Premature end of file.
2025-06-28 09:56:15,990 [ERROR] LogOutputStream:75 - [STDERR_REDIRECT] 
2025-06-28 09:56:16,975 [ERROR] LogOutputStream:75 - [STDERR_REDIRECT] [Fatal Error] :1:1: Premature end of file.
2025-06-28 09:56:16,976 [ERROR] LogOutputStream:75 - [STDERR_REDIRECT] 
2025-06-28 09:56:17,983 [ERROR] LogOutputStream:75 - [STDERR_REDIRECT] [Fatal Error] :1:1: Premature end of file.
2025-06-28 09:56:17,984 [ERROR] LogOutputStream:75 - [STDERR_REDIRECT] 
2025-06-28 09:56:18,989 [ERROR] LogOutputStream:75 - [STDERR_REDIRECT] [Fatal Error] :1:1: Premature end of file.
2025-06-28 09:56:18,989 [ERROR] LogOutputStream:75 - [STDERR_REDIRECT] 
2025-06-28 09:56:19,981 [ERROR] LogOutputStream:75 - [STDERR_REDIRECT] [Fatal Error] :1:1: Premature end of file.
2025-06-28 09:56:19,981 [ERROR] LogOutputStream:75 - [STDERR_REDIRECT] 
2025-06-28 09:56:20,988 [ERROR] LogOutputStream:75 - [STDERR_REDIRECT] [Fatal Error] :1:1: Premature end of file.
2025-06-28 09:56:20,988 [ERROR] LogOutputStream:75 - [STDERR_REDIRECT] 
2025-06-28 09:56:21,991 [ERROR] LogOutputStream:75 - [STDERR_REDIRECT] [Fatal Error] :1:1: Premature end of file.
2025-06-28 09:56:21,992 [ERROR] LogOutputStream:75 - [STDERR_REDIRECT] 
2025-06-28 09:56:22,998 [ERROR] LogOutputStream:75 - [STDERR_REDIRECT] [Fatal Error] :1:1: Premature end of file.
2025-06-28 09:56:22,999 [ERROR] LogOutputStream:75 - [STDERR_REDIRECT] 
2025-06-28 09:56:23,999 [ERROR] LogOutputStream:75 - [STDERR_REDIRECT] [Fatal Error] :1:1: Premature end of file.
2025-06-28 09:56:23,999 [ERROR] LogOutputStream:75 - [STDERR_REDIRECT] 
2025-06-28 09:56:24,990 [ERROR] LogOutputStream:75 - [STDERR_REDIRECT] [Fatal Error] :1:1: Premature end of file.
2025-06-28 09:56:24,990 [ERROR] LogOutputStream:75 - [STDERR_REDIRECT] 
2025-06-28 09:56:25,993 [ERROR] LogOutputStream:75 - [STDERR_REDIRECT] [Fatal Error] :1:1: Premature end of file.
2025-06-28 09:56:25,993 [ERROR] LogOutputStream:75 - [STDERR_REDIRECT] 
2025-06-28 09:56:26,991 [ERROR] LogOutputStream:75 - [STDERR_REDIRECT] [Fatal Error] :1:1: Premature end of file.
2025-06-28 09:56:26,991 [ERROR] LogOutputStream:75 - [STDERR_REDIRECT] 
2025-06-28 09:56:27,994 [ERROR] LogOutputStream:75 - [STDERR_REDIRECT] [Fatal Error] :1:1: Premature end of file.
2025-06-28 09:56:27,994 [ERROR] LogOutputStream:75 - [STDERR_REDIRECT] 
2025-06-28 09:56:28,991 [ERROR] LogOutputStream:75 - [STDERR_REDIRECT] [Fatal Error] :1:1: Premature end of file.
2025-06-28 09:56:28,991 [ERROR] LogOutputStream:75 - [STDERR_REDIRECT] 
2025-06-28 09:56:29,995 [ERROR] LogOutputStream:75 - [STDERR_REDIRECT] [Fatal Error] :1:1: Premature end of file.
2025-06-28 09:56:29,995 [ERROR] LogOutputStream:75 - [STDERR_REDIRECT] 
2025-06-28 09:56:31,015 [ERROR] LogOutputStream:75 - [STDERR_REDIRECT] [Fatal Error] :1:1: Premature end of file.
2025-06-28 09:56:31,015 [ERROR] LogOutputStream:75 - [STDERR_REDIRECT] 
2025-06-28 09:56:31,986 [ERROR] LogOutputStream:75 - [STDERR_REDIRECT] [Fatal Error] :1:1: Premature end of file.
2025-06-28 09:56:31,986 [ERROR] LogOutputStream:75 - [STDERR_REDIRECT] 
2025-06-28 09:56:33,004 [ERROR] LogOutputStream:75 - [STDERR_REDIRECT] [Fatal Error] :1:1: Premature end of file.
2025-06-28 09:56:33,004 [ERROR] LogOutputStream:75 - [STDERR_REDIRECT] 
2025-06-28 09:56:33,987 [ERROR] LogOutputStream:75 - [STDERR_REDIRECT] [Fatal Error] :1:1: Premature end of file.
2025-06-28 09:56:33,987 [ERROR] LogOutputStream:75 - [STDERR_REDIRECT] 
2025-06-28 09:56:35,007 [ERROR] LogOutputStream:75 - [STDERR_REDIRECT] [Fatal Error] :1:1: Premature end of file.
2025-06-28 09:56:35,009 [ERROR] LogOutputStream:75 - [STDERR_REDIRECT] 
2025-06-28 09:56:35,990 [ERROR] LogOutputStream:75 - [STDERR_REDIRECT] [Fatal Error] :1:1: Premature end of file.
2025-06-28 09:56:35,990 [ERROR] LogOutputStream:75 - [STDERR_REDIRECT] 
2025-06-28 09:56:36,985 [ERROR] LogOutputStream:75 - [STDERR_REDIRECT] [Fatal Error] :1:1: Premature end of file.
2025-06-28 09:56:36,985 [ERROR] LogOutputStream:75 - [STDERR_REDIRECT] 
2025-06-28 09:56:37,981 [ERROR] LogOutputStream:75 - [STDERR_REDIRECT] [Fatal Error] :1:1: Premature end of file.
2025-06-28 09:56:37,981 [ERROR] LogOutputStream:75 - [STDERR_REDIRECT] 
2025-06-28 09:56:38,987 [ERROR] LogOutputStream:75 - [STDERR_REDIRECT] [Fatal Error] :1:1: Premature end of file.
2025-06-28 09:56:38,987 [ERROR] LogOutputStream:75 - [STDERR_REDIRECT] 
2025-06-28 09:56:39,983 [ERROR] LogOutputStream:75 - [STDERR_REDIRECT] [Fatal Error] :1:1: Premature end of file.
2025-06-28 09:56:39,983 [ERROR] LogOutputStream:75 - [STDERR_REDIRECT] 
2025-06-28 09:56:40,974 [ERROR] LogOutputStream:75 - [STDERR_REDIRECT] [Fatal Error] :1:1: Premature end of file.
2025-06-28 09:56:40,974 [ERROR] LogOutputStream:75 - [STDERR_REDIRECT] 
2025-06-28 09:56:41,982 [ERROR] LogOutputStream:75 - [STDERR_REDIRECT] [Fatal Error] :1:1: Premature end of file.
2025-06-28 09:56:41,982 [ERROR] LogOutputStream:75 - [STDERR_REDIRECT] 
2025-06-28 09:56:42,987 [ERROR] LogOutputStream:75 - [STDERR_REDIRECT] [Fatal Error] :1:1: Premature end of file.
2025-06-28 09:56:42,987 [ERROR] LogOutputStream:75 - [STDERR_REDIRECT] 
2025-06-28 09:56:43,974 [ERROR] LogOutputStream:75 - [STDERR_REDIRECT] [Fatal Error] :1:1: Premature end of file.
2025-06-28 09:56:43,974 [ERROR] LogOutputStream:75 - [STDERR_REDIRECT] 
2025-06-28 09:56:44,223 [INFO] WebApp:403 - JxBrowser engine has been closed 
2025-06-28 09:56:44,926 [ERROR] LogOutputStream:75 - [STDERR_REDIRECT] [Fatal Error] :1:1: Premature end of file.
2025-06-28 09:56:44,926 [ERROR] LogOutputStream:75 - [STDERR_REDIRECT] 
2025-06-28 09:56:45,939 [ERROR] LogOutputStream:75 - [STDERR_REDIRECT] [Fatal Error] :1:1: Premature end of file.
2025-06-28 09:56:45,939 [ERROR] LogOutputStream:75 - [STDERR_REDIRECT] 
2025-06-28 09:56:46,926 [ERROR] LogOutputStream:75 - [STDERR_REDIRECT] [Fatal Error] :1:1: Premature end of file.
2025-06-28 09:56:46,926 [ERROR] LogOutputStream:75 - [STDERR_REDIRECT] 
2025-06-28 09:56:47,925 [ERROR] LogOutputStream:75 - [STDERR_REDIRECT] [Fatal Error] :1:1: Premature end of file.
2025-06-28 09:56:47,925 [ERROR] LogOutputStream:75 - [STDERR_REDIRECT] 
2025-06-28 09:56:48,856 [ERROR] LogOutputStream:75 - [STDERR_REDIRECT] 
2025-06-28 09:56:48,856 [ERROR] LogOutputStream:75 - [STDERR_REDIRECT] 
2025-06-28 14:23:59,364 [INFO] Activator:176 - 


2025-06-28 14:23:59,367 [INFO] Activator:177 - !SESSION log4j initialized
2025-06-28 14:24:06,226 [INFO] LogOutputStream:77 - [STDOUT_REDIRECT] 
